{"type":"FeatureCollection","features":[{"type":"Feature","id":"0505320","properties":{"name":"Bentonville","land_sqmi":35.44,"lat":36.3478,"lon":-94.2404},"geometry":{"type":"MultiPolygon","coordinates":[[[[-94.2499,36.3162],[-94.2455,36.3162],[-94.2455,36.3144],[-94.25,36.3144],[-94.2499,36.3162]]],[[[-94.286,36.3042],[-94.2816,36.3041],[-94.2805,36.3046],[-94.2771,36.304],[-94.2772,36.3004],[-94.2815,36.3004],[-94.2858,36.3009],[-94.286,36.3038],[-94.286,36.3042]]],[[[-94.3262,36.3048],[-94.3219,36.3048],[-94.3217,36.312],[-94.3083,36.3118],[-94.3082,36.3154],[-94.3171,36.3156],[-94.317,36.3228],[-94.3215,36.3229],[-94.3213,36.3301],[-94.3212,36.3356],[-94.3179,36.3355],[-94.3178,36.3373],[-94.3167,36.3373],[-94.3168,36.3301],[-94.3078,36.3299],[-94.3077,36.3354],[-94.3122,36.3354],[-94.3122,36.3372],[-94.3144,36.3372],[-94.3143,36.3445],[-94.303,36.3444],[-94.3009,36.3443],[-94.3009,36.3407],[-94.3032,36.3407],[-94.3076,36.3408],[-94.3077,36.3391],[-94.3032,36.339],[-94.3032,36.3386],[-94.3002,36.3386],[-94.2999,36.3355],[-94.2971,36.3355],[-94.2971,36.3334],[-94.2944,36.3333],[-94.2943,36.3369],[-94.2897,36.3369],[-94.2897,36.3405],[-94.2852,36.3404],[-94.2775,36.3403],[-94.277,36.3386],[-94.2764,36.3355],[-94.2719,36.3354],[-94.2738,36.3355],[-94.2738,36.3366],[-94.2719,36.3365],[-94.2718,36.3394],[-94.2693,36.3393],[-94.2693,36.3365],[-94.2675,36.3365],[-94.2674,36.3401],[-94.2625,36.34],[-94.254,36.3399],[-94.2539,36.3429],[-94.2538,36.3441],[-94.2538,36.3451],[-94.2538,36.3471],[-94.2448,36.347],[-94.2447,36.3506],[-94.2504,36.3507],[-94.2514,36.3485],[-94.2514,36.3525],[-94.2536,36.3525],[-94.2536,36.3561],[-94.2527,36.3561],[-94.2527,36.3578],[-94.2517,36.3578],[-94.2517,36.3555],[-94.2484,36.356],[-94.2483,36.3577],[-94.2444,36.3577],[-94.2458,36.3596],[-94.2489,36.359],[-94.2489,36.3577],[-94.251,36.3578],[-94.251,36.3579],[-94.2508,36.3579],[-94.2507,36.3591],[-94.2509,36.3591],[-94.2538,36.3593],[-94.2538,36.3578],[-94.2579,36.3579],[-94.2628,36.358],[-94.2624,36.3616],[-94.2713,36.3618],[-94.2712,36.3654],[-94.2756,36.3655],[-94.2756,36.3677],[-94.2756,36.3685],[-94.2709,36.3668],[-94.2689,36.3697],[-94.271,36.3716],[-94.2665,36.3715],[-94.2665,36.3726],[-94.264,36.3726],[-94.2636,36.3718],[-94.2634,36.3708],[-94.2635,36.3689],[-94.262,36.3695],[-94.2614,36.3694],[-94.2614,36.3701],[-94.2621,36.3701],[-94.2635,36.3726],[-94.2596,36.3725],[-94.2596,36.3743],[-94.2575,36.3743],[-94.2574,36.376],[-94.2529,36.376],[-94.2529,36.3796],[-94.2528,36.3822],[-94.2483,36.3822],[-94.2484,36.3787],[-94.2459,36.3788],[-94.2458,36.3783],[-94.244,36.3783],[-94.2439,36.3799],[-94.2458,36.3798],[-94.2454,36.3812],[-94.2416,36.3811],[-94.2416,36.3829],[-94.2453,36.383],[-94.2448,36.3833],[-94.246,36.3842],[-94.2459,36.3867],[-94.2445,36.3866],[-94.2443,36.3889],[-94.2451,36.3889],[-94.245,36.3909],[-94.2436,36.3908],[-94.2435,36.3939],[-94.2391,36.3938],[-94.2389,36.3974],[-94.2371,36.3987],[-94.2353,36.3987],[-94.2339,36.3937],[-94.2357,36.3896],[-94.2347,36.3886],[-94.2362,36.3844],[-94.2348,36.384],[-94.2349,36.3792],[-94.2332,36.3792],[-94.2305,36.3791],[-94.2302,36.3869],[-94.2308,36.3871],[-94.2322,36.3913],[-94.2302,36.3918],[-94.23,36.3972],[-94.2277,36.3971],[-94.2276,36.4007],[-94.2254,36.4007],[-94.2253,36.4043],[-94.2267,36.4043],[-94.2253,36.4056],[-94.2252,36.4083],[-94.223,36.4083],[-94.2252,36.409],[-94.225,36.4145],[-94.2279,36.4153],[-94.2279,36.4143],[-94.2294,36.4143],[-94.2295,36.4143],[-94.2296,36.411],[-94.2311,36.4117],[-94.2352,36.4118],[-94.2357,36.4103],[-94.2341,36.4096],[-94.234,36.4081],[-94.2386,36.4083],[-94.2385,36.4101],[-94.2404,36.4119],[-94.2474,36.4121],[-94.2474,36.414],[-94.2484,36.4137],[-94.2487,36.4142],[-94.249,36.4157],[-94.2475,36.4157],[-94.2338,36.4154],[-94.2336,36.4227],[-94.2235,36.4225],[-94.2234,36.4221],[-94.2238,36.422],[-94.2232,36.4207],[-94.2229,36.4188],[-94.2227,36.4188],[-94.2218,36.4199],[-94.2228,36.4229],[-94.2214,36.4234],[-94.2227,36.4247],[-94.2253,36.4253],[-94.2263,36.4262],[-94.2308,36.429],[-94.2329,36.4327],[-94.2335,36.4338],[-94.2342,36.4348],[-94.2358,36.4369],[-94.236,36.4371],[-94.2362,36.4387],[-94.2342,36.4389],[-94.2335,36.4363],[-94.2315,36.4373],[-94.2295,36.4354],[-94.2305,36.4334],[-94.2289,36.4327],[-94.229,36.4338],[-94.2286,36.4316],[-94.2253,36.4288],[-94.2202,36.4265],[-94.2223,36.4248],[-94.2212,36.4235],[-94.2201,36.4238],[-94.2179,36.4242],[-94.2172,36.4212],[-94.2147,36.4187],[-94.2135,36.4187],[-94.2135,36.4151],[-94.209,36.4149],[-94.209,36.4171],[-94.2076,36.4161],[-94.2056,36.4163],[-94.2029,36.4151],[-94.2,36.4148],[-94.2003,36.4053],[-94.1983,36.4043],[-94.2013,36.402],[-94.2013,36.4003],[-94.2004,36.4003],[-94.2006,36.3945],[-94.1966,36.3943],[-94.196,36.3978],[-94.1914,36.3977],[-94.1916,36.3928],[-94.1877,36.3931],[-94.1841,36.3927],[-94.184,36.3891],[-94.1837,36.3884],[-94.1831,36.3873],[-94.1794,36.384],[-94.179,36.3841],[-94.1788,36.3845],[-94.1817,36.3868],[-94.1831,36.3891],[-94.1781,36.389],[-94.178,36.3944],[-94.1825,36.394],[-94.1833,36.3963],[-94.1846,36.3995],[-94.1865,36.4009],[-94.1857,36.4021],[-94.1823,36.4038],[-94.1819,36.4071],[-94.1777,36.407],[-94.1776,36.4107],[-94.173,36.4106],[-94.1731,36.407],[-94.1709,36.4069],[-94.1711,36.4009],[-94.1712,36.3961],[-94.1735,36.3961],[-94.1735,36.3934],[-94.1691,36.393],[-94.1684,36.3906],[-94.1645,36.3905],[-94.1646,36.3868],[-94.1625,36.3868],[-94.1625,36.385],[-94.1614,36.385],[-94.1613,36.3868],[-94.1615,36.3868],[-94.1614,36.3879],[-94.1602,36.3879],[-94.1603,36.3868],[-94.1603,36.3867],[-94.1578,36.3859],[-94.1565,36.3836],[-94.16,36.382],[-94.1604,36.3795],[-94.1582,36.3795],[-94.1582,36.3777],[-94.1546,36.3776],[-94.1547,36.3704],[-94.1569,36.3704],[-94.157,36.3685],[-94.1582,36.3686],[-94.1582,36.3704],[-94.1606,36.3705],[-94.1623,36.3705],[-94.1627,36.373],[-94.1638,36.3742],[-94.1656,36.3743],[-94.1666,36.3705],[-94.1652,36.3706],[-94.1623,36.3703],[-94.1618,36.3691],[-94.162,36.366],[-94.1608,36.366],[-94.161,36.3614],[-94.1654,36.3616],[-94.1655,36.3579],[-94.17,36.3592],[-94.1701,36.3562],[-94.17,36.3562],[-94.1702,36.3492],[-94.179,36.3494],[-94.1794,36.3495],[-94.1835,36.335],[-94.1842,36.333],[-94.1849,36.3338],[-94.1879,36.3331],[-94.1886,36.3334],[-94.1886,36.3332],[-94.1886,36.3321],[-94.1902,36.3316],[-94.1932,36.3316],[-94.1931,36.3334],[-94.1976,36.3331],[-94.2067,36.3332],[-94.2066,36.3336],[-94.2085,36.3336],[-94.2113,36.3327],[-94.2112,36.332],[-94.2157,36.332],[-94.2159,36.3247],[-94.2148,36.3247],[-94.2148,36.3226],[-94.216,36.3226],[-94.216,36.3229],[-94.2192,36.3229],[-94.2194,36.3211],[-94.2211,36.3211],[-94.2274,36.3212],[-94.2275,36.3163],[-94.2231,36.3162],[-94.2231,36.3139],[-94.2257,36.314],[-94.2271,36.314],[-94.2279,36.314],[-94.2321,36.3141],[-94.2322,36.3104],[-94.2266,36.3103],[-94.2263,36.3076],[-94.2263,36.3075],[-94.2273,36.3067],[-94.2273,36.3067],[-94.2277,36.3067],[-94.2356,36.3069],[-94.2412,36.307],[-94.2411,36.3106],[-94.2456,36.3107],[-94.2455,36.3144],[-94.241,36.3143],[-94.2407,36.3251],[-94.2497,36.3252],[-94.2497,36.3281],[-94.2542,36.3272],[-94.2543,36.3254],[-94.252,36.3253],[-94.252,36.3235],[-94.2498,36.3235],[-94.2498,36.3217],[-94.2438,36.3216],[-94.2439,36.3188],[-94.2499,36.3189],[-94.2499,36.318],[-94.2633,36.3182],[-94.2635,36.3155],[-94.2589,36.3155],[-94.2591,36.3109],[-94.2546,36.3108],[-94.2545,36.3136],[-94.25,36.3134],[-94.2501,36.3072],[-94.2537,36.3072],[-94.2538,36.3063],[-94.2502,36.3063],[-94.2502,36.3045],[-94.2457,36.3044],[-94.2458,36.3034],[-94.2459,36.2998],[-94.2503,36.2999],[-94.2549,36.3],[-94.255,36.2946],[-94.2532,36.2948],[-94.2539,36.2964],[-94.2505,36.295],[-94.2504,36.2963],[-94.2482,36.2963],[-94.2481,36.2981],[-94.2459,36.298],[-94.246,36.2944],[-94.2426,36.2943],[-94.2427,36.2925],[-94.2505,36.2927],[-94.2531,36.2927],[-94.2532,36.2917],[-94.2551,36.2917],[-94.2551,36.2897],[-94.253,36.291],[-94.2521,36.2912],[-94.2506,36.2908],[-94.2507,36.2854],[-94.2508,36.2833],[-94.2558,36.2838],[-94.2558,36.2819],[-94.2526,36.2819],[-94.2532,36.2781],[-94.2534,36.2747],[-94.2466,36.2743],[-94.2466,36.2721],[-94.2468,36.2708],[-94.2479,36.2709],[-94.2477,36.2736],[-94.2511,36.2736],[-94.2512,36.271],[-94.249,36.271],[-94.2491,36.2672],[-94.2514,36.2673],[-94.2515,36.2636],[-94.2534,36.2637],[-94.2528,36.2621],[-94.2568,36.2601],[-94.2606,36.2568],[-94.2605,36.2602],[-94.262,36.2612],[-94.2633,36.2604],[-94.2657,36.2602],[-94.2657,36.2614],[-94.2615,36.2615],[-94.2619,36.2639],[-94.2604,36.2638],[-94.2603,36.2685],[-94.2645,36.2691],[-94.2657,36.2705],[-94.2602,36.2712],[-94.2715,36.2714],[-94.2715,36.2727],[-94.2729,36.2749],[-94.269,36.2749],[-94.2688,36.2794],[-94.2664,36.2794],[-94.2658,36.2746],[-94.2602,36.2748],[-94.26,36.282],[-94.2643,36.2821],[-94.2642,36.2893],[-94.2628,36.2893],[-94.2629,36.2912],[-94.2597,36.2918],[-94.2594,36.3001],[-94.2595,36.3001],[-94.2594,36.3037],[-94.2637,36.3038],[-94.2638,36.302],[-94.2682,36.302],[-94.268,36.3128],[-94.2658,36.3128],[-94.2657,36.3146],[-94.2724,36.3147],[-94.2723,36.322],[-94.2736,36.3202],[-94.2761,36.3203],[-94.2767,36.3221],[-94.2769,36.3147],[-94.277,36.3076],[-94.2814,36.3083],[-94.2822,36.306],[-94.2822,36.3077],[-94.2859,36.3077],[-94.286,36.3042],[-94.2905,36.3042],[-94.2907,36.297],[-94.2996,36.2972],[-94.2997,36.2991],[-94.2996,36.3011],[-94.301,36.3011],[-94.3029,36.3008],[-94.3029,36.3005],[-94.304,36.3005],[-94.304,36.3001],[-94.3042,36.3005],[-94.3062,36.3002],[-94.313,36.3019],[-94.3129,36.3052],[-94.3129,36.3065],[-94.3173,36.3065],[-94.3174,36.3024],[-94.3227,36.3021],[-94.3246,36.3024],[-94.325,36.3035],[-94.3262,36.3048]],[[-94.3126,36.3191],[-94.3081,36.319],[-94.3081,36.3181],[-94.3044,36.3181],[-94.3036,36.3189],[-94.3037,36.3164],[-94.3014,36.3164],[-94.3014,36.3153],[-94.3007,36.3153],[-94.3007,36.3189],[-94.3036,36.319],[-94.3036,36.3208],[-94.308,36.3209],[-94.308,36.3227],[-94.3125,36.3227],[-94.3126,36.3191]],[[-94.2991,36.3225],[-94.2856,36.3223],[-94.2856,36.3223],[-94.2856,36.3223],[-94.2855,36.3259],[-94.2811,36.3258],[-94.2822,36.3294],[-94.2821,36.333],[-94.2854,36.3331],[-94.2854,36.3295],[-94.2989,36.3298],[-94.2991,36.3225]],[[-94.2766,36.3293],[-94.2744,36.3293],[-94.2735,36.3241],[-94.2722,36.3241],[-94.2722,36.3256],[-94.2677,36.3256],[-94.2677,36.3292],[-94.2648,36.3292],[-94.2649,36.3304],[-94.2676,36.3304],[-94.2676,36.3328],[-94.2653,36.3328],[-94.2653,36.334],[-94.272,36.334],[-94.2765,36.333],[-94.2766,36.3293]],[[-94.2584,36.3618],[-94.2578,36.3618],[-94.2578,36.362],[-94.2578,36.3621],[-94.2583,36.3621],[-94.2584,36.3618]],[[-94.2583,36.3635],[-94.2578,36.3635],[-94.2578,36.3638],[-94.2583,36.3638],[-94.2583,36.3635]],[[-94.2508,36.3777],[-94.2504,36.3777],[-94.2494,36.3777],[-94.2489,36.3789],[-94.2507,36.3789],[-94.2508,36.3777]],[[-94.2488,36.3618],[-94.2461,36.3618],[-94.2461,36.3624],[-94.2488,36.3625],[-94.2488,36.3618]],[[-94.2361,36.3311],[-94.2346,36.331],[-94.2346,36.3322],[-94.2361,36.3323],[-94.2361,36.3311]],[[-94.2355,36.3593],[-94.2332,36.3592],[-94.2332,36.3611],[-94.2354,36.3612],[-94.2355,36.3593]],[[-94.2353,36.354],[-94.2335,36.354],[-94.2335,36.3555],[-94.2353,36.3556],[-94.2353,36.3541],[-94.2353,36.354]],[[-94.2315,36.3358],[-94.231,36.3358],[-94.231,36.3361],[-94.2309,36.3361],[-94.2309,36.3358],[-94.227,36.3357],[-94.2268,36.3449],[-94.2313,36.345],[-94.2315,36.3358]],[[-94.2311,36.3539],[-94.2289,36.3539],[-94.2288,36.3548],[-94.2288,36.3554],[-94.231,36.3555],[-94.2311,36.3539]],[[-94.2293,36.3213],[-94.2277,36.3212],[-94.2275,36.3212],[-94.2273,36.3248],[-94.2293,36.3249],[-94.2293,36.3213]],[[-94.2267,36.3514],[-94.2236,36.3512],[-94.2233,36.3505],[-94.2232,36.3529],[-94.2266,36.3527],[-94.2267,36.3514]],[[-94.2206,36.4152],[-94.2195,36.4152],[-94.2185,36.4152],[-94.219,36.4167],[-94.2205,36.4173],[-94.2206,36.4152]],[[-94.2036,36.3897],[-94.2033,36.3896],[-94.2014,36.3897],[-94.2007,36.3897],[-94.2007,36.3918],[-94.2034,36.3919],[-94.2035,36.3917],[-94.2036,36.3912],[-94.2036,36.3897]],[[-94.1986,36.3869],[-94.1986,36.3867],[-94.1964,36.3867],[-94.1963,36.3876],[-94.1986,36.3876],[-94.1986,36.3869]],[[-94.2856,36.3223],[-94.2856,36.3198],[-94.2848,36.3198],[-94.2848,36.3222],[-94.2855,36.3223],[-94.2856,36.3223]]]]}},{"type":"Feature","id":"0515190","properties":{"name":"Conway","land_sqmi":46.63,"lat":35.0729,"lon":-92.4842},"geometry":{"type":"MultiPolygon","coordinates":[[[[-92.5388,35.0635],[-92.5388,35.0645],[-92.5357,35.0644],[-92.5344,35.0632],[-92.5345,35.0616],[-92.5361,35.0638],[-92.5401,35.0631],[-92.5388,35.0635]]],[[[-92.5851,35.007],[-92.5778,35.0116],[-92.5703,35.0148],[-92.5676,35.0184],[-92.5635,35.0214],[-92.5605,35.0224],[-92.5577,35.0248],[-92.5509,35.0321],[-92.5483,35.0355],[-92.5519,35.0357],[-92.5585,35.0358],[-92.5554,35.0392],[-92.552,35.043],[-92.5493,35.0466],[-92.5461,35.0517],[-92.545,35.0538],[-92.5426,35.0573],[-92.5346,35.0572],[-92.5345,35.0608],[-92.5321,35.0608],[-92.533,35.0632],[-92.5344,35.0632],[-92.5343,35.0644],[-92.5276,35.0642],[-92.5274,35.0714],[-92.5315,35.0714],[-92.5324,35.0715],[-92.5395,35.0717],[-92.538,35.0734],[-92.5378,35.0755],[-92.536,35.0753],[-92.5357,35.0741],[-92.5322,35.0716],[-92.5315,35.0714],[-92.5252,35.0715],[-92.5253,35.0679],[-92.5165,35.0676],[-92.5164,35.0713],[-92.5178,35.0713],[-92.5173,35.075],[-92.5134,35.0749],[-92.5134,35.0786],[-92.5161,35.0786],[-92.516,35.0806],[-92.5199,35.0806],[-92.5209,35.0819],[-92.5204,35.0837],[-92.5203,35.0854],[-92.5189,35.0854],[-92.5189,35.086],[-92.519,35.087],[-92.5202,35.087],[-92.5201,35.0892],[-92.5246,35.0897],[-92.5334,35.0898],[-92.5333,35.0935],[-92.5377,35.0936],[-92.5374,35.1046],[-92.5328,35.1046],[-92.5328,35.1082],[-92.5246,35.108],[-92.5245,35.1141],[-92.5228,35.1128],[-92.5202,35.1115],[-92.5201,35.1124],[-92.52,35.1192],[-92.5182,35.1227],[-92.5159,35.129],[-92.5147,35.1302],[-92.5133,35.1291],[-92.5108,35.1267],[-92.5109,35.1221],[-92.4991,35.122],[-92.504,35.1231],[-92.5072,35.1241],[-92.5095,35.1257],[-92.5064,35.1257],[-92.5064,35.1293],[-92.4842,35.1288],[-92.4844,35.1252],[-92.4888,35.1253],[-92.4889,35.1217],[-92.4868,35.1217],[-92.4872,35.1209],[-92.4873,35.1206],[-92.4977,35.1221],[-92.4979,35.1152],[-92.5023,35.1147],[-92.5024,35.1137],[-92.5067,35.1127],[-92.5068,35.1114],[-92.5078,35.1113],[-92.5079,35.1099],[-92.5101,35.1111],[-92.5088,35.1112],[-92.5088,35.1127],[-92.5135,35.1123],[-92.5136,35.1109],[-92.5107,35.1111],[-92.5108,35.1095],[-92.507,35.1094],[-92.507,35.1076],[-92.5025,35.1075],[-92.5024,35.1111],[-92.4997,35.1111],[-92.4936,35.111],[-92.4892,35.1121],[-92.4903,35.1146],[-92.4847,35.1144],[-92.4846,35.1172],[-92.4839,35.1157],[-92.4797,35.1167],[-92.4776,35.1168],[-92.4757,35.1178],[-92.4713,35.1181],[-92.4712,35.1199],[-92.475,35.1201],[-92.4756,35.1214],[-92.4755,35.1251],[-92.4668,35.1252],[-92.471,35.1259],[-92.4708,35.132],[-92.4664,35.1319],[-92.4665,35.1301],[-92.4622,35.13],[-92.4623,35.1266],[-92.4578,35.1265],[-92.4577,35.13],[-92.46,35.1306],[-92.4594,35.1331],[-92.458,35.1331],[-92.4591,35.1343],[-92.4595,35.1355],[-92.462,35.1356],[-92.4618,35.1391],[-92.4618,35.1401],[-92.4661,35.1401],[-92.466,35.1428],[-92.4705,35.1429],[-92.4704,35.1465],[-92.4572,35.1463],[-92.4574,35.1395],[-92.4552,35.1414],[-92.4533,35.1423],[-92.4525,35.1426],[-92.4509,35.1425],[-92.4529,35.1418],[-92.4543,35.1418],[-92.4533,35.141],[-92.4535,35.1403],[-92.4519,35.1399],[-92.4508,35.1386],[-92.453,35.1384],[-92.4547,35.138],[-92.4553,35.1373],[-92.4566,35.136],[-92.4591,35.1355],[-92.4576,35.133],[-92.4569,35.1326],[-92.4576,35.1313],[-92.4533,35.1312],[-92.4534,35.1282],[-92.449,35.1281],[-92.449,35.127],[-92.4482,35.1277],[-92.4487,35.1293],[-92.4457,35.1308],[-92.4436,35.1304],[-92.4436,35.1318],[-92.4423,35.1313],[-92.4428,35.128],[-92.4412,35.128],[-92.4412,35.1292],[-92.4381,35.1294],[-92.4381,35.1279],[-92.4409,35.128],[-92.4401,35.1271],[-92.4403,35.1207],[-92.4359,35.1206],[-92.4357,35.1243],[-92.4269,35.124],[-92.4273,35.1132],[-92.4236,35.1131],[-92.414,35.1129],[-92.414,35.1148],[-92.4072,35.12],[-92.3961,35.1198],[-92.3964,35.1126],[-92.392,35.1133],[-92.3831,35.1131],[-92.3832,35.1103],[-92.385,35.1106],[-92.3854,35.1106],[-92.3856,35.1051],[-92.3922,35.1053],[-92.392,35.1107],[-92.3964,35.111],[-92.3966,35.1054],[-92.401,35.1054],[-92.401,35.1023],[-92.3966,35.1022],[-92.3967,35.0981],[-92.3924,35.098],[-92.3923,35.1004],[-92.3905,35.1004],[-92.3905,35.0995],[-92.3839,35.0993],[-92.3837,35.1029],[-92.3815,35.1029],[-92.3817,35.0977],[-92.3882,35.0979],[-92.3882,35.097],[-92.3924,35.0971],[-92.3926,35.0908],[-92.3941,35.0909],[-92.3956,35.0883],[-92.395,35.0858],[-92.3927,35.0856],[-92.3926,35.0902],[-92.3918,35.0908],[-92.3883,35.0907],[-92.3884,35.0874],[-92.3875,35.0885],[-92.3855,35.0884],[-92.3868,35.0866],[-92.3884,35.0866],[-92.3885,35.0833],[-92.3952,35.0835],[-92.395,35.0799],[-92.4015,35.0801],[-92.4015,35.078],[-92.3994,35.0782],[-92.3994,35.0764],[-92.3972,35.0764],[-92.3972,35.0782],[-92.3961,35.0781],[-92.3961,35.0763],[-92.3928,35.0762],[-92.3928,35.0799],[-92.3843,35.0795],[-92.3844,35.0759],[-92.3907,35.0761],[-92.3908,35.0726],[-92.3973,35.0727],[-92.3973,35.0671],[-92.3969,35.0663],[-92.4005,35.0677],[-92.4025,35.0681],[-92.4063,35.0676],[-92.4065,35.062],[-92.3975,35.0618],[-92.3977,35.0556],[-92.4003,35.0555],[-92.4002,35.0546],[-92.4006,35.0528],[-92.4026,35.0499],[-92.4052,35.0476],[-92.4069,35.0477],[-92.4067,35.0538],[-92.4075,35.0549],[-92.4113,35.055],[-92.4114,35.0513],[-92.4145,35.0514],[-92.415,35.0529],[-92.4158,35.0515],[-92.4185,35.0515],[-92.4176,35.0527],[-92.4228,35.0546],[-92.4233,35.0529],[-92.4291,35.0545],[-92.4292,35.0512],[-92.4268,35.0503],[-92.4221,35.0502],[-92.4209,35.0478],[-92.4205,35.0406],[-92.4238,35.0406],[-92.4226,35.037],[-92.4251,35.037],[-92.4251,35.0382],[-92.4383,35.0384],[-92.4381,35.0455],[-92.4425,35.0457],[-92.4424,35.0472],[-92.4452,35.0473],[-92.4448,35.0462],[-92.4463,35.0462],[-92.4465,35.0438],[-92.4459,35.0421],[-92.447,35.041],[-92.4469,35.0405],[-92.444,35.0405],[-92.444,35.0399],[-92.4466,35.0399],[-92.4469,35.0396],[-92.4469,35.0392],[-92.4449,35.0382],[-92.4459,35.0376],[-92.4427,35.0375],[-92.4428,35.0337],[-92.4384,35.0336],[-92.4385,35.03],[-92.4471,35.0301],[-92.4477,35.0257],[-92.4474,35.0253],[-92.4474,35.0249],[-92.4486,35.0255],[-92.4518,35.0251],[-92.4519,35.0231],[-92.4507,35.0231],[-92.4507,35.0211],[-92.4564,35.0211],[-92.4563,35.023],[-92.4644,35.0232],[-92.4647,35.0196],[-92.4544,35.0194],[-92.4556,35.0163],[-92.4568,35.0164],[-92.4572,35.0055],[-92.4791,35.006],[-92.479,35.0096],[-92.4813,35.0097],[-92.4798,35.011],[-92.4763,35.0102],[-92.4762,35.0114],[-92.4776,35.0114],[-92.4768,35.0138],[-92.4785,35.0145],[-92.4797,35.0127],[-92.4826,35.012],[-92.4845,35.012],[-92.4848,35.0133],[-92.4833,35.0133],[-92.4831,35.0178],[-92.4812,35.0169],[-92.4807,35.021],[-92.4845,35.0207],[-92.4844,35.0238],[-92.4801,35.0251],[-92.4795,35.0233],[-92.4793,35.0271],[-92.485,35.0272],[-92.4848,35.0343],[-92.478,35.0343],[-92.4777,35.0416],[-92.4864,35.0419],[-92.4864,35.0441],[-92.4875,35.0441],[-92.4863,35.0452],[-92.4863,35.0483],[-92.4907,35.0482],[-92.4909,35.0464],[-92.4912,35.0455],[-92.4944,35.0456],[-92.4944,35.0482],[-92.4912,35.0474],[-92.4906,35.05],[-92.4904,35.0552],[-92.4888,35.0551],[-92.4887,35.0564],[-92.4816,35.0561],[-92.4815,35.059],[-92.4814,35.0598],[-92.4902,35.06],[-92.4903,35.0578],[-92.4926,35.0579],[-92.4927,35.0565],[-92.4978,35.0565],[-92.497,35.0585],[-92.4992,35.0585],[-92.4992,35.0602],[-92.5079,35.0604],[-92.5077,35.0676],[-92.5154,35.0676],[-92.5156,35.0641],[-92.5167,35.0636],[-92.5168,35.0605],[-92.53,35.0607],[-92.5304,35.0499],[-92.526,35.0499],[-92.5262,35.0445],[-92.5265,35.0426],[-92.5266,35.0426],[-92.5352,35.0426],[-92.5353,35.0391],[-92.5308,35.0389],[-92.5309,35.0353],[-92.5311,35.0317],[-92.5355,35.0318],[-92.5358,35.0208],[-92.5446,35.021],[-92.5449,35.0138],[-92.5493,35.0139],[-92.5497,34.9993],[-92.5584,34.9996],[-92.5583,35.0032],[-92.5626,35.0033],[-92.5624,35.0108],[-92.5664,35.0075],[-92.567,35.0034],[-92.587,35.0037],[-92.5851,35.007]],[[-92.4034,35.1055],[-92.401,35.1054],[-92.4008,35.1112],[-92.4008,35.1126],[-92.4032,35.1127],[-92.4033,35.1113],[-92.4034,35.1055]]]]}},{"type":"Feature","id":"0524760","properties":{"name":"Fourche","land_sqmi":0.2,"lat":34.9933,"lon":-92.6191},"geometry":{"type":"MultiPolygon","coordinates":[[[[-92.6225,34.9943],[-92.6224,34.997],[-92.6213,34.997],[-92.6156,34.997],[-92.6158,34.9896],[-92.6226,34.9897],[-92.6225,34.9943]]]]}},{"type":"Feature","id":"0534720","properties":{"name":"Jacksonport","land_sqmi":0.38,"lat":35.6412,"lon":-91.3077},"geometry":{"type":"MultiPolygon","coordinates":[[[[-91.3144,35.6461],[-91.3036,35.646],[-91.301,35.6457],[-91.3014,35.641],[-91.3034,35.6397],[-91.304,35.6385],[-91.3057,35.6385],[-91.3118,35.6364],[-91.3124,35.6378],[-91.3128,35.6406],[-91.3145,35.6423],[-91.3144,35.6461]]]]}},{"type":"Feature","id":"0521610","properties":{"name":"Emmet","land_sqmi":1.44,"lat":33.7211,"lon":-93.4677},"geometry":{"type":"MultiPolygon","coordinates":[[[[-93.4752,33.7306],[-93.4747,33.7305],[-93.4746,33.7331],[-93.4568,33.7325],[-93.4573,33.7198],[-93.4576,33.7186],[-93.4581,33.7091],[-93.4668,33.7093],[-93.4666,33.7164],[-93.4753,33.7168],[-93.4751,33.7238],[-93.4751,33.7244],[-93.4786,33.7276],[-93.4752,33.7306]]]]}},{"type":"Feature","id":"0518010","properties":{"name":"Delaplaine","land_sqmi":1.11,"lat":36.2304,"lon":-90.7256},"geometry":{"type":"MultiPolygon","coordinates":[[[[-90.7348,36.2273],[-90.7348,36.2382],[-90.7164,36.2383],[-90.7167,36.2225],[-90.7348,36.2225],[-90.7348,36.2273]]]]}},{"type":"Feature","id":"0570220","properties":{"name":"Tull","land_sqmi":4.03,"lat":34.4407,"lon":-92.5794},"geometry":{"type":"MultiPolygon","coordinates":[[[[-92.5975,34.4445],[-92.5983,34.4481],[-92.5972,34.4526],[-92.5941,34.4532],[-92.5911,34.4543],[-92.5895,34.4556],[-92.574,34.4551],[-92.5591,34.4547],[-92.5606,34.4258],[-92.5797,34.4264],[-92.5953,34.4269],[-92.5946,34.4412],[-92.5996,34.4414],[-92.5975,34.4445]]]]}},{"type":"Feature","id":"0536550","properties":{"name":"Keo","land_sqmi":4.92,"lat":34.6138,"lon":-92.0104},"geometry":{"type":"MultiPolygon","coordinates":[[[[-92.0295,34.6212],[-92.0239,34.6213],[-92.0134,34.6211],[-92.0133,34.6358],[-92.0045,34.6354],[-92.0046,34.6255],[-92.0,34.6254],[-92.0001,34.6211],[-91.9913,34.6208],[-91.9917,34.5918],[-92.0296,34.5922],[-92.0295,34.6212]]]]}},{"type":"Feature","id":"0527040","properties":{"name":"Gilmore","land_sqmi":13.52,"lat":35.4147,"lon":-90.2913},"geometry":{"type":"MultiPolygon","coordinates":[[[[-90.35,35.4175],[-90.3411,35.4175],[-90.3411,35.4318],[-90.3409,35.4318],[-90.3053,35.4314],[-90.3051,35.4386],[-90.2869,35.4384],[-90.2871,35.4274],[-90.2825,35.4274],[-90.2826,35.4237],[-90.2323,35.4231],[-90.2383,35.413],[-90.2409,35.4097],[-90.245,35.4068],[-90.2519,35.4032],[-90.2748,35.3915],[-90.2757,35.3909],[-90.2818,35.3909],[-90.2819,35.3948],[-90.288,35.3949],[-90.3078,35.3951],[-90.3137,35.395],[-90.3413,35.3955],[-90.3412,35.4028],[-90.348,35.4029],[-90.3481,35.4011],[-90.3503,35.4012],[-90.35,35.4175]]]]}},{"type":"Feature","id":"0515100","properties":{"name":"Concord","land_sqmi":3.08,"lat":35.6636,"lon":-91.8498},"geometry":{"type":"MultiPolygon","coordinates":[[[[-91.8777,35.6697],[-91.8382,35.6685],[-91.8381,35.6714],[-91.8354,35.6714],[-91.8306,35.6745],[-91.822,35.6744],[-91.8222,35.6671],[-91.831,35.6673],[-91.8315,35.6526],[-91.876,35.6542],[-91.8758,35.6679],[-91.8777,35.6678],[-91.8777,35.6697]]]]}},{"type":"Feature","id":"0529290","properties":{"name":"Hackett","land_sqmi":1.44,"lat":35.1874,"lon":-94.411},"geometry":{"type":"MultiPolygon","coordinates":[[[[-94.4349,35.1848],[-94.4326,35.1855],[-94.4225,35.1864],[-94.4222,35.193],[-94.4123,35.1928],[-94.4101,35.1938],[-94.4045,35.1937],[-94.4045,35.1948],[-94.3861,35.1946],[-94.3881,35.1925],[-94.3937,35.19],[-94.3968,35.1872],[-94.4048,35.1855],[-94.4049,35.18],[-94.4183,35.1802],[-94.4182,35.182],[-94.4226,35.1821],[-94.4227,35.1809],[-94.4271,35.181],[-94.427,35.1835],[-94.4359,35.1824],[-94.4349,35.1848]]]]}},{"type":"Feature","id":"0572230","properties":{"name":"Wabbaseka","land_sqmi":0.34,"lat":34.3601,"lon":-91.7922},"geometry":{"type":"MultiPolygon","coordinates":[[[[-91.8002,34.3599],[-91.7964,34.3637],[-91.7963,34.3656],[-91.7842,34.3579],[-91.7846,34.3565],[-91.7877,34.3555],[-91.7891,34.356],[-91.7911,34.3546],[-91.7945,34.3553],[-91.7982,34.3572],[-91.8002,34.3599]]]]}},{"type":"Feature","id":"0508290","properties":{"name":"Bradley","land_sqmi":0.91,"lat":33.0991,"lon":-93.6566},"geometry":{"type":"MultiPolygon","coordinates":[[[[-93.6637,33.1073],[-93.6525,33.1071],[-93.6488,33.107],[-93.649,33.098],[-93.6511,33.098],[-93.6514,33.0908],[-93.6565,33.0909],[-93.6643,33.0911],[-93.6637,33.1073]]]]}},{"type":"Feature","id":"0501990","properties":{"name":"Arkansas City","land_sqmi":0.49,"lat":33.6089,"lon":-91.2055},"geometry":{"type":"MultiPolygon","coordinates":[[[[-91.2172,33.6058],[-91.2124,33.608],[-91.2136,33.6095],[-91.2093,33.6118],[-91.2093,33.613],[-91.208,33.6112],[-91.2005,33.6142],[-91.199,33.6124],[-91.1951,33.6145],[-91.1937,33.6115],[-91.1987,33.6087],[-91.1988,33.6069],[-91.2017,33.6058],[-91.2065,33.6032],[-91.2083,33.6055],[-91.2125,33.6046],[-91.2156,33.6057],[-91.2168,33.6052],[-91.2172,33.6058]]]]}},{"type":"Feature","id":"0561040","properties":{"name":"Rosston","land_sqmi":4.42,"lat":33.5903,"lon":-93.279},"geometry":{"type":"MultiPolygon","coordinates":[[[[-93.3071,33.5932],[-93.307,33.6004],[-93.3059,33.6004],[-93.2938,33.6002],[-93.2936,33.6074],[-93.2848,33.6073],[-93.285,33.6],[-93.2676,33.5994],[-93.2676,33.5957],[-93.2634,33.5956],[-93.2637,33.5847],[-93.2508,33.5841],[-93.2512,33.5732],[-93.2945,33.5744],[-93.2943,33.5894],[-93.2966,33.5893],[-93.3072,33.5894],[-93.3071,33.5932]]]]}},{"type":"Feature","id":"0521730","properties":{"name":"England","land_sqmi":1.89,"lat":34.5485,"lon":-91.967},"geometry":{"type":"MultiPolygon","coordinates":[[[[-91.9858,34.5457],[-91.9869,34.5469],[-91.985,34.5476],[-91.9821,34.5476],[-91.982,34.547],[-91.9772,34.5468],[-91.9772,34.5485],[-91.9723,34.5484],[-91.9727,34.5503],[-91.9702,34.5503],[-91.9703,34.5577],[-91.9748,34.5577],[-91.9758,34.5563],[-91.9768,34.5582],[-91.9748,34.5582],[-91.9748,34.5615],[-91.9713,34.5616],[-91.9714,34.5648],[-91.9702,34.5648],[-91.9703,34.5615],[-91.9659,34.5614],[-91.9659,34.5502],[-91.9643,34.5502],[-91.9648,34.5483],[-91.9614,34.5483],[-91.9614,34.5492],[-91.9569,34.5491],[-91.9568,34.5501],[-91.9497,34.55],[-91.9502,34.548],[-91.947,34.5475],[-91.947,34.5464],[-91.9478,34.5457],[-91.948,34.5387],[-91.9528,34.5389],[-91.9521,34.5375],[-91.9544,34.5376],[-91.9567,34.5438],[-91.9578,34.5444],[-91.9616,34.5444],[-91.96,34.5413],[-91.959,34.5417],[-91.9573,34.5389],[-91.9659,34.5391],[-91.9659,34.5355],[-91.968,34.5355],[-91.968,34.534],[-91.9703,34.534],[-91.9703,34.5361],[-91.9747,34.5362],[-91.975,34.5321],[-91.9758,34.5321],[-91.9758,34.5394],[-91.9818,34.5395],[-91.982,34.5369],[-91.9843,34.5369],[-91.984,34.5378],[-91.987,34.5412],[-91.9858,34.5457]]]]}},{"type":"Feature","id":"0563980","properties":{"name":"Shirley","land_sqmi":2.41,"lat":35.6446,"lon":-92.3148},"geometry":{"type":"MultiPolygon","coordinates":[[[[-92.3253,35.6578],[-92.3215,35.6597],[-92.3197,35.66],[-92.3181,35.6618],[-92.3162,35.6604],[-92.3134,35.6608],[-92.3118,35.6629],[-92.3043,35.6627],[-92.3053,35.6263],[-92.3232,35.6265],[-92.3226,35.6472],[-92.3225,35.6484],[-92.3225,35.6542],[-92.3253,35.6578]]]]}},{"type":"Feature","id":"0530310","properties":{"name":"Harrell","land_sqmi":0.55,"lat":33.5099,"lon":-92.4001},"geometry":{"type":"MultiPolygon","coordinates":[[[[-92.4063,33.5153],[-92.3935,33.5153],[-92.3937,33.5074],[-92.3938,33.5044],[-92.4067,33.5046],[-92.4063,33.5153]]]]}},{"type":"Feature","id":"0524250","properties":{"name":"Foreman","land_sqmi":1.98,"lat":33.716,"lon":-94.3965},"geometry":{"type":"MultiPolygon","coordinates":[[[[-94.4094,33.7221],[-94.4092,33.7307],[-94.3877,33.73],[-94.3877,33.7263],[-94.3833,33.7263],[-94.3835,33.7181],[-94.3836,33.7156],[-94.3908,33.7157],[-94.3909,33.7134],[-94.3922,33.7135],[-94.3925,33.7013],[-94.3926,33.7067],[-94.3946,33.7068],[-94.3946,33.7086],[-94.4013,33.7087],[-94.4012,33.7053],[-94.4033,33.7055],[-94.4026,33.7088],[-94.4098,33.7089],[-94.4094,33.7221]]]]}},{"type":"Feature","id":"0533490","properties":{"name":"Houston","land_sqmi":1.01,"lat":35.0349,"lon":-92.6945},"geometry":{"type":"MultiPolygon","coordinates":[[[[-92.7032,35.0424],[-92.6855,35.042],[-92.6858,35.0274],[-92.6883,35.0274],[-92.6936,35.0275],[-92.7035,35.0277],[-92.7032,35.0424]]]]}},{"type":"Feature","id":"0518790","properties":{"name":"DeWitt","land_sqmi":2.99,"lat":34.2857,"lon":-91.3371},"geometry":{"type":"MultiPolygon","coordinates":[[[[-91.3511,34.3021],[-91.3481,34.3021],[-91.3481,34.3039],[-91.345,34.3039],[-91.345,34.3021],[-91.3406,34.302],[-91.3295,34.302],[-91.3258,34.3019],[-91.3247,34.3014],[-91.323,34.3006],[-91.3231,34.2984],[-91.3235,34.297],[-91.3238,34.2824],[-91.3328,34.2823],[-91.3332,34.2677],[-91.3337,34.2677],[-91.342,34.2676],[-91.3419,34.2713],[-91.3507,34.2711],[-91.35,34.298],[-91.3511,34.2985],[-91.3511,34.3021]]]]}},{"type":"Feature","id":"0517410","properties":{"name":"Datto","land_sqmi":0.62,"lat":36.3928,"lon":-90.7288},"geometry":{"type":"MultiPolygon","coordinates":[[[[-90.7353,36.3972],[-90.7307,36.3973],[-90.7307,36.3991],[-90.722,36.3993],[-90.7221,36.3864],[-90.731,36.3864],[-90.7356,36.3863],[-90.7353,36.3972]]]]}},{"type":"Feature","id":"0543070","properties":{"name":"McNab","land_sqmi":0.34,"lat":33.6611,"lon":-93.8316},"geometry":{"type":"MultiPolygon","coordinates":[[[[-93.8369,33.6657],[-93.833,33.6656],[-93.8283,33.6655],[-93.8284,33.661],[-93.8259,33.6606],[-93.826,33.6577],[-93.8285,33.6578],[-93.8286,33.6564],[-93.8311,33.6565],[-93.8373,33.6566],[-93.8369,33.6657]]]]}},{"type":"Feature","id":"0571510","properties":{"name":"Vandervoort","land_sqmi":0.29,"lat":34.3805,"lon":-94.3646},"geometry":{"type":"MultiPolygon","coordinates":[[[[-94.3701,34.3833],[-94.3663,34.3845],[-94.3646,34.3829],[-94.3606,34.3808],[-94.3562,34.3801],[-94.3563,34.3786],[-94.3563,34.3764],[-94.3624,34.3767],[-94.3638,34.378],[-94.3654,34.3768],[-94.3729,34.3813],[-94.3701,34.3833]]]]}},{"type":"Feature","id":"0554680","properties":{"name":"Perrytown","land_sqmi":1.39,"lat":33.6975,"lon":-93.5329},"geometry":{"type":"MultiPolygon","coordinates":[[[[-93.5509,33.6969],[-93.5377,33.6965],[-93.5374,33.7028],[-93.5418,33.7038],[-93.5416,33.7111],[-93.5372,33.711],[-93.5374,33.7038],[-93.5146,33.7028],[-93.5149,33.6959],[-93.5278,33.6962],[-93.528,33.6907],[-93.5422,33.6911],[-93.5422,33.6929],[-93.5464,33.6924],[-93.5467,33.6839],[-93.5513,33.684],[-93.5509,33.6969]]]]}},{"type":"Feature","id":"0553240","properties":{"name":"Pangburn","land_sqmi":0.54,"lat":35.4258,"lon":-91.8391},"geometry":{"type":"MultiPolygon","coordinates":[[[[-91.8457,35.4314],[-91.84,35.4314],[-91.8382,35.4314],[-91.8382,35.4312],[-91.8322,35.4311],[-91.8324,35.422],[-91.8383,35.4221],[-91.837,35.4202],[-91.846,35.4203],[-91.8457,35.4314]]]]}},{"type":"Feature","id":"0530880","properties":{"name":"Haynes","land_sqmi":0.35,"lat":34.8909,"lon":-90.7926},"geometry":{"type":"MultiPolygon","coordinates":[[[[-90.7979,34.8952],[-90.7873,34.895],[-90.7873,34.8906],[-90.7874,34.8867],[-90.798,34.8867],[-90.7979,34.8952]]]]}},{"type":"Feature","id":"0507630","properties":{"name":"Bono","land_sqmi":2.66,"lat":35.9122,"lon":-90.799},"geometry":{"type":"MultiPolygon","coordinates":[[[[-90.8149,35.9237],[-90.8135,35.9236],[-90.8135,35.9302],[-90.8128,35.9301],[-90.8096,35.924],[-90.7913,35.9239],[-90.7916,35.9124],[-90.7827,35.912],[-90.7828,35.9088],[-90.7829,35.9014],[-90.7971,35.9015],[-90.7979,35.9015],[-90.7941,35.8942],[-90.8009,35.8943],[-90.8009,35.896],[-90.8039,35.8976],[-90.8117,35.9028],[-90.8132,35.9042],[-90.8148,35.9069],[-90.8153,35.9091],[-90.8149,35.9237]]]]}},{"type":"Feature","id":"0501030","properties":{"name":"Almyra","land_sqmi":0.39,"lat":34.4057,"lon":-91.4108},"geometry":{"type":"MultiPolygon","coordinates":[[[[-91.4175,34.4094],[-91.4088,34.4094],[-91.4084,34.4094],[-91.4041,34.4094],[-91.4043,34.402],[-91.4176,34.402],[-91.4175,34.4094]]]]}},{"type":"Feature","id":"0532080","properties":{"name":"Higden","land_sqmi":0.48,"lat":35.5669,"lon":-92.204},"geometry":{"type":"MultiPolygon","coordinates":[[[[-92.2106,35.5669],[-92.2073,35.5714],[-92.208,35.5729],[-92.2036,35.5754],[-92.2021,35.5753],[-92.201,35.5744],[-92.1987,35.5677],[-92.1974,35.5658],[-92.2009,35.5655],[-92.2008,35.5682],[-92.2018,35.5701],[-92.2039,35.5702],[-92.2041,35.5655],[-92.2018,35.5655],[-92.2019,35.5636],[-92.1997,35.5635],[-92.1999,35.5619],[-92.2053,35.5592],[-92.2094,35.5584],[-92.2098,35.5657],[-92.2106,35.5669]]]]}},{"type":"Feature","id":"0518160","properties":{"name":"Dell","land_sqmi":0.92,"lat":35.8587,"lon":-90.0332},"geometry":{"type":"MultiPolygon","coordinates":[[[[-90.0488,35.858],[-90.0481,35.8585],[-90.0472,35.8592],[-90.0455,35.8603],[-90.0443,35.8614],[-90.0442,35.8593],[-90.0375,35.8594],[-90.0375,35.8601],[-90.0354,35.8607],[-90.0354,35.8579],[-90.0344,35.8579],[-90.0318,35.8595],[-90.0177,35.8678],[-90.0176,35.8577],[-90.0309,35.8578],[-90.031,35.8506],[-90.0468,35.8507],[-90.0486,35.8496],[-90.0488,35.858]]]]}},{"type":"Feature","id":"0500940","properties":{"name":"Allport","land_sqmi":0.21,"lat":34.5363,"lon":-91.7878},"geometry":{"type":"MultiPolygon","coordinates":[[[[-91.7973,34.542],[-91.7973,34.5426],[-91.7968,34.5426],[-91.7968,34.542],[-91.7928,34.5418],[-91.7928,34.5421],[-91.7864,34.5418],[-91.7864,34.5426],[-91.7838,34.5429],[-91.7837,34.5462],[-91.7831,34.5443],[-91.7783,34.5442],[-91.7793,34.5434],[-91.7794,34.5383],[-91.7839,34.5383],[-91.7839,34.5346],[-91.784,34.5293],[-91.7841,34.5264],[-91.7864,34.5264],[-91.7864,34.5274],[-91.7844,34.5273],[-91.7843,34.5293],[-91.7843,34.5319],[-91.786,34.5324],[-91.7843,34.5324],[-91.7843,34.5347],[-91.7842,34.5382],[-91.7859,34.5375],[-91.7858,34.5402],[-91.7863,34.5414],[-91.7928,34.5414],[-91.7973,34.5415],[-91.7973,34.542]]]]}},{"type":"Feature","id":"0533580","properties":{"name":"Hoxie","land_sqmi":6.67,"lat":36.0379,"lon":-90.9705},"geometry":{"type":"MultiPolygon","coordinates":[[[[-90.9996,36.0595],[-90.9975,36.0608],[-90.9942,36.0595],[-90.9942,36.0599],[-90.9941,36.061],[-90.9919,36.0609],[-90.976,36.0603],[-90.9674,36.0599],[-90.9579,36.0595],[-90.958,36.0484],[-90.9626,36.0483],[-90.9626,36.045],[-90.9672,36.0451],[-90.9675,36.0377],[-90.9557,36.0373],[-90.9571,36.0353],[-90.972,36.0361],[-90.9722,36.0305],[-90.9545,36.03],[-90.9404,36.0296],[-90.9405,36.0212],[-90.9407,36.0149],[-90.9679,36.0158],[-90.9948,36.0167],[-90.9948,36.0225],[-90.9943,36.0462],[-90.9942,36.0565],[-90.9977,36.0575],[-90.9994,36.0581],[-91.0006,36.0592],[-90.9996,36.0595]]]]}},{"type":"Feature","id":"0544420","properties":{"name":"Marvell","land_sqmi":1.44,"lat":34.5558,"lon":-90.917},"geometry":{"type":"MultiPolygon","coordinates":[[[[-90.9368,34.5589],[-90.9339,34.5584],[-90.934,34.557],[-90.9301,34.5572],[-90.9292,34.5604],[-90.9314,34.562],[-90.9314,34.5636],[-90.9279,34.5641],[-90.928,34.5621],[-90.9257,34.5613],[-90.9244,34.5611],[-90.9243,34.5635],[-90.9055,34.5637],[-90.9053,34.5582],[-90.9014,34.5576],[-90.9012,34.5561],[-90.897,34.556],[-90.897,34.5536],[-90.9032,34.5545],[-90.9032,34.5476],[-90.9057,34.549],[-90.9056,34.5475],[-90.919,34.5476],[-90.919,34.5537],[-90.9282,34.5538],[-90.9283,34.5559],[-90.9369,34.556],[-90.9368,34.5589]]]]}},{"type":"Feature","id":"0575980","properties":{"name":"Wilton","land_sqmi":1.28,"lat":33.7375,"lon":-94.1472},"geometry":{"type":"MultiPolygon","coordinates":[[[[-94.1555,33.7416],[-94.1554,33.7425],[-94.1553,33.7488],[-94.1466,33.7486],[-94.1388,33.7486],[-94.1389,33.7341],[-94.1435,33.7343],[-94.1436,33.7307],[-94.147,33.7308],[-94.1471,33.7261],[-94.1483,33.7268],[-94.1515,33.7269],[-94.1557,33.7262],[-94.1555,33.7416]]]]}},{"type":"Feature","id":"0574330","properties":{"name":"Western Grove","land_sqmi":1.08,"lat":36.101,"lon":-92.956},"geometry":{"type":"MultiPolygon","coordinates":[[[[-92.9673,36.1049],[-92.9629,36.1049],[-92.9629,36.1084],[-92.9448,36.1081],[-92.945,36.0936],[-92.963,36.0938],[-92.963,36.102],[-92.964,36.1012],[-92.9673,36.1012],[-92.9673,36.1049]]]]}},{"type":"Feature","id":"0570100","properties":{"name":"Tuckerman","land_sqmi":2.68,"lat":35.7213,"lon":-91.2014},"geometry":{"type":"MultiPolygon","coordinates":[[[[-91.227,35.6982],[-91.2216,35.698],[-91.2204,35.7002],[-91.2196,35.6998],[-91.2185,35.7014],[-91.2202,35.7015],[-91.22,35.7025],[-91.2179,35.7022],[-91.2159,35.7051],[-91.2227,35.7053],[-91.2219,35.7075],[-91.2218,35.7121],[-91.2208,35.7121],[-91.2208,35.714],[-91.2188,35.714],[-91.2187,35.7157],[-91.2152,35.7157],[-91.2118,35.7171],[-91.2117,35.7192],[-91.2094,35.7192],[-91.2074,35.7214],[-91.2073,35.7264],[-91.207,35.7394],[-91.2024,35.7393],[-91.2024,35.7447],[-91.1978,35.7447],[-91.1979,35.741],[-91.1934,35.741],[-91.1933,35.7446],[-91.191,35.7472],[-91.189,35.7481],[-91.1887,35.7519],[-91.1834,35.7518],[-91.1852,35.7483],[-91.1754,35.7482],[-91.1754,35.7462],[-91.1788,35.7463],[-91.1789,35.7445],[-91.1811,35.7445],[-91.181,35.7473],[-91.1859,35.7475],[-91.1878,35.7448],[-91.1879,35.741],[-91.1888,35.741],[-91.1889,35.7282],[-91.1879,35.7282],[-91.1878,35.7264],[-91.189,35.7264],[-91.1891,35.7208],[-91.1982,35.7209],[-91.1983,35.7118],[-91.2027,35.7119],[-91.2106,35.712],[-91.2259,35.6908],[-91.2237,35.6939],[-91.2273,35.6945],[-91.227,35.6982]]]]}},{"type":"Feature","id":"0575860","properties":{"name":"Wilmar","land_sqmi":1.53,"lat":33.626,"lon":-91.9274},"geometry":{"type":"MultiPolygon","coordinates":[[[[-91.9427,33.6314],[-91.9419,33.6314],[-91.9296,33.6315],[-91.9296,33.6351],[-91.9122,33.635],[-91.9122,33.628],[-91.9165,33.6278],[-91.9209,33.6278],[-91.9209,33.6223],[-91.9252,33.6224],[-91.9253,33.6169],[-91.9426,33.6169],[-91.9427,33.6279],[-91.9427,33.6285],[-91.9427,33.631],[-91.9427,33.6314]]]]}},{"type":"Feature","id":"0520920","properties":{"name":"Egypt","land_sqmi":0.34,"lat":35.8678,"lon":-90.9473},"geometry":{"type":"MultiPolygon","coordinates":[[[[-90.9597,35.8692],[-90.9458,35.8688],[-90.9457,35.8751],[-90.942,35.8751],[-90.9439,35.8742],[-90.9442,35.8688],[-90.9348,35.8687],[-90.9355,35.8605],[-90.9377,35.8605],[-90.9375,35.8668],[-90.945,35.867],[-90.9454,35.8661],[-90.9599,35.8665],[-90.9597,35.8692]]]]}},{"type":"Feature","id":"0554650","properties":{"name":"Perry","land_sqmi":0.7,"lat":35.0456,"lon":-92.7952},"geometry":{"type":"MultiPolygon","coordinates":[[[[-92.8041,35.0512],[-92.7863,35.0508],[-92.7865,35.0434],[-92.7866,35.0403],[-92.7999,35.04],[-92.7998,35.0436],[-92.8042,35.0436],[-92.8041,35.0512]]]]}},{"type":"Feature","id":"0524670","properties":{"name":"Fountain Hill","land_sqmi":0.57,"lat":33.3575,"lon":-91.8511},"geometry":{"type":"MultiPolygon","coordinates":[[[[-91.8576,33.3601],[-91.8576,33.3631],[-91.8445,33.363],[-91.8448,33.3519],[-91.8577,33.3522],[-91.8576,33.3601]]]]}},{"type":"Feature","id":"0559180","properties":{"name":"Reyno","land_sqmi":1.01,"lat":36.3609,"lon":-90.759},"geometry":{"type":"MultiPolygon","coordinates":[[[[-90.7679,36.3681],[-90.7496,36.3681],[-90.75,36.3537],[-90.7683,36.3537],[-90.7679,36.3681]]]]}},{"type":"Feature","id":"0513570","properties":{"name":"Chester","land_sqmi":0.51,"lat":35.6784,"lon":-94.1783},"geometry":{"type":"MultiPolygon","coordinates":[[[[-94.1912,35.676],[-94.1845,35.6758],[-94.1844,35.6794],[-94.18,35.6793],[-94.1799,35.6829],[-94.1776,35.6828],[-94.1775,35.6864],[-94.1753,35.6864],[-94.1754,35.6828],[-94.171,35.6827],[-94.1711,35.6806],[-94.1685,35.6805],[-94.1685,35.6793],[-94.1712,35.6783],[-94.1712,35.6759],[-94.1651,35.6706],[-94.1665,35.6704],[-94.1717,35.6755],[-94.1735,35.6743],[-94.1757,35.6743],[-94.1757,35.6755],[-94.1798,35.6756],[-94.1802,35.672],[-94.1847,35.6722],[-94.1846,35.674],[-94.1915,35.6742],[-94.1912,35.676]]]]}},{"type":"Feature","id":"0502380","properties":{"name":"Ashdown","land_sqmi":7.14,"lat":33.6753,"lon":-94.1229},"geometry":{"type":"MultiPolygon","coordinates":[[[[-94.1482,33.6832],[-94.1479,33.6975],[-94.1462,33.6976],[-94.1229,33.697],[-94.1233,33.6859],[-94.1144,33.6858],[-94.1143,33.6895],[-94.1076,33.6893],[-94.0967,33.6891],[-94.0974,33.671],[-94.0974,33.6708],[-94.1083,33.6711],[-94.1091,33.6531],[-94.1113,33.6531],[-94.1467,33.6541],[-94.1491,33.6541],[-94.1482,33.6832]]]]}},{"type":"Feature","id":"0551350","properties":{"name":"Ogden","land_sqmi":0.38,"lat":33.5867,"lon":-94.0458},"geometry":{"type":"MultiPolygon","coordinates":[[[[-94.0526,33.5898],[-94.049,33.5896],[-94.0527,33.5933],[-94.0481,33.5932],[-94.0482,33.5895],[-94.0428,33.5894],[-94.043,33.5839],[-94.0387,33.5838],[-94.0389,33.5801],[-94.0432,33.5803],[-94.0438,33.5822],[-94.0529,33.5824],[-94.0526,33.5898]]]]}},{"type":"Feature","id":"0507030","properties":{"name":"Blevins","land_sqmi":0.99,"lat":33.8717,"lon":-93.5778},"geometry":{"type":"MultiPolygon","coordinates":[[[[-93.5866,33.8661],[-93.5863,33.873],[-93.5861,33.8792],[-93.569,33.8782],[-93.5694,33.8642],[-93.5866,33.8646],[-93.5866,33.8661]]]]}},{"type":"Feature","id":"0553900","properties":{"name":"Patmos","land_sqmi":0.11,"lat":33.5112,"lon":-93.5666},"geometry":{"type":"MultiPolygon","coordinates":[[[[-93.5723,33.5131],[-93.5697,33.5123],[-93.5664,33.5134],[-93.5639,33.512],[-93.5607,33.5123],[-93.561,33.5109],[-93.5644,33.511],[-93.5661,33.5091],[-93.5697,33.5091],[-93.5697,33.5099],[-93.5697,33.5111],[-93.5724,33.5112],[-93.5723,33.5131]]]]}},{"type":"Feature","id":"0519450","properties":{"name":"Donaldson","land_sqmi":0.59,"lat":34.2356,"lon":-92.9189},"geometry":{"type":"MultiPolygon","coordinates":[[[[-92.9307,34.2362],[-92.9263,34.2397],[-92.9219,34.2424],[-92.9177,34.2424],[-92.9179,34.236],[-92.9158,34.2359],[-92.9115,34.2322],[-92.9071,34.2321],[-92.9072,34.2289],[-92.9181,34.2288],[-92.918,34.2323],[-92.9264,34.2324],[-92.9307,34.2362]]]]}},{"type":"Feature","id":"0541450","properties":{"name":"Lonsdale","land_sqmi":0.4,"lat":34.5449,"lon":-92.8116},"geometry":{"type":"MultiPolygon","coordinates":[[[[-92.818,34.5473],[-92.814,34.5472],[-92.8139,34.5499],[-92.805,34.5499],[-92.8054,34.5399],[-92.814,34.5399],[-92.8139,34.5435],[-92.8181,34.5435],[-92.818,34.5473]]]]}},{"type":"Feature","id":"0539310","properties":{"name":"Leola","land_sqmi":0.85,"lat":34.1726,"lon":-92.59},"geometry":{"type":"MultiPolygon","coordinates":[[[[-92.5985,34.177],[-92.5884,34.1768],[-92.5871,34.1804],[-92.5861,34.183],[-92.5849,34.183],[-92.5844,34.1803],[-92.5845,34.1767],[-92.5872,34.1768],[-92.5851,34.1693],[-92.5854,34.1657],[-92.5812,34.1656],[-92.5812,34.1638],[-92.5855,34.1639],[-92.5857,34.1621],[-92.5989,34.1624],[-92.5985,34.177]]]]}},{"type":"Feature","id":"0546040","properties":{"name":"Mineral Springs","land_sqmi":2.13,"lat":33.8772,"lon":-93.9215},"geometry":{"type":"MultiPolygon","coordinates":[[[[-93.937,33.8731],[-93.937,33.8739],[-93.9369,33.8797],[-93.936,33.8792],[-93.9335,33.8779],[-93.9324,33.8781],[-93.9323,33.8811],[-93.932,33.8884],[-93.9106,33.8878],[-93.9102,33.8841],[-93.9104,33.8805],[-93.906,33.8804],[-93.9062,33.8713],[-93.9106,33.8714],[-93.9106,33.8696],[-93.915,33.8697],[-93.915,33.8661],[-93.9297,33.8665],[-93.9327,33.8666],[-93.9326,33.8698],[-93.9343,33.8701],[-93.9348,33.8703],[-93.9371,33.8704],[-93.937,33.8731]]]]}},{"type":"Feature","id":"0546730","properties":{"name":"Moorefield","land_sqmi":1.13,"lat":35.7683,"lon":-91.5703},"geometry":{"type":"MultiPolygon","coordinates":[[[[-91.5821,35.769],[-91.5821,35.7711],[-91.5821,35.7712],[-91.5792,35.7715],[-91.5782,35.7724],[-91.578,35.7763],[-91.5687,35.7758],[-91.5671,35.776],[-91.5672,35.7697],[-91.5659,35.7706],[-91.5619,35.7691],[-91.5583,35.772],[-91.5583,35.768],[-91.5584,35.7604],[-91.5766,35.7608],[-91.5766,35.7613],[-91.5822,35.7614],[-91.5821,35.769]]]]}},{"type":"Feature","id":"0529080","properties":{"name":"Guion","land_sqmi":0.56,"lat":35.9277,"lon":-91.939},"geometry":{"type":"MultiPolygon","coordinates":[[[[-91.9543,35.9346],[-91.9484,35.9297],[-91.9423,35.9303],[-91.941,35.9314],[-91.9364,35.9314],[-91.9371,35.9305],[-91.9372,35.9259],[-91.9282,35.9258],[-91.9282,35.9313],[-91.9237,35.9312],[-91.9238,35.9249],[-91.9349,35.925],[-91.9361,35.9223],[-91.9394,35.9223],[-91.9396,35.921],[-91.9425,35.9222],[-91.9432,35.9207],[-91.9476,35.9248],[-91.9497,35.9274],[-91.9522,35.9321],[-91.9543,35.9346]]]]}},{"type":"Feature","id":"0501270","properties":{"name":"Amagon","land_sqmi":0.11,"lat":35.5629,"lon":-91.1093},"geometry":{"type":"MultiPolygon","coordinates":[[[[-91.1122,35.5656],[-91.1062,35.5656],[-91.1063,35.5615],[-91.1082,35.5616],[-91.1089,35.5601],[-91.1111,35.5604],[-91.1124,35.5621],[-91.1122,35.5656]]]]}},{"type":"Feature","id":"0529020","properties":{"name":"Grubbs","land_sqmi":0.57,"lat":35.6555,"lon":-91.0746},"geometry":{"type":"MultiPolygon","coordinates":[[[[-91.0828,35.6548],[-91.0786,35.6543],[-91.0785,35.6652],[-91.0742,35.6648],[-91.0744,35.6571],[-91.0698,35.6571],[-91.0698,35.6551],[-91.0699,35.6507],[-91.0667,35.6507],[-91.0663,35.6495],[-91.0699,35.6495],[-91.0699,35.6475],[-91.0745,35.6475],[-91.0745,35.6459],[-91.0787,35.6463],[-91.0787,35.65],[-91.0829,35.6504],[-91.0828,35.6548]]]]}},{"type":"Feature","id":"0506700","properties":{"name":"Black Rock","land_sqmi":3.29,"lat":36.106,"lon":-91.109},"geometry":{"type":"MultiPolygon","coordinates":[[[[-91.1365,36.1076],[-91.1363,36.1155],[-91.0815,36.1148],[-91.0815,36.1134],[-91.0815,36.1127],[-91.0815,36.108],[-91.0815,36.1049],[-91.0816,36.0964],[-91.0909,36.0966],[-91.0971,36.0967],[-91.1044,36.0968],[-91.1044,36.1007],[-91.1365,36.1009],[-91.1365,36.1076]]]]}},{"type":"Feature","id":"0564910","properties":{"name":"Smithville","land_sqmi":0.67,"lat":36.0775,"lon":-91.3025},"geometry":{"type":"MultiPolygon","coordinates":[[[[-91.315,36.0823],[-91.3133,36.0822],[-91.3081,36.0822],[-91.3079,36.0857],[-91.3034,36.0856],[-91.3034,36.0874],[-91.301,36.0873],[-91.3011,36.0855],[-91.2965,36.0854],[-91.2966,36.0817],[-91.29,36.0815],[-91.2901,36.0778],[-91.2945,36.078],[-91.2946,36.0762],[-91.3014,36.0767],[-91.3008,36.0775],[-91.3061,36.0777],[-91.3071,36.0782],[-91.3073,36.0676],[-91.3095,36.0676],[-91.3092,36.0785],[-91.3128,36.0786],[-91.3128,36.0804],[-91.315,36.0805],[-91.315,36.0823]]]]}},{"type":"Feature","id":"0527730","properties":{"name":"Gould","land_sqmi":1.55,"lat":33.988,"lon":-91.5634},"geometry":{"type":"MultiPolygon","coordinates":[[[[-91.574,33.999],[-91.561,33.9988],[-91.5611,33.9916],[-91.5525,33.9914],[-91.5527,33.9769],[-91.5668,33.9772],[-91.5699,33.9772],[-91.5699,33.9785],[-91.5699,33.9809],[-91.5743,33.9809],[-91.574,33.999]]]]}},{"type":"Feature","id":"0533850","properties":{"name":"Humphrey","land_sqmi":1.31,"lat":34.4237,"lon":-91.702},"geometry":{"type":"MultiPolygon","coordinates":[[[[-91.7109,34.4318],[-91.7065,34.4317],[-91.7065,34.4348],[-91.6995,34.4346],[-91.6995,34.4274],[-91.6928,34.4273],[-91.693,34.4127],[-91.7069,34.4135],[-91.7113,34.4135],[-91.7109,34.4318]]]]}},{"type":"Feature","id":"0503430","properties":{"name":"Banks","land_sqmi":0.38,"lat":33.5758,"lon":-92.2671},"geometry":{"type":"MultiPolygon","coordinates":[[[[-92.2715,33.5813],[-92.2678,33.5812],[-92.2627,33.5812],[-92.2627,33.5704],[-92.2715,33.5704],[-92.2715,33.5813]]]]}},{"type":"Feature","id":"0532650","properties":{"name":"Holiday Island","land_sqmi":7.26,"lat":36.4733,"lon":-93.7457},"geometry":{"type":"MultiPolygon","coordinates":[[[[-93.7787,36.4941],[-93.7562,36.4947],[-93.7523,36.499],[-93.7522,36.499],[-93.728,36.499],[-93.7276,36.4991],[-93.7207,36.4992],[-93.7207,36.4892],[-93.7165,36.4893],[-93.7165,36.4858],[-93.712,36.4857],[-93.7116,36.479],[-93.7071,36.4788],[-93.7071,36.4688],[-93.7088,36.4665],[-93.708,36.4657],[-93.7082,36.4652],[-93.7117,36.4651],[-93.7117,36.4715],[-93.7151,36.4715],[-93.7161,36.4717],[-93.7166,36.456],[-93.7124,36.4556],[-93.7125,36.4537],[-93.7165,36.4538],[-93.7166,36.4502],[-93.7209,36.4503],[-93.7209,36.4474],[-93.7223,36.4475],[-93.7223,36.4503],[-93.7258,36.4504],[-93.7257,36.4553],[-93.728,36.4564],[-93.7302,36.4551],[-93.7302,36.4574],[-93.7434,36.4582],[-93.7432,36.4727],[-93.7482,36.4728],[-93.7482,36.4763],[-93.7524,36.476],[-93.7524,36.4729],[-93.7569,36.473],[-93.7568,36.477],[-93.7601,36.4775],[-93.7606,36.4769],[-93.7621,36.477],[-93.7653,36.477],[-93.7722,36.4809],[-93.7843,36.4887],[-93.7787,36.4941]]]]}},{"type":"Feature","id":"0528720","properties":{"name":"Greenway","land_sqmi":0.26,"lat":36.3413,"lon":-90.2222},"geometry":{"type":"MultiPolygon","coordinates":[[[[-90.2273,36.3422],[-90.225,36.3422],[-90.2255,36.3459],[-90.2204,36.344],[-90.2181,36.3439],[-90.2182,36.3403],[-90.2171,36.3403],[-90.2171,36.3375],[-90.2182,36.3366],[-90.2252,36.3367],[-90.2252,36.3382],[-90.2273,36.3385],[-90.2273,36.3422]]]]}},{"type":"Feature","id":"0549820","properties":{"name":"Nimmons","land_sqmi":0.25,"lat":36.3062,"lon":-90.0951},"geometry":{"type":"MultiPolygon","coordinates":[[[[-90.0995,36.3099],[-90.0906,36.3098],[-90.0906,36.3026],[-90.0995,36.3026],[-90.0995,36.3099]]]]}},{"type":"Feature","id":"0554140","properties":{"name":"Peach Orchard","land_sqmi":1.03,"lat":36.2812,"lon":-90.6609},"geometry":{"type":"MultiPolygon","coordinates":[[[[-90.6701,36.2744],[-90.6698,36.2888],[-90.6521,36.2883],[-90.6518,36.2736],[-90.6526,36.2737],[-90.6701,36.2742],[-90.6701,36.2744]]]]}},{"type":"Feature","id":"0521580","properties":{"name":"Emerson","land_sqmi":0.99,"lat":33.0974,"lon":-93.196},"geometry":{"type":"MultiPolygon","coordinates":[[[[-93.2043,33.1048],[-93.1872,33.1043],[-93.1876,33.0899],[-93.1905,33.0901],[-93.1934,33.09],[-93.2048,33.0903],[-93.2043,33.1048]]]]}},{"type":"Feature","id":"0556480","properties":{"name":"Plumerville","land_sqmi":1.03,"lat":35.1602,"lon":-92.6455},"geometry":{"type":"MultiPolygon","coordinates":[[[[-92.6623,35.1591],[-92.6539,35.1606],[-92.654,35.1617],[-92.6472,35.1615],[-92.6471,35.1626],[-92.647,35.1669],[-92.6404,35.1667],[-92.6293,35.1664],[-92.6294,35.1636],[-92.6338,35.1635],[-92.6332,35.1627],[-92.6294,35.1628],[-92.6294,35.1611],[-92.634,35.1609],[-92.6341,35.1598],[-92.6286,35.1582],[-92.6286,35.1573],[-92.634,35.1575],[-92.6356,35.1564],[-92.6354,35.1539],[-92.6432,35.1535],[-92.6474,35.1542],[-92.6523,35.1543],[-92.6535,35.1565],[-92.6611,35.1566],[-92.6611,35.158],[-92.6623,35.1591]]]]}},{"type":"Feature","id":"0504180","properties":{"name":"Bay","land_sqmi":3.09,"lat":35.7387,"lon":-90.5592},"geometry":{"type":"MultiPolygon","coordinates":[[[[-90.558,35.7202],[-90.5536,35.7204],[-90.5536,35.7168],[-90.558,35.7167],[-90.558,35.7202]]],[[[-90.5865,35.7639],[-90.5842,35.762],[-90.5711,35.7507],[-90.5711,35.7522],[-90.5579,35.7524],[-90.5579,35.7562],[-90.5579,35.7568],[-90.5534,35.757],[-90.5534,35.7582],[-90.5446,35.7585],[-90.5445,35.7603],[-90.5401,35.7605],[-90.54,35.7574],[-90.5356,35.7575],[-90.5356,35.7624],[-90.5311,35.7625],[-90.5312,35.757],[-90.5356,35.7569],[-90.5357,35.744],[-90.5386,35.7424],[-90.5447,35.7418],[-90.549,35.7417],[-90.5491,35.735],[-90.5536,35.7348],[-90.5536,35.7313],[-90.5583,35.7311],[-90.5466,35.7136],[-90.5483,35.7136],[-90.5623,35.7346],[-90.5711,35.7344],[-90.5711,35.7416],[-90.5711,35.749],[-90.573,35.7515],[-90.5792,35.7513],[-90.5805,35.7525],[-90.5818,35.7557],[-90.5806,35.7577],[-90.5873,35.7632],[-90.5865,35.7639]]]]}},{"type":"Feature","id":"0511830","properties":{"name":"Carthage","land_sqmi":0.99,"lat":34.0726,"lon":-92.5559},"geometry":{"type":"MultiPolygon","coordinates":[[[[-92.5665,34.0785],[-92.5577,34.0782],[-92.5576,34.0819],[-92.5488,34.0817],[-92.5492,34.0707],[-92.5471,34.0706],[-92.5473,34.067],[-92.5451,34.0669],[-92.5453,34.0634],[-92.5583,34.0638],[-92.5582,34.0675],[-92.558,34.0699],[-92.5624,34.0712],[-92.5668,34.0714],[-92.5665,34.0785]]]]}},{"type":"Feature","id":"0576010","properties":{"name":"Winchester","land_sqmi":0.5,"lat":33.7735,"lon":-91.4744},"geometry":{"type":"MultiPolygon","coordinates":[[[[-91.481,33.7678],[-91.4794,33.7704],[-91.4797,33.7732],[-91.4781,33.7737],[-91.478,33.7774],[-91.4766,33.7774],[-91.477,33.7805],[-91.4677,33.7805],[-91.4679,33.77],[-91.4759,33.7702],[-91.4754,33.7665],[-91.481,33.7666],[-91.481,33.7678]]]]}},{"type":"Feature","id":"0528510","properties":{"name":"Greenbrier","land_sqmi":7.94,"lat":35.23,"lon":-92.3837},"geometry":{"type":"MultiPolygon","coordinates":[[[[-92.4103,35.2253],[-92.4058,35.2252],[-92.4054,35.2405],[-92.4051,35.2505],[-92.3918,35.251],[-92.3891,35.251],[-92.3888,35.2504],[-92.3874,35.2503],[-92.3873,35.2537],[-92.3833,35.2533],[-92.3843,35.2519],[-92.3859,35.2519],[-92.3858,35.2503],[-92.3812,35.2502],[-92.3812,35.2523],[-92.3802,35.2523],[-92.38,35.2539],[-92.3786,35.2529],[-92.3741,35.2528],[-92.3741,35.2537],[-92.3696,35.2536],[-92.3697,35.25],[-92.3607,35.2498],[-92.3611,35.2389],[-92.3586,35.2388],[-92.3587,35.2352],[-92.3612,35.2352],[-92.3614,35.2279],[-92.357,35.2279],[-92.3571,35.2235],[-92.3581,35.2239],[-92.3615,35.226],[-92.3621,35.2062],[-92.3816,35.2065],[-92.3891,35.2067],[-92.4064,35.2071],[-92.4062,35.2148],[-92.4073,35.2149],[-92.4089,35.2144],[-92.4084,35.217],[-92.4082,35.2215],[-92.4104,35.2215],[-92.4103,35.2253]]]]}},{"type":"Feature","id":"0576820","properties":{"name":"Wooster","land_sqmi":2.85,"lat":35.1971,"lon":-92.4522},"geometry":{"type":"MultiPolygon","coordinates":[[[[-92.4671,35.2082],[-92.4601,35.2083],[-92.4599,35.2133],[-92.4599,35.2155],[-92.4378,35.2149],[-92.4373,35.2117],[-92.4374,35.2078],[-92.4378,35.2078],[-92.4383,35.1877],[-92.4384,35.1859],[-92.4466,35.186],[-92.4495,35.1861],[-92.4518,35.1861],[-92.452,35.1788],[-92.4537,35.1788],[-92.4536,35.1802],[-92.4563,35.1802],[-92.4562,35.1825],[-92.4601,35.1825],[-92.46,35.1854],[-92.4605,35.1862],[-92.4603,35.2021],[-92.4615,35.2025],[-92.4671,35.2034],[-92.4671,35.2082]]]]}},{"type":"Feature","id":"0504540","properties":{"name":"Beaver","land_sqmi":0.31,"lat":36.4757,"lon":-93.7718},"geometry":{"type":"MultiPolygon","coordinates":[[[[-93.7788,36.4813],[-93.7724,36.481],[-93.7722,36.4809],[-93.7721,36.4809],[-93.7698,36.479],[-93.7659,36.477],[-93.7645,36.474],[-93.7684,36.4701],[-93.779,36.4705],[-93.7788,36.4813]]]]}},{"type":"Feature","id":"0501457","properties":{"name":"Anthonyville","land_sqmi":0.08,"lat":35.0396,"lon":-90.3402},"geometry":{"type":"MultiPolygon","coordinates":[[[[-90.3425,35.042],[-90.3378,35.0419],[-90.3379,35.0383],[-90.3404,35.0383],[-90.3404,35.0371],[-90.3425,35.0372],[-90.3425,35.042]]]]}},{"type":"Feature","id":"0533375","properties":{"name":"Horseshoe Lake","land_sqmi":0.15,"lat":34.9146,"lon":-90.307},"geometry":{"type":"MultiPolygon","coordinates":[[[[-90.3134,34.9177],[-90.312,34.9179],[-90.3104,34.9162],[-90.3005,34.9124],[-90.3011,34.9113],[-90.3104,34.9113],[-90.3116,34.9113],[-90.3116,34.9135],[-90.3134,34.9172],[-90.3134,34.9177]]]]}},{"type":"Feature","id":"0546190","properties":{"name":"Mitchellville","land_sqmi":0.12,"lat":33.9058,"lon":-91.4978},"geometry":{"type":"MultiPolygon","coordinates":[[[[-91.5002,33.9104],[-91.4954,33.9055],[-91.4959,33.9055],[-91.496,33.9019],[-91.4989,33.902],[-91.4989,33.9011],[-91.4998,33.9012],[-91.5003,33.9023],[-91.5002,33.9104]]]]}},{"type":"Feature","id":"0573550","properties":{"name":"Watson","land_sqmi":0.2,"lat":33.8943,"lon":-91.2559},"geometry":{"type":"MultiPolygon","coordinates":[[[[-91.2626,33.8917],[-91.2614,33.8934],[-91.2578,33.8935],[-91.2587,33.8968],[-91.2571,33.8979],[-91.2544,33.8968],[-91.2535,33.8996],[-91.2517,33.9001],[-91.2493,33.8967],[-91.2524,33.8967],[-91.2554,33.8913],[-91.2574,33.8895],[-91.2608,33.8895],[-91.2624,33.8884],[-91.2626,33.8917]]]]}},{"type":"Feature","id":"0544150","properties":{"name":"Marie","land_sqmi":0.15,"lat":35.6137,"lon":-90.0847},"geometry":{"type":"MultiPolygon","coordinates":[[[[-90.089,35.6122],[-90.0846,35.6122],[-90.0844,35.6158],[-90.0811,35.6157],[-90.0808,35.6182],[-90.0792,35.6181],[-90.0802,35.6106],[-90.0793,35.6092],[-90.0827,35.6094],[-90.0821,35.6111],[-90.0901,35.6108],[-90.089,35.6122]]]]}},{"type":"Feature","id":"0523800","properties":{"name":"Fisher","land_sqmi":0.3,"lat":35.4931,"lon":-90.9727},"geometry":{"type":"MultiPolygon","coordinates":[[[[-90.9793,35.4933],[-90.9749,35.4932],[-90.9749,35.4954],[-90.9708,35.4954],[-90.9704,35.5003],[-90.9683,35.5003],[-90.9702,35.4968],[-90.9661,35.4966],[-90.9661,35.4952],[-90.9697,35.4953],[-90.9691,35.4932],[-90.9697,35.4859],[-90.9764,35.4859],[-90.9771,35.4928],[-90.9793,35.4933]]]]}},{"type":"Feature","id":"0537300","properties":{"name":"Knoxville","land_sqmi":3.18,"lat":35.3746,"lon":-93.3603},"geometry":{"type":"MultiPolygon","coordinates":[[[[-93.3911,35.3868],[-93.3777,35.3867],[-93.3776,35.3902],[-93.3795,35.3912],[-93.3812,35.3933],[-93.3807,35.3962],[-93.381,35.3978],[-93.3814,35.4035],[-93.3819,35.405],[-93.3789,35.4049],[-93.3781,35.3999],[-93.3766,35.3977],[-93.3751,35.3966],[-93.362,35.3902],[-93.3555,35.3902],[-93.3555,35.3894],[-93.3555,35.3829],[-93.3553,35.3822],[-93.3469,35.3718],[-93.3454,35.3694],[-93.3448,35.3668],[-93.3428,35.3668],[-93.3404,35.3636],[-93.3395,35.3617],[-93.3353,35.3508],[-93.3337,35.3489],[-93.3323,35.3479],[-93.3295,35.347],[-93.3309,35.3452],[-93.3293,35.3443],[-93.3321,35.3456],[-93.3352,35.3481],[-93.3544,35.3679],[-93.369,35.368],[-93.3689,35.3739],[-93.3819,35.3742],[-93.3835,35.3749],[-93.385,35.3765],[-93.3869,35.3768],[-93.3868,35.3802],[-93.3863,35.3804],[-93.384,35.3808],[-93.3841,35.378],[-93.3823,35.3771],[-93.3824,35.3759],[-93.3765,35.376],[-93.3765,35.375],[-93.3741,35.375],[-93.3734,35.376],[-93.3733,35.3831],[-93.3792,35.3831],[-93.3913,35.3824],[-93.3911,35.3868]]]]}},{"type":"Feature","id":"0523290","properties":{"name":"Fayetteville","land_sqmi":54.75,"lat":36.0691,"lon":-94.1623},"geometry":{"type":"MultiPolygon","coordinates":[[[[-94.1375,36.0042],[-94.133,36.0041],[-94.1331,36.0004],[-94.1275,36.0003],[-94.1242,36.0002],[-94.1246,35.9894],[-94.1271,35.9894],[-94.129,35.9895],[-94.1289,35.9931],[-94.1378,35.9933],[-94.1375,36.0042]]],[[[-94.2978,36.0722],[-94.2934,36.0724],[-94.2933,36.0755],[-94.2888,36.076],[-94.2888,36.0796],[-94.2844,36.0796],[-94.2693,36.0794],[-94.2686,36.08],[-94.2686,36.081],[-94.2686,36.082],[-94.2665,36.083],[-94.2621,36.083],[-94.2619,36.0866],[-94.2597,36.0866],[-94.2598,36.083],[-94.2553,36.083],[-94.2553,36.0811],[-94.2486,36.081],[-94.2485,36.0863],[-94.2418,36.0863],[-94.2419,36.0846],[-94.2396,36.0845],[-94.2396,36.0864],[-94.2374,36.0863],[-94.2374,36.0853],[-94.2344,36.0852],[-94.2341,36.0851],[-94.2351,36.0845],[-94.2374,36.0845],[-94.2375,36.0809],[-94.233,36.0808],[-94.2332,36.0842],[-94.2338,36.0848],[-94.2327,36.0863],[-94.2351,36.0863],[-94.2347,36.091],[-94.2321,36.0914],[-94.2305,36.0918],[-94.2305,36.0918],[-94.2291,36.0918],[-94.2291,36.0898],[-94.2253,36.0897],[-94.2252,36.0911],[-94.2241,36.0912],[-94.2241,36.0933],[-94.2261,36.0934],[-94.2267,36.0936],[-94.227,36.0953],[-94.227,36.0956],[-94.2259,36.0968],[-94.2303,36.0969],[-94.23,36.1074],[-94.2278,36.1074],[-94.2279,36.1037],[-94.2257,36.1037],[-94.2256,36.1051],[-94.2243,36.1051],[-94.2242,36.1073],[-94.2225,36.1073],[-94.2226,36.1052],[-94.2212,36.1052],[-94.2211,36.1073],[-94.2189,36.1072],[-94.219,36.103],[-94.2168,36.1029],[-94.2166,36.1102],[-94.2162,36.1108],[-94.2143,36.1107],[-94.2144,36.1088],[-94.212,36.109],[-94.2097,36.1093],[-94.2089,36.1094],[-94.2089,36.1107],[-94.2121,36.1107],[-94.2123,36.1107],[-94.2122,36.1125],[-94.2165,36.1126],[-94.2165,36.1144],[-94.2121,36.1143],[-94.2121,36.1125],[-94.2076,36.1124],[-94.2077,36.1106],[-94.2032,36.1106],[-94.2031,36.1142],[-94.1986,36.113],[-94.195,36.1133],[-94.1941,36.1146],[-94.194,36.1176],[-94.194,36.1209],[-94.1894,36.1212],[-94.1895,36.1184],[-94.1806,36.1183],[-94.1806,36.1173],[-94.1774,36.1173],[-94.1763,36.1173],[-94.1761,36.1207],[-94.1672,36.1206],[-94.1672,36.1194],[-94.1635,36.1201],[-94.1633,36.1232],[-94.1609,36.1218],[-94.1607,36.1201],[-94.1583,36.12],[-94.1582,36.1206],[-94.158,36.1296],[-94.1576,36.1296],[-94.155,36.1305],[-94.1534,36.1304],[-94.1526,36.1316],[-94.1478,36.1313],[-94.1479,36.1335],[-94.1457,36.1335],[-94.1443,36.1383],[-94.1354,36.1381],[-94.1354,36.14],[-94.131,36.1396],[-94.1264,36.1411],[-94.1263,36.1489],[-94.119,36.1488],[-94.1128,36.1487],[-94.1129,36.145],[-94.1178,36.1451],[-94.1177,36.1439],[-94.1177,36.1421],[-94.1177,36.1415],[-94.1153,36.1415],[-94.1141,36.1433],[-94.1141,36.1414],[-94.1131,36.1405],[-94.1109,36.1405],[-94.1108,36.1414],[-94.1041,36.1413],[-94.1043,36.1358],[-94.0997,36.1357],[-94.0997,36.1375],[-94.0952,36.1375],[-94.0954,36.1346],[-94.0956,36.1339],[-94.1093,36.1341],[-94.1113,36.1353],[-94.1113,36.1342],[-94.1132,36.1342],[-94.1133,36.1306],[-94.1114,36.1305],[-94.1113,36.1332],[-94.1096,36.1341],[-94.1088,36.1332],[-94.1089,36.1269],[-94.1134,36.1269],[-94.1135,36.1233],[-94.1135,36.1213],[-94.1137,36.1125],[-94.1093,36.1124],[-94.1093,36.1097],[-94.1106,36.1088],[-94.1138,36.1089],[-94.114,36.1052],[-94.1076,36.105],[-94.1075,36.1061],[-94.1061,36.106],[-94.1058,36.1041],[-94.1122,36.1042],[-94.1093,36.1021],[-94.1051,36.1015],[-94.1051,36.1003],[-94.1073,36.0997],[-94.1074,36.0979],[-94.1052,36.0978],[-94.1052,36.0957],[-94.1082,36.0957],[-94.1078,36.0912],[-94.1088,36.0907],[-94.1078,36.0906],[-94.1036,36.0906],[-94.1035,36.0862],[-94.1009,36.0852],[-94.1009,36.0849],[-94.1015,36.0851],[-94.1019,36.0851],[-94.1025,36.0854],[-94.1027,36.0856],[-94.1036,36.0857],[-94.1036,36.0833],[-94.1125,36.0835],[-94.1126,36.0811],[-94.1111,36.0808],[-94.1113,36.0762],[-94.1083,36.0761],[-94.1082,36.0804],[-94.1063,36.08],[-94.1065,36.0786],[-94.1041,36.0771],[-94.1053,36.0751],[-94.107,36.0752],[-94.1071,36.0724],[-94.1085,36.0725],[-94.1084,36.0752],[-94.1113,36.0753],[-94.1113,36.0726],[-94.1129,36.0726],[-94.1134,36.0583],[-94.1124,36.0592],[-94.1116,36.0567],[-94.1076,36.0556],[-94.1038,36.0539],[-94.1003,36.0567],[-94.0995,36.0582],[-94.0969,36.0579],[-94.0954,36.0565],[-94.092,36.0551],[-94.0921,36.0529],[-94.0956,36.0536],[-94.0958,36.0492],[-94.093,36.0477],[-94.0922,36.0476],[-94.0922,36.0501],[-94.0906,36.0507],[-94.0907,36.0476],[-94.0878,36.0476],[-94.0877,36.0513],[-94.0815,36.0515],[-94.0806,36.049],[-94.0789,36.0494],[-94.0789,36.0489],[-94.0782,36.0474],[-94.0764,36.0475],[-94.0763,36.0512],[-94.0743,36.0526],[-94.0742,36.0543],[-94.0787,36.0544],[-94.0784,36.055],[-94.0742,36.0549],[-94.0741,36.0556],[-94.0707,36.0555],[-94.0695,36.0571],[-94.0689,36.059],[-94.0741,36.0593],[-94.0695,36.0598],[-94.0695,36.0626],[-94.0739,36.0627],[-94.074,36.0652],[-94.072,36.0687],[-94.0681,36.0697],[-94.0648,36.067],[-94.0627,36.066],[-94.0605,36.0622],[-94.0617,36.0607],[-94.0637,36.0559],[-94.0607,36.0557],[-94.0607,36.0568],[-94.0551,36.0567],[-94.0541,36.0558],[-94.0541,36.054],[-94.0519,36.053],[-94.0497,36.0511],[-94.0487,36.0493],[-94.0431,36.0492],[-94.0432,36.0473],[-94.0376,36.0454],[-94.0299,36.0452],[-94.03,36.0398],[-94.0267,36.0388],[-94.028,36.0379],[-94.029,36.0371],[-94.0301,36.0371],[-94.0341,36.0405],[-94.0389,36.0418],[-94.0433,36.042],[-94.0456,36.042],[-94.0496,36.0413],[-94.0496,36.0388],[-94.0515,36.0391],[-94.0524,36.0382],[-94.0525,36.0354],[-94.0554,36.0343],[-94.057,36.0331],[-94.0588,36.0326],[-94.0604,36.0332],[-94.0592,36.035],[-94.0571,36.0405],[-94.0594,36.0419],[-94.0615,36.044],[-94.066,36.0455],[-94.0734,36.0458],[-94.0826,36.0456],[-94.0834,36.0452],[-94.0834,36.0456],[-94.0868,36.0457],[-94.0869,36.0429],[-94.0835,36.0429],[-94.0836,36.0393],[-94.0881,36.0394],[-94.088,36.0412],[-94.0908,36.0412],[-94.0901,36.0445],[-94.0924,36.0445],[-94.0942,36.0437],[-94.0941,36.0457],[-94.1004,36.0493],[-94.1012,36.0471],[-94.1039,36.0472],[-94.104,36.0448],[-94.1013,36.046],[-94.1012,36.0455],[-94.0998,36.0453],[-94.0998,36.0469],[-94.0967,36.0468],[-94.0969,36.0422],[-94.0982,36.0416],[-94.0981,36.0396],[-94.105,36.0397],[-94.1054,36.027],[-94.1099,36.0271],[-94.1098,36.0308],[-94.1143,36.0309],[-94.1228,36.0311],[-94.1228,36.031],[-94.121,36.0292],[-94.1221,36.0292],[-94.1221,36.0261],[-94.1276,36.0264],[-94.1275,36.0272],[-94.1294,36.0265],[-94.133,36.0299],[-94.1337,36.0302],[-94.1358,36.0308],[-94.1366,36.0305],[-94.1411,36.0306],[-94.1456,36.0298],[-94.1456,36.0293],[-94.146,36.0189],[-94.1415,36.0188],[-94.1415,36.0167],[-94.1437,36.018],[-94.146,36.0182],[-94.1461,36.0152],[-94.155,36.0155],[-94.159,36.0156],[-94.1639,36.0157],[-94.1642,36.0048],[-94.1597,36.0047],[-94.1597,36.0036],[-94.16,35.9974],[-94.1621,35.9974],[-94.1644,35.9975],[-94.1646,35.9937],[-94.1651,35.9931],[-94.166,35.9903],[-94.1721,35.9904],[-94.1721,35.9922],[-94.1713,35.9922],[-94.1712,35.994],[-94.1708,35.9941],[-94.1691,35.994],[-94.17,35.9976],[-94.1709,36.0013],[-94.174,36.0013],[-94.1732,36.0158],[-94.1773,36.016],[-94.1774,36.0124],[-94.1841,36.0125],[-94.1838,36.0211],[-94.1853,36.0208],[-94.1853,36.0236],[-94.1866,36.0249],[-94.1858,36.027],[-94.1878,36.0271],[-94.1993,36.0273],[-94.1995,36.0199],[-94.2006,36.0194],[-94.2026,36.0202],[-94.2143,36.0205],[-94.2175,36.0206],[-94.2187,36.0213],[-94.2186,36.0242],[-94.2232,36.0243],[-94.2248,36.025],[-94.2248,36.0279],[-94.223,36.0279],[-94.2206,36.0279],[-94.2208,36.0313],[-94.2202,36.0315],[-94.2207,36.0315],[-94.2207,36.0333],[-94.2185,36.0333],[-94.2185,36.0349],[-94.2185,36.0351],[-94.2229,36.0352],[-94.2229,36.0365],[-94.2273,36.0374],[-94.2274,36.0379],[-94.2274,36.038],[-94.2228,36.038],[-94.2228,36.0411],[-94.2236,36.0411],[-94.2236,36.0425],[-94.2243,36.0425],[-94.2266,36.0434],[-94.2239,36.0471],[-94.2243,36.047],[-94.2243,36.0498],[-94.2271,36.0498],[-94.2271,36.0514],[-94.2315,36.0515],[-94.2314,36.0572],[-94.2314,36.0572],[-94.2358,36.0572],[-94.2402,36.0576],[-94.2402,36.0591],[-94.2425,36.0592],[-94.2425,36.061],[-94.2447,36.061],[-94.2449,36.0537],[-94.2538,36.0538],[-94.2537,36.0575],[-94.2559,36.0575],[-94.2545,36.0578],[-94.2537,36.061],[-94.2535,36.0656],[-94.2565,36.0656],[-94.2564,36.0662],[-94.2535,36.0662],[-94.2535,36.0676],[-94.258,36.0676],[-94.259,36.0685],[-94.2802,36.0686],[-94.2802,36.0675],[-94.282,36.0678],[-94.2824,36.0686],[-94.2819,36.0663],[-94.283,36.0663],[-94.2828,36.065],[-94.2803,36.065],[-94.2804,36.0576],[-94.2819,36.0577],[-94.29,36.0563],[-94.2914,36.0579],[-94.2914,36.0615],[-94.2892,36.0614],[-94.2891,36.0651],[-94.2912,36.0651],[-94.2911,36.0687],[-94.2978,36.0688],[-94.2978,36.0722]],[[-94.1176,36.0332],[-94.1175,36.0328],[-94.1168,36.0327],[-94.1168,36.034],[-94.1158,36.0339],[-94.1158,36.0351],[-94.1148,36.0351],[-94.1148,36.0373],[-94.1175,36.0367],[-94.1176,36.0332]],[[-94.2185,36.0351],[-94.2141,36.035],[-94.2035,36.0347],[-94.1946,36.0345],[-94.1943,36.0418],[-94.2139,36.0423],[-94.2183,36.0424],[-94.2185,36.0351]],[[-94.2241,36.0933],[-94.2234,36.0933],[-94.2233,36.0951],[-94.224,36.0951],[-94.2241,36.0933]]]]}},{"type":"Feature","id":"0576190","properties":{"name":"Winslow","land_sqmi":1.82,"lat":35.8017,"lon":-94.1297},"geometry":{"type":"MultiPolygon","coordinates":[[[[-94.1453,35.8018],[-94.1417,35.8018],[-94.1417,35.8054],[-94.1408,35.8053],[-94.1407,35.8072],[-94.1386,35.8071],[-94.1386,35.8053],[-94.1364,35.8052],[-94.1359,35.8161],[-94.13,35.8159],[-94.1272,35.8157],[-94.127,35.8169],[-94.126,35.8169],[-94.1257,35.8143],[-94.1271,35.8144],[-94.1272,35.8118],[-94.1273,35.8085],[-94.1229,35.8083],[-94.123,35.8058],[-94.1166,35.8057],[-94.1141,35.8046],[-94.1142,35.8003],[-94.1231,35.8005],[-94.1234,35.7906],[-94.1236,35.7866],[-94.1368,35.7871],[-94.1366,35.7938],[-94.1374,35.7944],[-94.1374,35.798],[-94.1376,35.798],[-94.1409,35.7981],[-94.1411,35.7945],[-94.1437,35.7945],[-94.1437,35.7962],[-94.1426,35.7981],[-94.1453,35.7982],[-94.1453,35.8018]]]]}},{"type":"Feature","id":"0553510","properties":{"name":"Parkdale","land_sqmi":1.02,"lat":33.1212,"lon":-91.5464},"geometry":{"type":"MultiPolygon","coordinates":[[[[-91.555,33.1212],[-91.555,33.1289],[-91.5376,33.1283],[-91.5377,33.121],[-91.5378,33.1136],[-91.5494,33.114],[-91.5551,33.114],[-91.555,33.1212]]]]}},{"type":"Feature","id":"0575890","properties":{"name":"Wilmot","land_sqmi":1.77,"lat":33.0592,"lon":-91.5765},"geometry":{"type":"MultiPolygon","coordinates":[[[[-91.5895,33.0576],[-91.5822,33.0567],[-91.5792,33.057],[-91.5769,33.0577],[-91.5742,33.06],[-91.5747,33.0617],[-91.5765,33.0628],[-91.5798,33.0636],[-91.5895,33.0638],[-91.5895,33.0698],[-91.5855,33.0692],[-91.5843,33.0694],[-91.5846,33.0674],[-91.5804,33.0674],[-91.5789,33.0658],[-91.5771,33.0662],[-91.5763,33.0671],[-91.5766,33.0695],[-91.5776,33.0707],[-91.5741,33.0707],[-91.5672,33.0707],[-91.566,33.0706],[-91.5636,33.0706],[-91.5635,33.0632],[-91.5635,33.0485],[-91.5794,33.0489],[-91.5794,33.0477],[-91.583,33.0477],[-91.582,33.0489],[-91.5895,33.0491],[-91.5895,33.0576]]]]}},{"type":"Feature","id":"0524010","properties":{"name":"Flippin","land_sqmi":1.88,"lat":36.2776,"lon":-92.596},"geometry":{"type":"MultiPolygon","coordinates":[[[[-92.6134,36.2792],[-92.6126,36.2799],[-92.6054,36.2797],[-92.6053,36.2832],[-92.6021,36.2834],[-92.6022,36.284],[-92.6022,36.2864],[-92.6021,36.2876],[-92.5952,36.2881],[-92.593,36.2881],[-92.5895,36.2903],[-92.5872,36.2902],[-92.5875,36.283],[-92.5865,36.283],[-92.5831,36.2829],[-92.5831,36.2796],[-92.5786,36.2796],[-92.5789,36.2648],[-92.5833,36.2684],[-92.5958,36.2687],[-92.6011,36.2687],[-92.6056,36.2688],[-92.6054,36.2772],[-92.6133,36.2755],[-92.6134,36.2792]]]]}},{"type":"Feature","id":"0513990","properties":{"name":"Clarendon","land_sqmi":1.75,"lat":34.692,"lon":-91.3061},"geometry":{"type":"MultiPolygon","coordinates":[[[[-91.3205,34.6968],[-91.3158,34.7013],[-91.315,34.7031],[-91.3106,34.7035],[-91.3029,34.7084],[-91.3004,34.7083],[-91.3007,34.7003],[-91.3004,34.6991],[-91.2918,34.699],[-91.2923,34.6842],[-91.3023,34.6888],[-91.3044,34.6888],[-91.312,34.6841],[-91.3111,34.681],[-91.311,34.6784],[-91.3077,34.6783],[-91.3076,34.6755],[-91.3159,34.6758],[-91.3167,34.6758],[-91.3161,34.6804],[-91.317,34.6859],[-91.3176,34.6915],[-91.3185,34.6942],[-91.3205,34.6968]]]]}},{"type":"Feature","id":"0523140","properties":{"name":"Fargo","land_sqmi":0.46,"lat":34.9545,"lon":-91.1785},"geometry":{"type":"MultiPolygon","coordinates":[[[[-91.1932,34.9484],[-91.1838,34.9483],[-91.179,34.962],[-91.1764,34.9691],[-91.1757,34.9699],[-91.1653,34.9698],[-91.1653,34.9691],[-91.1654,34.9684],[-91.1749,34.9685],[-91.1796,34.9554],[-91.1767,34.9553],[-91.1768,34.9534],[-91.174,34.9518],[-91.1714,34.9517],[-91.1718,34.9503],[-91.1682,34.9479],[-91.1685,34.9405],[-91.1637,34.9405],[-91.1638,34.9391],[-91.1702,34.9392],[-91.17,34.9472],[-91.1746,34.9504],[-91.1813,34.9505],[-91.1826,34.9469],[-91.1933,34.947],[-91.1932,34.9484]]]]}},{"type":"Feature","id":"0505980","properties":{"name":"Big Flat","land_sqmi":1.14,"lat":36.004,"lon":-92.4067},"geometry":{"type":"MultiPolygon","coordinates":[[[[-92.4151,35.9904],[-92.414,35.9904],[-92.4132,35.9905],[-92.412,35.9918],[-92.409,35.9977],[-92.4138,35.9977],[-92.4132,36.0157],[-92.4033,36.0155],[-92.4031,36.0192],[-92.3982,36.019],[-92.3989,36.0155],[-92.3994,35.9976],[-92.4083,35.9977],[-92.4084,35.9902],[-92.4133,35.9903],[-92.414,35.9895],[-92.4151,35.9887],[-92.4151,35.9904]]]]}},{"type":"Feature","id":"0539460","properties":{"name":"Leslie","land_sqmi":0.76,"lat":35.83,"lon":-92.5578},"geometry":{"type":"MultiPolygon","coordinates":[[[[-92.571,35.8339],[-92.5667,35.8339],[-92.5661,35.8361],[-92.5635,35.8353],[-92.562,35.831],[-92.5602,35.8342],[-92.5584,35.8351],[-92.5575,35.8374],[-92.5538,35.8373],[-92.5539,35.8337],[-92.5491,35.8336],[-92.5493,35.8264],[-92.5446,35.8263],[-92.5447,35.8227],[-92.5589,35.823],[-92.5589,35.8251],[-92.5625,35.8278],[-92.5634,35.8288],[-92.5645,35.8294],[-92.5673,35.8307],[-92.568,35.8312],[-92.571,35.8339]]]]}},{"type":"Feature","id":"0565480","properties":{"name":"South Lead Hill","land_sqmi":0.16,"lat":36.3976,"lon":-92.9062},"geometry":{"type":"MultiPolygon","coordinates":[[[[-92.9118,36.3956],[-92.909,36.3974],[-92.9077,36.4003],[-92.9049,36.4022],[-92.9049,36.4011],[-92.907,36.3997],[-92.9078,36.3975],[-92.9048,36.3975],[-92.9048,36.3957],[-92.9005,36.3956],[-92.9006,36.3929],[-92.9096,36.3931],[-92.9096,36.3943],[-92.9119,36.3947],[-92.9118,36.3956]]]]}},{"type":"Feature","id":"0525060","properties":{"name":"Fredonia (Biscoe)","land_sqmi":0.96,"lat":34.8209,"lon":-91.4141},"geometry":{"type":"MultiPolygon","coordinates":[[[[-91.4267,34.8102],[-91.4147,34.8158],[-91.4143,34.8269],[-91.4158,34.8331],[-91.4138,34.8331],[-91.4127,34.8269],[-91.4063,34.8268],[-91.4062,34.83],[-91.4018,34.83],[-91.4015,34.8267],[-91.4016,34.8186],[-91.4048,34.8186],[-91.405,34.8105],[-91.4221,34.8107],[-91.4257,34.8087],[-91.4266,34.81],[-91.4267,34.8102]]]]}},{"type":"Feature","id":"0570760","properties":{"name":"Ulm","land_sqmi":0.26,"lat":34.5762,"lon":-91.4617},"geometry":{"type":"MultiPolygon","coordinates":[[[[-91.4661,34.58],[-91.4571,34.5798],[-91.4573,34.5724],[-91.4608,34.5725],[-91.4662,34.5726],[-91.4661,34.58]]]]}},{"type":"Feature","id":"0541000","properties":{"name":"Little Rock","land_sqmi":120.28,"lat":34.7237,"lon":-92.3361},"geometry":{"type":"MultiPolygon","coordinates":[[[[-92.3839,34.8099],[-92.3825,34.8104],[-92.3828,34.811],[-92.3813,34.808],[-92.3832,34.8095],[-92.3836,34.8085],[-92.3839,34.8099]]],[[[-92.4618,34.7504],[-92.4595,34.7503],[-92.4595,34.7522],[-92.4554,34.7521],[-92.4551,34.7521],[-92.4551,34.752],[-92.4551,34.7503],[-92.4573,34.7506],[-92.4574,34.7467],[-92.4553,34.7467],[-92.4554,34.7412],[-92.4577,34.7412],[-92.4576,34.7431],[-92.4597,34.7432],[-92.4597,34.7467],[-92.4619,34.7468],[-92.4618,34.7504]]],[[[-92.5215,34.8116],[-92.5194,34.8116],[-92.5193,34.8152],[-92.515,34.815],[-92.5148,34.8167],[-92.5127,34.8167],[-92.5127,34.8179],[-92.5113,34.8177],[-92.5018,34.8136],[-92.4973,34.8124],[-92.4973,34.8167],[-92.4987,34.8191],[-92.4973,34.8183],[-92.4929,34.8182],[-92.4927,34.8218],[-92.4795,34.8216],[-92.4796,34.818],[-92.4705,34.8178],[-92.4706,34.8152],[-92.4651,34.8151],[-92.465,34.8183],[-92.4542,34.8144],[-92.451,34.8112],[-92.4509,34.8136],[-92.4509,34.8139],[-92.4511,34.8139],[-92.4517,34.8153],[-92.4497,34.8151],[-92.4499,34.8107],[-92.4475,34.811],[-92.441,34.8144],[-92.4401,34.8153],[-92.4389,34.8141],[-92.4369,34.8136],[-92.4344,34.8136],[-92.4319,34.8145],[-92.429,34.8144],[-92.4254,34.8149],[-92.4237,34.8139],[-92.4238,34.8123],[-92.421,34.8126],[-92.4185,34.8123],[-92.417,34.81],[-92.4128,34.809],[-92.4094,34.8066],[-92.4065,34.8054],[-92.4023,34.8041],[-92.3995,34.8035],[-92.3939,34.8016],[-92.3936,34.8017],[-92.3934,34.8018],[-92.3959,34.8039],[-92.3975,34.806],[-92.3988,34.8079],[-92.3951,34.814],[-92.3954,34.8158],[-92.3922,34.8156],[-92.3894,34.8155],[-92.3864,34.8141],[-92.3832,34.8108],[-92.3852,34.8118],[-92.3874,34.8144],[-92.3875,34.8118],[-92.3867,34.8113],[-92.3879,34.8096],[-92.3865,34.8068],[-92.3845,34.8041],[-92.3809,34.8006],[-92.3813,34.799],[-92.3788,34.7984],[-92.3786,34.7984],[-92.3752,34.7981],[-92.3664,34.7959],[-92.3623,34.7936],[-92.3609,34.7932],[-92.3562,34.791],[-92.3432,34.7888],[-92.3399,34.7887],[-92.3307,34.7887],[-92.3217,34.7884],[-92.316,34.787],[-92.3126,34.7854],[-92.3093,34.7822],[-92.308,34.7806],[-92.3057,34.7762],[-92.3073,34.7762],[-92.3065,34.7741],[-92.3004,34.7629],[-92.2979,34.7593],[-92.294,34.7573],[-92.2941,34.7566],[-92.2913,34.7552],[-92.2862,34.7546],[-92.2826,34.7532],[-92.2788,34.7518],[-92.2759,34.751],[-92.2732,34.7502],[-92.2693,34.7496],[-92.2633,34.7487],[-92.2628,34.748],[-92.2627,34.748],[-92.2622,34.7479],[-92.2526,34.7464],[-92.2476,34.7464],[-92.2438,34.7452],[-92.2357,34.7442],[-92.2284,34.7428],[-92.228,34.7419],[-92.2269,34.7433],[-92.2266,34.7459],[-92.222,34.7455],[-92.2174,34.7453],[-92.2149,34.745],[-92.2149,34.7424],[-92.2133,34.7418],[-92.2087,34.742],[-92.2023,34.7396],[-92.2001,34.738],[-92.1984,34.7375],[-92.1957,34.7347],[-92.1927,34.7332],[-92.1876,34.727],[-92.1899,34.7272],[-92.1882,34.7265],[-92.1875,34.7262],[-92.18,34.7213],[-92.1761,34.7196],[-92.1754,34.7186],[-92.173,34.7182],[-92.1697,34.7167],[-92.1669,34.7166],[-92.1624,34.7147],[-92.1605,34.7132],[-92.1576,34.7098],[-92.1554,34.705],[-92.1605,34.7062],[-92.1699,34.7067],[-92.1737,34.7066],[-92.1716,34.7031],[-92.1695,34.6997],[-92.1682,34.6993],[-92.1681,34.7029],[-92.1593,34.7026],[-92.1594,34.6996],[-92.1574,34.6997],[-92.157,34.6989],[-92.1506,34.6987],[-92.1508,34.6951],[-92.1568,34.6953],[-92.1588,34.6916],[-92.1609,34.6897],[-92.1635,34.6839],[-92.1634,34.6823],[-92.1618,34.6803],[-92.1688,34.6805],[-92.1687,34.6848],[-92.1815,34.6851],[-92.1812,34.6997],[-92.1812,34.6998],[-92.1941,34.7],[-92.1941,34.7033],[-92.2116,34.7038],[-92.2118,34.7048],[-92.2134,34.7047],[-92.2204,34.7025],[-92.2205,34.7024],[-92.2204,34.7038],[-92.2225,34.7041],[-92.2232,34.7077],[-92.2214,34.7077],[-92.2214,34.7129],[-92.2234,34.7143],[-92.2257,34.7144],[-92.2247,34.7152],[-92.2247,34.7178],[-92.2365,34.7181],[-92.2375,34.7177],[-92.2332,34.7114],[-92.2334,34.7098],[-92.2352,34.7099],[-92.2357,34.7081],[-92.2374,34.7081],[-92.2375,34.7081],[-92.2375,34.7054],[-92.2375,34.7046],[-92.2305,34.7044],[-92.231,34.7027],[-92.2316,34.7004],[-92.2333,34.698],[-92.2337,34.698],[-92.2356,34.6952],[-92.2377,34.6952],[-92.2422,34.6954],[-92.2419,34.7048],[-92.2463,34.7054],[-92.2466,34.6976],[-92.2555,34.6978],[-92.2559,34.6868],[-92.2694,34.6871],[-92.2702,34.6871],[-92.271,34.6948],[-92.277,34.695],[-92.2775,34.6877],[-92.2817,34.6879],[-92.2819,34.6841],[-92.2862,34.6843],[-92.2865,34.6789],[-92.2909,34.6791],[-92.2912,34.6737],[-92.2959,34.6739],[-92.2957,34.6776],[-92.2998,34.6779],[-92.2997,34.6794],[-92.2984,34.6809],[-92.3009,34.6811],[-92.3041,34.6744],[-92.308,34.6633],[-92.3101,34.6603],[-92.3101,34.6593],[-92.3065,34.6592],[-92.3059,34.6546],[-92.306,34.6528],[-92.3106,34.6528],[-92.3106,34.6546],[-92.3136,34.6581],[-92.3157,34.6574],[-92.3225,34.657],[-92.3239,34.6564],[-92.3389,34.6484],[-92.3456,34.6447],[-92.3502,34.6423],[-92.3505,34.6367],[-92.3461,34.6366],[-92.3462,34.6334],[-92.3431,34.6333],[-92.3433,34.6297],[-92.3388,34.6296],[-92.3391,34.626],[-92.3435,34.6261],[-92.3433,34.6287],[-92.3463,34.6287],[-92.3465,34.6256],[-92.3466,34.6256],[-92.3509,34.6257],[-92.3507,34.633],[-92.3551,34.6331],[-92.3549,34.6394],[-92.3549,34.6398],[-92.364,34.6347],[-92.3741,34.6294],[-92.38,34.6292],[-92.3818,34.6284],[-92.3819,34.6263],[-92.3845,34.6263],[-92.3995,34.6264],[-92.4132,34.6265],[-92.4169,34.6266],[-92.4352,34.6268],[-92.4381,34.6269],[-92.443,34.6269],[-92.4384,34.6309],[-92.4381,34.6312],[-92.438,34.6313],[-92.4427,34.6351],[-92.4428,34.635],[-92.4449,34.6336],[-92.4448,34.6345],[-92.4447,34.638],[-92.4446,34.6389],[-92.4446,34.6404],[-92.4446,34.6408],[-92.4443,34.6465],[-92.444,34.6534],[-92.4439,34.6542],[-92.4436,34.6628],[-92.4434,34.6696],[-92.4433,34.672],[-92.4317,34.6717],[-92.4314,34.6826],[-92.427,34.6825],[-92.427,34.682],[-92.4226,34.6814],[-92.4226,34.6806],[-92.427,34.6807],[-92.4271,34.6789],[-92.4226,34.6788],[-92.4226,34.6788],[-92.4225,34.6788],[-92.4208,34.6787],[-92.4208,34.6814],[-92.4197,34.6814],[-92.4197,34.6788],[-92.4142,34.6785],[-92.414,34.682],[-92.4184,34.6822],[-92.4182,34.6858],[-92.4226,34.686],[-92.4232,34.686],[-92.4233,34.6896],[-92.4268,34.6897],[-92.4266,34.6969],[-92.4222,34.6967],[-92.4222,34.7004],[-92.4177,34.7002],[-92.4179,34.693],[-92.4136,34.6929],[-92.4135,34.6966],[-92.4134,34.6976],[-92.4135,34.7001],[-92.4151,34.7001],[-92.4134,34.7007],[-92.4133,34.7076],[-92.4131,34.7077],[-92.4139,34.711],[-92.4128,34.7128],[-92.4126,34.7182],[-92.4127,34.7183],[-92.4169,34.7183],[-92.4168,34.722],[-92.4299,34.7224],[-92.4343,34.7225],[-92.4342,34.7262],[-92.443,34.7264],[-92.4429,34.7299],[-92.447,34.7303],[-92.4468,34.7379],[-92.4466,34.7446],[-92.4425,34.7444],[-92.4425,34.7409],[-92.4385,34.7408],[-92.4339,34.7407],[-92.4338,34.7442],[-92.4337,34.7461],[-92.4326,34.7461],[-92.4303,34.7448],[-92.4303,34.7479],[-92.4354,34.748],[-92.4368,34.7497],[-92.4423,34.7499],[-92.4423,34.7518],[-92.444,34.7518],[-92.4439,34.753],[-92.4431,34.753],[-92.4431,34.7543],[-92.4446,34.755],[-92.4452,34.7518],[-92.4542,34.7521],[-92.4551,34.7521],[-92.455,34.7568],[-92.4556,34.7587],[-92.4549,34.7586],[-92.4554,34.7604],[-92.4574,34.7611],[-92.4607,34.7613],[-92.4607,34.7596],[-92.4622,34.7599],[-92.4663,34.7603],[-92.4695,34.7615],[-92.4695,34.7632],[-92.4724,34.7644],[-92.4737,34.7636],[-92.4817,34.7637],[-92.4818,34.7594],[-92.4829,34.7593],[-92.4846,34.7596],[-92.4886,34.762],[-92.4939,34.7635],[-92.4945,34.7639],[-92.4944,34.7677],[-92.4988,34.7678],[-92.4987,34.7714],[-92.4943,34.7713],[-92.4943,34.7749],[-92.4987,34.7751],[-92.4986,34.7771],[-92.4983,34.7822],[-92.5006,34.7822],[-92.5,34.7895],[-92.4998,34.7967],[-92.4888,34.7965],[-92.4889,34.7929],[-92.4758,34.7926],[-92.4758,34.7944],[-92.4802,34.7945],[-92.4801,34.7981],[-92.4821,34.7982],[-92.4821,34.7991],[-92.4843,34.7991],[-92.4843,34.8],[-92.4887,34.8001],[-92.4886,34.8019],[-92.493,34.8019],[-92.493,34.8038],[-92.4974,34.8038],[-92.4974,34.805],[-92.5151,34.8053],[-92.5151,34.808],[-92.5216,34.8081],[-92.5215,34.8116]],[[-92.3492,34.7758],[-92.3448,34.7756],[-92.3447,34.7775],[-92.3415,34.7776],[-92.3403,34.7785],[-92.3403,34.7803],[-92.34,34.7848],[-92.3489,34.7851],[-92.3491,34.7797],[-92.3491,34.7779],[-92.3492,34.7758]]]]}},{"type":"Feature","id":"0502680","properties":{"name":"Aubrey","land_sqmi":0.33,"lat":34.7204,"lon":-90.8964},"geometry":{"type":"MultiPolygon","coordinates":[[[[-90.9013,34.7094],[-90.9001,34.7311],[-90.9,34.7313],[-90.8993,34.7314],[-90.8994,34.7254],[-90.8915,34.7189],[-90.8916,34.7162],[-90.8996,34.7162],[-90.9006,34.7094],[-90.9013,34.7094]]]]}},{"type":"Feature","id":"0514950","properties":{"name":"Colt","land_sqmi":1.26,"lat":35.1312,"lon":-90.8137},"geometry":{"type":"MultiPolygon","coordinates":[[[[-90.8247,35.1406],[-90.8025,35.1405],[-90.8027,35.1255],[-90.8115,35.1256],[-90.8116,35.1219],[-90.8164,35.1219],[-90.8164,35.1255],[-90.8205,35.1255],[-90.8204,35.132],[-90.8249,35.1322],[-90.8247,35.1406]]]]}},{"type":"Feature","id":"0553150","properties":{"name":"Palestine","land_sqmi":3.4,"lat":34.9687,"lon":-90.9088},"geometry":{"type":"MultiPolygon","coordinates":[[[[-90.9246,34.9871],[-90.902,34.9869],[-90.902,34.9832],[-90.8931,34.9831],[-90.8932,34.9695],[-90.899,34.9683],[-90.8993,34.9673],[-90.8968,34.965],[-90.8949,34.9618],[-90.8932,34.9554],[-90.8933,34.9503],[-90.9145,34.9503],[-90.9156,34.9503],[-90.9156,34.963],[-90.9191,34.9626],[-90.9201,34.9639],[-90.9202,34.9679],[-90.9169,34.9689],[-90.9156,34.968],[-90.9156,34.9714],[-90.9169,34.9713],[-90.9169,34.9737],[-90.9156,34.9737],[-90.9156,34.9782],[-90.9202,34.9763],[-90.9245,34.9754],[-90.9246,34.9871]]]]}},{"type":"Feature","id":"0531900","properties":{"name":"Hickory Ridge","land_sqmi":0.65,"lat":35.4034,"lon":-90.9922},"geometry":{"type":"MultiPolygon","coordinates":[[[[-91.0,35.4106],[-90.9929,35.4115],[-90.9909,35.4105],[-90.9909,35.408],[-90.9886,35.4079],[-90.9889,35.3981],[-90.9844,35.397],[-90.9912,35.3971],[-90.9912,35.3953],[-91.0001,35.3954],[-91.0,35.4106]]]]}},{"type":"Feature","id":"0513750","properties":{"name":"Chidester","land_sqmi":5.31,"lat":33.7033,"lon":-93.0251},"geometry":{"type":"MultiPolygon","coordinates":[[[[-93.0492,33.7073],[-93.0448,33.7072],[-93.0445,33.7144],[-93.0402,33.7143],[-93.04,33.718],[-93.0444,33.7181],[-93.0443,33.7218],[-93.0311,33.7215],[-93.0313,33.7183],[-93.0302,33.7178],[-93.0207,33.7176],[-93.0183,33.7176],[-93.0185,33.7139],[-93.0008,33.7141],[-93.0019,33.6992],[-93.0024,33.685],[-93.0094,33.6852],[-93.0282,33.6847],[-93.0366,33.685],[-93.0365,33.6924],[-93.0409,33.6925],[-93.0408,33.6962],[-93.0452,33.6963],[-93.045,33.6999],[-93.0494,33.7],[-93.0492,33.7073]]]]}},{"type":"Feature","id":"0541630","properties":{"name":"Louann","land_sqmi":0.24,"lat":33.3915,"lon":-92.7924},"geometry":{"type":"MultiPolygon","coordinates":[[[[-92.7981,33.3936],[-92.7953,33.3944],[-92.7867,33.3941],[-92.7865,33.3916],[-92.7869,33.3887],[-92.7921,33.3888],[-92.7982,33.389],[-92.7981,33.3936]]]]}},{"type":"Feature","id":"0505260","properties":{"name":"Ben Lomond","land_sqmi":3.92,"lat":33.8334,"lon":-94.1181},"geometry":{"type":"MultiPolygon","coordinates":[[[[-94.1351,33.8503],[-94.1089,33.8494],[-94.1092,33.8422],[-94.1004,33.8419],[-94.1008,33.8273],[-94.101,33.8164],[-94.1273,33.8172],[-94.1271,33.8284],[-94.1358,33.8286],[-94.1351,33.8503]]]]}},{"type":"Feature","id":"0527010","properties":{"name":"Gillham","land_sqmi":0.87,"lat":34.1695,"lon":-94.3137},"geometry":{"type":"MultiPolygon","coordinates":[[[[-94.3225,34.1767],[-94.3159,34.1768],[-94.3092,34.1767],[-94.3092,34.1695],[-94.3049,34.1695],[-94.3049,34.1622],[-94.3222,34.1622],[-94.3224,34.1641],[-94.3225,34.1767]]]]}},{"type":"Feature","id":"0524550","properties":{"name":"Fort Smith","land_sqmi":64.19,"lat":35.3545,"lon":-94.3442},"geometry":{"type":"MultiPolygon","coordinates":[[[[-94.4356,35.3861],[-94.4315,35.3915],[-94.4307,35.3925],[-94.4308,35.3935],[-94.4275,35.3997],[-94.4255,35.4047],[-94.4236,35.4105],[-94.4232,35.4155],[-94.4234,35.4184],[-94.4241,35.4217],[-94.4262,35.4288],[-94.4265,35.4307],[-94.4263,35.4342],[-94.4259,35.4362],[-94.4237,35.44],[-94.4206,35.4434],[-94.4173,35.4458],[-94.4147,35.4472],[-94.4103,35.4487],[-94.4071,35.4494],[-94.4024,35.4499],[-94.3962,35.4501],[-94.3909,35.4498],[-94.3868,35.4489],[-94.3838,35.4477],[-94.3806,35.4455],[-94.3746,35.44],[-94.3712,35.4371],[-94.3647,35.4329],[-94.3583,35.4291],[-94.3582,35.4291],[-94.3572,35.4285],[-94.3505,35.425],[-94.3495,35.4244],[-94.3473,35.4228],[-94.3472,35.4227],[-94.3434,35.4189],[-94.3404,35.4149],[-94.3384,35.4112],[-94.3372,35.4074],[-94.337,35.4027],[-94.3375,35.4007],[-94.3387,35.3977],[-94.3406,35.3951],[-94.3448,35.3897],[-94.3476,35.3851],[-94.3483,35.3826],[-94.3475,35.3787],[-94.3458,35.375],[-94.3445,35.3729],[-94.3409,35.3697],[-94.3342,35.3672],[-94.3273,35.3659],[-94.3259,35.3655],[-94.3246,35.3651],[-94.3177,35.3614],[-94.3055,35.3533],[-94.3049,35.3529],[-94.3053,35.3447],[-94.3053,35.34],[-94.3208,35.3404],[-94.3231,35.3404],[-94.3237,35.3227],[-94.3212,35.3228],[-94.3156,35.3207],[-94.3163,35.3185],[-94.3168,35.3176],[-94.3182,35.3162],[-94.3218,35.3134],[-94.3108,35.3131],[-94.3067,35.3152],[-94.3024,35.317],[-94.3019,35.3163],[-94.2952,35.3195],[-94.2914,35.3195],[-94.2929,35.3163],[-94.2914,35.3159],[-94.2884,35.315],[-94.2893,35.3128],[-94.2818,35.3107],[-94.283,35.3078],[-94.2837,35.3051],[-94.2822,35.3048],[-94.2767,35.302],[-94.2742,35.3015],[-94.256,35.301],[-94.2529,35.3004],[-94.2536,35.2791],[-94.3361,35.2808],[-94.3426,35.2743],[-94.3426,35.2745],[-94.3426,35.277],[-94.3426,35.2811],[-94.3469,35.2811],[-94.3467,35.2881],[-94.3543,35.2888],[-94.3613,35.2887],[-94.3618,35.2852],[-94.3706,35.2854],[-94.3705,35.2876],[-94.3704,35.289],[-94.3766,35.2891],[-94.3766,35.2897],[-94.3794,35.2898],[-94.3793,35.2928],[-94.3853,35.293],[-94.3793,35.2842],[-94.3783,35.2847],[-94.3757,35.2827],[-94.373,35.2826],[-94.373,35.2818],[-94.3708,35.2819],[-94.3708,35.2805],[-94.3694,35.2805],[-94.3694,35.2822],[-94.3618,35.2848],[-94.3619,35.2815],[-94.3576,35.2814],[-94.3574,35.2777],[-94.3533,35.2776],[-94.3533,35.274],[-94.3497,35.2739],[-94.3486,35.2739],[-94.3473,35.2702],[-94.3443,35.2701],[-94.3428,35.2701],[-94.3427,35.272],[-94.3384,35.2719],[-94.3386,35.2664],[-94.3297,35.2661],[-94.3298,35.2589],[-94.3339,35.2589],[-94.3477,35.2592],[-94.3475,35.2646],[-94.35,35.2637],[-94.3505,35.2666],[-94.3535,35.2666],[-94.3534,35.2704],[-94.355,35.2704],[-94.3578,35.2705],[-94.3579,35.2668],[-94.3668,35.267],[-94.3667,35.2707],[-94.3701,35.2708],[-94.3668,35.2659],[-94.3668,35.2653],[-94.3669,35.2634],[-94.3701,35.2635],[-94.3757,35.2636],[-94.3756,35.2672],[-94.371,35.2671],[-94.371,35.2674],[-94.3711,35.2677],[-94.3726,35.2678],[-94.3726,35.2696],[-94.3748,35.2696],[-94.3747,35.2708],[-94.3712,35.2707],[-94.3711,35.2711],[-94.3729,35.2716],[-94.3717,35.2725],[-94.373,35.2743],[-94.3763,35.2787],[-94.3764,35.2792],[-94.3782,35.2819],[-94.3884,35.2821],[-94.3885,35.2803],[-94.3929,35.2804],[-94.3929,35.2822],[-94.4061,35.2826],[-94.4106,35.2827],[-94.4107,35.279],[-94.4172,35.2792],[-94.4284,35.2795],[-94.4284,35.2788],[-94.4292,35.2787],[-94.4353,35.2788],[-94.4353,35.2803],[-94.4321,35.2832],[-94.431,35.2824],[-94.4298,35.2832],[-94.424,35.283],[-94.4205,35.2829],[-94.4207,35.2848],[-94.4194,35.2852],[-94.4192,35.2902],[-94.4232,35.2903],[-94.422,35.294],[-94.4234,35.294],[-94.4232,35.2989],[-94.425,35.2989],[-94.4248,35.3011],[-94.4231,35.3011],[-94.423,35.3038],[-94.4272,35.3034],[-94.4286,35.3014],[-94.4336,35.3015],[-94.4344,35.302],[-94.4341,35.3065],[-94.434,35.3094],[-94.4339,35.3124],[-94.4339,35.314],[-94.4339,35.3142],[-94.4338,35.3174],[-94.4337,35.32],[-94.4334,35.3285],[-94.433,35.3394],[-94.4328,35.3464],[-94.4326,35.3521],[-94.4326,35.3538],[-94.4322,35.3636],[-94.433,35.3657],[-94.4331,35.3659],[-94.4316,35.3695],[-94.4334,35.3763],[-94.4331,35.3783],[-94.4356,35.3861]],[[-94.4294,35.3067],[-94.4264,35.3067],[-94.4269,35.305],[-94.423,35.3049],[-94.4228,35.3085],[-94.4279,35.3086],[-94.4294,35.3067]],[[-94.3962,35.3151],[-94.3959,35.3165],[-94.3874,35.3163],[-94.3873,35.3186],[-94.387,35.3267],[-94.3874,35.3273],[-94.3948,35.3274],[-94.395,35.3274],[-94.3958,35.3274],[-94.3962,35.3178],[-94.3962,35.3151]],[[-94.3883,35.2895],[-94.3881,35.2893],[-94.3862,35.2894],[-94.3862,35.2901],[-94.3883,35.2902],[-94.3883,35.2895]],[[-94.3831,35.3068],[-94.3803,35.2993],[-94.3775,35.3009],[-94.3735,35.3008],[-94.3734,35.3054],[-94.3697,35.3055],[-94.3646,35.3054],[-94.3607,35.306],[-94.3523,35.3087],[-94.3478,35.309],[-94.3483,35.3175],[-94.3501,35.318],[-94.347,35.3201],[-94.3468,35.3224],[-94.3455,35.3246],[-94.3485,35.3251],[-94.3501,35.3236],[-94.3558,35.3246],[-94.3564,35.3223],[-94.3569,35.3216],[-94.3595,35.3198],[-94.3587,35.3195],[-94.36,35.3181],[-94.36,35.3193],[-94.3588,35.3208],[-94.3567,35.322],[-94.3561,35.3246],[-94.3547,35.326],[-94.3606,35.3265],[-94.3606,35.3255],[-94.3607,35.3228],[-94.3609,35.3217],[-94.3646,35.3218],[-94.3649,35.3222],[-94.3652,35.3248],[-94.3687,35.3269],[-94.3702,35.3269],[-94.3694,35.3262],[-94.3695,35.3217],[-94.3696,35.3182],[-94.3718,35.3182],[-94.3719,35.3146],[-94.3695,35.3146],[-94.3696,35.3109],[-94.3816,35.3112],[-94.3857,35.3104],[-94.3831,35.3068]],[[-94.3785,35.2835],[-94.3733,35.2757],[-94.3721,35.2769],[-94.371,35.275],[-94.3709,35.279],[-94.3709,35.2795],[-94.3738,35.2809],[-94.3738,35.2818],[-94.3756,35.2819],[-94.3785,35.2835]],[[-94.3556,35.2968],[-94.3532,35.2961],[-94.3527,35.2963],[-94.3511,35.2972],[-94.3464,35.2956],[-94.3462,35.3028],[-94.3446,35.3028],[-94.345,35.3034],[-94.3442,35.3039],[-94.3454,35.3052],[-94.3464,35.3049],[-94.3478,35.3076],[-94.3478,35.3084],[-94.3499,35.3083],[-94.3468,35.3033],[-94.3466,35.3031],[-94.3492,35.3025],[-94.3496,35.3023],[-94.3512,35.3006],[-94.3526,35.2999],[-94.3541,35.299],[-94.3549,35.2981],[-94.3556,35.2968]],[[-94.346,35.3186],[-94.3437,35.3185],[-94.3435,35.3199],[-94.3434,35.3218],[-94.3441,35.3241],[-94.3442,35.3228],[-94.3457,35.3228],[-94.346,35.3186]],[[-94.3793,35.2928],[-94.3707,35.2926],[-94.3704,35.2927],[-94.3703,35.2963],[-94.3703,35.2978],[-94.3745,35.2979],[-94.3745,35.2973],[-94.3796,35.2974],[-94.3793,35.2964],[-94.3793,35.2928]]]]}},{"type":"Feature","id":"0533940","properties":{"name":"Huntington","land_sqmi":0.67,"lat":35.0815,"lon":-94.2655},"geometry":{"type":"MultiPolygon","coordinates":[[[[-94.2772,35.0845],[-94.2682,35.0842],[-94.2681,35.0858],[-94.263,35.0858],[-94.2625,35.0871],[-94.2621,35.0858],[-94.255,35.0858],[-94.2551,35.0819],[-94.2535,35.0811],[-94.2551,35.0811],[-94.2552,35.0784],[-94.2621,35.0784],[-94.2648,35.0779],[-94.2684,35.0779],[-94.2685,35.0759],[-94.2729,35.0767],[-94.2775,35.0769],[-94.2772,35.0845]]]]}},{"type":"Feature","id":"0522360","properties":{"name":"Evening Shade","land_sqmi":1.67,"lat":36.0697,"lon":-91.6233},"geometry":{"type":"MultiPolygon","coordinates":[[[[-91.6372,36.0771],[-91.6288,36.077],[-91.626,36.0759],[-91.6209,36.0776],[-91.6178,36.08],[-91.6168,36.0822],[-91.6129,36.0821],[-91.6121,36.0809],[-91.61,36.081],[-91.6101,36.0773],[-91.612,36.0769],[-91.6122,36.0746],[-91.6102,36.0701],[-91.6104,36.0612],[-91.6091,36.0572],[-91.6104,36.0591],[-91.6238,36.0594],[-91.6239,36.065],[-91.6279,36.065],[-91.6374,36.0651],[-91.6372,36.0771]]]]}},{"type":"Feature","id":"0564280","properties":{"name":"Sidney","land_sqmi":2.09,"lat":36.0028,"lon":-91.6584},"geometry":{"type":"MultiPolygon","coordinates":[[[[-91.682,36.0107],[-91.6685,36.0107],[-91.6684,36.0144],[-91.6502,36.0145],[-91.6503,36.0104],[-91.6434,36.0103],[-91.6435,36.0069],[-91.6458,36.007],[-91.6461,36.0012],[-91.6347,36.001],[-91.6348,35.9973],[-91.6507,35.9977],[-91.6509,35.9912],[-91.6577,35.9913],[-91.6576,35.9943],[-91.6609,35.9941],[-91.6648,35.9961],[-91.662,35.9961],[-91.6619,35.9996],[-91.6709,35.9998],[-91.6712,36.0068],[-91.6755,36.0071],[-91.6756,36.0034],[-91.6803,36.0035],[-91.6802,36.0074],[-91.6821,36.0088],[-91.682,36.0107]]]]}},{"type":"Feature","id":"0510600","properties":{"name":"Calion","land_sqmi":1.07,"lat":33.3283,"lon":-92.5456},"geometry":{"type":"MultiPolygon","coordinates":[[[[-92.5609,33.3245],[-92.5565,33.3267],[-92.5564,33.3284],[-92.5519,33.3317],[-92.5498,33.3313],[-92.5405,33.3364],[-92.5352,33.3421],[-92.5318,33.3411],[-92.5304,33.3395],[-92.5306,33.3254],[-92.5387,33.3254],[-92.5393,33.324],[-92.5393,33.3218],[-92.535,33.3217],[-92.5351,33.3144],[-92.5437,33.3146],[-92.5435,33.3255],[-92.5458,33.3256],[-92.5458,33.3242],[-92.5477,33.3242],[-92.5472,33.3256],[-92.5497,33.3256],[-92.5478,33.3274],[-92.5478,33.3292],[-92.55,33.3293],[-92.5551,33.3258],[-92.5609,33.3229],[-92.5609,33.3245]]]]}},{"type":"Feature","id":"0536130","properties":{"name":"Junction City","land_sqmi":1.14,"lat":33.024,"lon":-92.7207},"geometry":{"type":"MultiPolygon","coordinates":[[[[-92.7331,33.0265],[-92.7288,33.0264],[-92.7286,33.0336],[-92.7244,33.0336],[-92.7244,33.03],[-92.7157,33.0299],[-92.7158,33.0145],[-92.7115,33.0164],[-92.7084,33.0177],[-92.7082,33.0143],[-92.7113,33.0143],[-92.7115,33.0143],[-92.7158,33.0144],[-92.7159,33.0144],[-92.7236,33.0143],[-92.7247,33.0143],[-92.725,33.0144],[-92.7332,33.0143],[-92.7331,33.0265]]]]}},{"type":"Feature","id":"0530790","properties":{"name":"Havana","land_sqmi":0.6,"lat":35.1096,"lon":-93.5222},"geometry":{"type":"MultiPolygon","coordinates":[[[[-93.5346,35.1156],[-93.5212,35.1154],[-93.5213,35.1075],[-93.5157,35.1058],[-93.5126,35.1059],[-93.5097,35.106],[-93.5126,35.1055],[-93.5127,35.1035],[-93.5177,35.1035],[-93.523,35.1035],[-93.5229,35.1062],[-93.5348,35.1065],[-93.5346,35.1156]]]]}},{"type":"Feature","id":"0529650","properties":{"name":"Hampton","land_sqmi":3.28,"lat":33.5293,"lon":-92.4674},"geometry":{"type":"MultiPolygon","coordinates":[[[[-92.4862,33.5387],[-92.4791,33.5388],[-92.4789,33.546],[-92.4745,33.5459],[-92.4744,33.5495],[-92.4682,33.5494],[-92.454,33.549],[-92.4531,33.5472],[-92.4485,33.5471],[-92.4491,33.5372],[-92.4525,33.5373],[-92.4531,33.523],[-92.4703,33.5234],[-92.4708,33.5091],[-92.4752,33.5091],[-92.4756,33.5163],[-92.4742,33.5235],[-92.4789,33.5237],[-92.4787,33.5309],[-92.4864,33.5311],[-92.4862,33.5387]]]]}},{"type":"Feature","id":"0575500","properties":{"name":"Wickes","land_sqmi":2.32,"lat":34.3021,"lon":-94.3339},"geometry":{"type":"MultiPolygon","coordinates":[[[[-94.3512,34.3155],[-94.3473,34.314],[-94.3419,34.3073],[-94.3167,34.3069],[-94.3171,34.2887],[-94.3478,34.2892],[-94.3476,34.3008],[-94.3475,34.3072],[-94.3512,34.3155]]]]}},{"type":"Feature","id":"0507210","properties":{"name":"Blue Mountain","land_sqmi":1.07,"lat":35.131,"lon":-93.7162},"geometry":{"type":"MultiPolygon","coordinates":[[[[-93.7254,35.135],[-93.725,35.1359],[-93.7249,35.1386],[-93.7068,35.1384],[-93.7068,35.1349],[-93.7069,35.131],[-93.707,35.124],[-93.7255,35.1234],[-93.7254,35.135]]]]}},{"type":"Feature","id":"0562960","properties":{"name":"Scranton","land_sqmi":0.51,"lat":35.3606,"lon":-93.5393},"geometry":{"type":"MultiPolygon","coordinates":[[[[-93.5482,35.3644],[-93.5303,35.3641],[-93.5305,35.3568],[-93.5319,35.3568],[-93.5327,35.3569],[-93.5483,35.3572],[-93.5482,35.3644]]]]}},{"type":"Feature","id":"0526440","properties":{"name":"Georgetown","land_sqmi":0.29,"lat":35.1272,"lon":-91.4547},"geometry":{"type":"MultiPolygon","coordinates":[[[[-91.4556,35.13],[-91.4519,35.1338],[-91.4492,35.1286],[-91.4501,35.1277],[-91.4508,35.1227],[-91.4531,35.1205],[-91.4602,35.1254],[-91.4556,35.13]]]]}},{"type":"Feature","id":"0560770","properties":{"name":"Rose Bud","land_sqmi":6.04,"lat":35.3249,"lon":-92.0816},"geometry":{"type":"MultiPolygon","coordinates":[[[[-92.1011,35.3418],[-92.0987,35.3418],[-92.0985,35.3473],[-92.063,35.3461],[-92.062,35.3317],[-92.0634,35.3289],[-92.0639,35.3026],[-92.0996,35.3037],[-92.0992,35.3154],[-92.0988,35.34],[-92.1011,35.3418]]]]}},{"type":"Feature","id":"0515550","properties":{"name":"Cotton Plant","land_sqmi":1.04,"lat":35.0062,"lon":-91.253},"geometry":{"type":"MultiPolygon","coordinates":[[[[-91.2622,35.0051],[-91.2622,35.0056],[-91.2592,35.0055],[-91.2589,35.0142],[-91.2434,35.0139],[-91.2434,35.0044],[-91.2436,34.9985],[-91.2466,34.9981],[-91.2511,34.9982],[-91.2625,34.9988],[-91.2622,35.0051]]]]}},{"type":"Feature","id":"0542500","properties":{"name":"McCrory","land_sqmi":2.37,"lat":35.259,"lon":-91.1934},"geometry":{"type":"MultiPolygon","coordinates":[[[[-91.2219,35.2568],[-91.2218,35.2571],[-91.2168,35.2567],[-91.2088,35.2572],[-91.2086,35.2692],[-91.1911,35.2698],[-91.1911,35.269],[-91.191,35.2608],[-91.1855,35.2608],[-91.1847,35.2631],[-91.1824,35.2634],[-91.1823,35.2549],[-91.1654,35.2536],[-91.1654,35.2531],[-91.1654,35.2529],[-91.1654,35.2501],[-91.1648,35.2496],[-91.1749,35.2498],[-91.1752,35.2531],[-91.1824,35.2532],[-91.1824,35.2499],[-91.198,35.25],[-91.198,35.2482],[-91.1999,35.2482],[-91.209,35.2484],[-91.2172,35.2483],[-91.217,35.2539],[-91.2169,35.2557],[-91.2199,35.2558],[-91.22,35.2539],[-91.2219,35.2539],[-91.2219,35.2568]]]]}},{"type":"Feature","id":"0500250","properties":{"name":"Adona","land_sqmi":0.95,"lat":35.0399,"lon":-92.8991},"geometry":{"type":"MultiPolygon","coordinates":[[[[-92.9101,35.0456],[-92.8879,35.0452],[-92.8881,35.0386],[-92.8881,35.0386],[-92.8882,35.0343],[-92.897,35.0344],[-92.9103,35.0346],[-92.9101,35.0456]]]]}},{"type":"Feature","id":"0501540","properties":{"name":"Antoine","land_sqmi":0.51,"lat":34.034,"lon":-93.4209},"geometry":{"type":"MultiPolygon","coordinates":[[[[-93.4279,34.0402],[-93.4191,34.04],[-93.4181,34.039],[-93.4162,34.038],[-93.4135,34.0346],[-93.4169,34.0339],[-93.4196,34.0339],[-93.4192,34.0328],[-93.4195,34.0278],[-93.4283,34.0278],[-93.4279,34.0402]]]]}},{"type":"Feature","id":"0551080","properties":{"name":"Oakhaven","land_sqmi":0.05,"lat":33.7293,"lon":-93.6204},"geometry":{"type":"MultiPolygon","coordinates":[[[[-93.6238,33.7302],[-93.6212,33.7311],[-93.6194,33.7295],[-93.6169,33.7307],[-93.619,33.7284],[-93.6188,33.7274],[-93.6229,33.7289],[-93.6238,33.7302]]]]}},{"type":"Feature","id":"0515940","properties":{"name":"Crawfordsville","land_sqmi":0.56,"lat":35.2271,"lon":-90.3212},"geometry":{"type":"MultiPolygon","coordinates":[[[[-90.3308,35.2312],[-90.3263,35.2312],[-90.3263,35.2338],[-90.3114,35.2274],[-90.3122,35.2262],[-90.3176,35.2263],[-90.3198,35.2267],[-90.3199,35.224],[-90.3221,35.224],[-90.3222,35.2203],[-90.3311,35.2203],[-90.3308,35.2312]]]]}},{"type":"Feature","id":"0543280","properties":{"name":"Madison","land_sqmi":2.48,"lat":35.0204,"lon":-90.7285},"geometry":{"type":"MultiPolygon","coordinates":[[[[-90.75,35.0339],[-90.75,35.0355],[-90.7361,35.0323],[-90.7336,35.032],[-90.7317,35.032],[-90.728,35.0324],[-90.7281,35.022],[-90.7251,35.0222],[-90.714,35.0222],[-90.7084,35.022],[-90.7057,35.0228],[-90.7056,35.0222],[-90.7064,35.0221],[-90.7112,35.017],[-90.7169,35.0148],[-90.7182,35.0132],[-90.7178,35.0119],[-90.7155,35.0104],[-90.7174,35.0092],[-90.7176,35.0074],[-90.7265,35.0075],[-90.733,35.0053],[-90.7336,35.0073],[-90.7362,35.0073],[-90.7458,35.0073],[-90.7458,35.0102],[-90.7442,35.011],[-90.7433,35.0146],[-90.7382,35.0145],[-90.7389,35.0156],[-90.7409,35.0164],[-90.742,35.0207],[-90.7445,35.0222],[-90.7448,35.0251],[-90.746,35.0271],[-90.7459,35.0282],[-90.7468,35.0286],[-90.7496,35.0283],[-90.7497,35.0304],[-90.7513,35.0314],[-90.75,35.0339]]]]}},{"type":"Feature","id":"0520830","properties":{"name":"Edmondson","land_sqmi":2.99,"lat":35.1045,"lon":-90.3067},"geometry":{"type":"MultiPolygon","coordinates":[[[[-90.3199,35.1186],[-90.3111,35.1186],[-90.311,35.1216],[-90.3059,35.1203],[-90.2932,35.1201],[-90.2937,35.0873],[-90.3114,35.0875],[-90.3113,35.0985],[-90.3202,35.0986],[-90.3199,35.1186]]]]}},{"type":"Feature","id":"0555580","properties":{"name":"Pineville","land_sqmi":1.81,"lat":36.1603,"lon":-92.1084},"geometry":{"type":"MultiPolygon","coordinates":[[[[-92.123,36.1565],[-92.1142,36.1563],[-92.1142,36.157],[-92.1138,36.1672],[-92.1182,36.1673],[-92.1182,36.1691],[-92.1138,36.169],[-92.1137,36.1699],[-92.1093,36.1698],[-92.1092,36.1725],[-92.1084,36.1725],[-92.1083,36.1761],[-92.0977,36.1758],[-92.0978,36.1722],[-92.0957,36.1721],[-92.0959,36.1686],[-92.0936,36.1685],[-92.0937,36.1667],[-92.0959,36.1667],[-92.0963,36.1559],[-92.1053,36.156],[-92.1055,36.1488],[-92.101,36.1487],[-92.1011,36.145],[-92.1053,36.1446],[-92.1091,36.1447],[-92.1099,36.145],[-92.1133,36.1497],[-92.1144,36.1497],[-92.1143,36.1527],[-92.1232,36.1529],[-92.123,36.1565]]]]}},{"type":"Feature","id":"0573940","properties":{"name":"Weiner","land_sqmi":1.36,"lat":35.6196,"lon":-90.9052},"geometry":{"type":"MultiPolygon","coordinates":[[[[-90.9178,35.6269],[-90.8926,35.6266],[-90.893,35.6231],[-90.8932,35.6124],[-90.917,35.6126],[-90.917,35.6161],[-90.9178,35.6193],[-90.9178,35.6269]]]]}},{"type":"Feature","id":"0543100","properties":{"name":"McNeil","land_sqmi":1.27,"lat":33.3466,"lon":-93.2046},"geometry":{"type":"MultiPolygon","coordinates":[[[[-93.217,33.3571],[-93.1998,33.3566],[-93.2,33.3493],[-93.2,33.349],[-93.1937,33.3473],[-93.1917,33.3482],[-93.1916,33.3464],[-93.1932,33.3464],[-93.1988,33.3466],[-93.2002,33.3454],[-93.2005,33.3393],[-93.2133,33.3397],[-93.2134,33.3361],[-93.2147,33.3362],[-93.2167,33.3367],[-93.2153,33.3398],[-93.2176,33.3398],[-93.217,33.3571]]]]}},{"type":"Feature","id":"0522450","properties":{"name":"Everton","land_sqmi":0.47,"lat":36.1542,"lon":-92.9098},"geometry":{"type":"MultiPolygon","coordinates":[[[[-92.9169,36.1547],[-92.9146,36.1547],[-92.9146,36.157],[-92.9168,36.157],[-92.9168,36.1588],[-92.9026,36.1586],[-92.9032,36.1496],[-92.917,36.1498],[-92.9169,36.1547]]]]}},{"type":"Feature","id":"0569830","properties":{"name":"Traskwood","land_sqmi":5.63,"lat":34.4508,"lon":-92.6657},"geometry":{"type":"MultiPolygon","coordinates":[[[[-92.6851,34.4731],[-92.667,34.4728],[-92.667,34.4723],[-92.6544,34.4721],[-92.6502,34.472],[-92.6457,34.4719],[-92.6475,34.4315],[-92.6476,34.4285],[-92.6684,34.4287],[-92.6679,34.4436],[-92.6857,34.444],[-92.6851,34.4731]]]]}},{"type":"Feature","id":"0538110","properties":{"name":"Lake View","land_sqmi":5.0,"lat":34.4206,"lon":-90.8128},"geometry":{"type":"MultiPolygon","coordinates":[[[[-90.8399,34.4287],[-90.8249,34.4295],[-90.8076,34.4338],[-90.7952,34.4379],[-90.7858,34.4409],[-90.7859,34.4379],[-90.7857,34.4236],[-90.7857,34.4161],[-90.7934,34.4162],[-90.7992,34.4154],[-90.8048,34.4139],[-90.81,34.4118],[-90.8151,34.4085],[-90.8184,34.4046],[-90.8202,34.4004],[-90.8248,34.4013],[-90.8259,34.4018],[-90.8267,34.4025],[-90.8396,34.4087],[-90.8397,34.4102],[-90.8399,34.4287]]]]}},{"type":"Feature","id":"0557080","properties":{"name":"Poyen","land_sqmi":0.31,"lat":34.3256,"lon":-92.6422},"geometry":{"type":"MultiPolygon","coordinates":[[[[-92.6483,34.3232],[-92.6441,34.3231],[-92.6441,34.3242],[-92.644,34.3302],[-92.64,34.3302],[-92.64,34.332],[-92.6387,34.3319],[-92.6387,34.3297],[-92.6401,34.3298],[-92.6401,34.3264],[-92.6359,34.3264],[-92.636,34.3238],[-92.6361,34.3228],[-92.6394,34.323],[-92.6395,34.3193],[-92.6484,34.3196],[-92.6483,34.3232]]]]}},{"type":"Feature","id":"0515790","properties":{"name":"Coy","land_sqmi":0.67,"lat":34.5406,"lon":-91.8713},"geometry":{"type":"MultiPolygon","coordinates":[[[[-91.8783,34.5445],[-91.8783,34.5468],[-91.8651,34.5464],[-91.8641,34.5454],[-91.8641,34.5344],[-91.8785,34.5347],[-91.8783,34.5445]]]]}},{"type":"Feature","id":"0569350","properties":{"name":"Tinsman","land_sqmi":0.53,"lat":33.6292,"lon":-92.3522},"geometry":{"type":"MultiPolygon","coordinates":[[[[-92.3598,33.6331],[-92.3555,33.6328],[-92.3556,33.6365],[-92.3512,33.6362],[-92.3511,33.6326],[-92.3447,33.6322],[-92.3446,33.6286],[-92.3467,33.6287],[-92.3466,33.6251],[-92.3517,33.6254],[-92.3553,33.6256],[-92.3552,33.6219],[-92.3595,33.6222],[-92.3598,33.6331]]]]}},{"type":"Feature","id":"0558280","properties":{"name":"Ravenden Springs","land_sqmi":1.16,"lat":36.3127,"lon":-91.2233},"geometry":{"type":"MultiPolygon","coordinates":[[[[-91.2299,36.3237],[-91.2175,36.3237],[-91.2162,36.3237],[-91.2167,36.3016],[-91.2303,36.3017],[-91.2299,36.3237]]]]}},{"type":"Feature","id":"0524640","properties":{"name":"Fouke","land_sqmi":1.36,"lat":33.2633,"lon":-93.8841},"geometry":{"type":"MultiPolygon","coordinates":[[[[-93.8992,33.2726],[-93.8848,33.2723],[-93.8855,33.2687],[-93.8775,33.2686],[-93.8776,33.2612],[-93.8691,33.2611],[-93.8691,33.2611],[-93.8693,33.254],[-93.8736,33.254],[-93.8735,33.2581],[-93.8764,33.2577],[-93.8763,33.2596],[-93.8778,33.2596],[-93.8779,33.2541],[-93.8821,33.254],[-93.8952,33.2543],[-93.8949,33.2687],[-93.8959,33.2701],[-93.8992,33.2726]]]]}},{"type":"Feature","id":"0525180","properties":{"name":"Friendship","land_sqmi":0.71,"lat":34.224,"lon":-93.0031},"geometry":{"type":"MultiPolygon","coordinates":[[[[-93.0118,34.2297],[-92.9942,34.2294],[-92.9943,34.2219],[-92.9986,34.222],[-92.9987,34.219],[-92.9988,34.2184],[-93.0121,34.2186],[-93.0118,34.2297]]]]}},{"type":"Feature","id":"0504960","properties":{"name":"Belleville","land_sqmi":1.87,"lat":35.09,"lon":-93.4464},"geometry":{"type":"MultiPolygon","coordinates":[[[[-93.4733,35.0892],[-93.4621,35.089],[-93.4598,35.0885],[-93.4597,35.0949],[-93.4642,35.095],[-93.4641,35.0977],[-93.4597,35.0976],[-93.4597,35.0958],[-93.4553,35.0957],[-93.4552,35.1039],[-93.4417,35.1037],[-93.4418,35.0937],[-93.4374,35.0935],[-93.4374,35.0917],[-93.4284,35.0914],[-93.4283,35.0877],[-93.4194,35.0875],[-93.4194,35.0838],[-93.4227,35.0839],[-93.4236,35.0839],[-93.4419,35.0846],[-93.4498,35.0847],[-93.4499,35.0762],[-93.4511,35.0762],[-93.451,35.0789],[-93.4521,35.0789],[-93.4521,35.0847],[-93.4554,35.0848],[-93.4554,35.0875],[-93.4733,35.0878],[-93.4733,35.0892]]]]}},{"type":"Feature","id":"0566080","properties":{"name":"Springdale","land_sqmi":49.77,"lat":36.1909,"lon":-94.1627},"geometry":{"type":"MultiPolygon","coordinates":[[[[-94.2573,36.2204],[-94.2572,36.224],[-94.2528,36.2237],[-94.2527,36.2252],[-94.2482,36.2251],[-94.2483,36.2239],[-94.2438,36.2238],[-94.2437,36.2274],[-94.2446,36.2297],[-94.2429,36.2296],[-94.2429,36.2308],[-94.2451,36.2307],[-94.2479,36.2345],[-94.248,36.2311],[-94.2525,36.2311],[-94.2523,36.2346],[-94.2485,36.2346],[-94.2486,36.2366],[-94.2505,36.2386],[-94.2487,36.2393],[-94.2477,36.2403],[-94.2477,36.2382],[-94.2434,36.2381],[-94.2435,36.2345],[-94.242,36.2345],[-94.2422,36.2308],[-94.2405,36.2308],[-94.2407,36.2274],[-94.2392,36.2273],[-94.2393,36.2262],[-94.237,36.2261],[-94.2369,36.2308],[-94.2401,36.2308],[-94.2402,36.2325],[-94.239,36.2324],[-94.239,36.2344],[-94.2387,36.24],[-94.2377,36.24],[-94.2384,36.2411],[-94.2388,36.2439],[-94.2358,36.2451],[-94.2341,36.245],[-94.2322,36.2452],[-94.2323,36.2416],[-94.2318,36.238],[-94.2286,36.2379],[-94.2296,36.2399],[-94.2253,36.2389],[-94.2254,36.2349],[-94.2226,36.2343],[-94.2203,36.2342],[-94.2203,36.2378],[-94.2212,36.2378],[-94.2213,36.239],[-94.2253,36.2404],[-94.2252,36.2415],[-94.2217,36.2414],[-94.2161,36.2422],[-94.216,36.245],[-94.2088,36.2449],[-94.2066,36.2453],[-94.2066,36.2448],[-94.2045,36.2447],[-94.2043,36.2484],[-94.2014,36.2483],[-94.1976,36.2482],[-94.1977,36.2446],[-94.191,36.2444],[-94.1911,36.2408],[-94.1731,36.2405],[-94.1699,36.2406],[-94.1686,36.2403],[-94.1556,36.2399],[-94.1551,36.2399],[-94.1537,36.2401],[-94.1508,36.24],[-94.1456,36.2398],[-94.1446,36.2388],[-94.1431,36.2398],[-94.137,36.2396],[-94.1327,36.2394],[-94.1282,36.2393],[-94.1276,36.2393],[-94.1192,36.239],[-94.1155,36.2389],[-94.1142,36.2317],[-94.1138,36.2297],[-94.1133,36.2297],[-94.113,36.228],[-94.1063,36.2279],[-94.1064,36.2251],[-94.1019,36.225],[-94.1019,36.2246],[-94.0928,36.224],[-94.0883,36.2239],[-94.0883,36.2257],[-94.087,36.2257],[-94.0871,36.2239],[-94.0839,36.2239],[-94.0839,36.223],[-94.0929,36.2232],[-94.093,36.2186],[-94.0885,36.2185],[-94.0887,36.2094],[-94.0844,36.2094],[-94.0844,36.2057],[-94.085,36.2062],[-94.088,36.2058],[-94.0885,36.2086],[-94.0921,36.2087],[-94.0923,36.2022],[-94.0901,36.2022],[-94.0901,36.2003],[-94.0886,36.2003],[-94.0887,36.202],[-94.0897,36.2027],[-94.0871,36.2033],[-94.086,36.2044],[-94.0839,36.2027],[-94.0845,36.2006],[-94.0874,36.2006],[-94.0875,36.1981],[-94.089,36.1981],[-94.0893,36.1942],[-94.0908,36.1932],[-94.0925,36.1946],[-94.0926,36.1924],[-94.093,36.1806],[-94.0896,36.1805],[-94.0904,36.1777],[-94.0905,36.1755],[-94.092,36.1755],[-94.0921,36.1736],[-94.0905,36.1736],[-94.0876,36.1735],[-94.0876,36.1712],[-94.0853,36.1712],[-94.0831,36.1712],[-94.0831,36.1682],[-94.0834,36.1626],[-94.0812,36.1624],[-94.0813,36.1589],[-94.0801,36.1589],[-94.0802,36.1553],[-94.0769,36.1552],[-94.0769,36.1566],[-94.0724,36.1568],[-94.0741,36.1577],[-94.0761,36.1578],[-94.0768,36.1587],[-94.0766,36.1625],[-94.0717,36.1611],[-94.0714,36.1611],[-94.0715,36.1586],[-94.0679,36.1585],[-94.0683,36.1478],[-94.0727,36.1479],[-94.0727,36.1488],[-94.077,36.1489],[-94.077,36.15],[-94.0793,36.148],[-94.0771,36.148],[-94.0771,36.147],[-94.0793,36.147],[-94.0794,36.1434],[-94.0765,36.1434],[-94.0774,36.1371],[-94.0859,36.1373],[-94.0907,36.1374],[-94.0908,36.1337],[-94.0956,36.1339],[-94.0954,36.1346],[-94.0952,36.1375],[-94.0997,36.1375],[-94.0997,36.1357],[-94.1043,36.1358],[-94.1041,36.1413],[-94.1108,36.1414],[-94.1109,36.1405],[-94.1131,36.1405],[-94.1141,36.1414],[-94.1141,36.1433],[-94.1153,36.1415],[-94.1177,36.1415],[-94.1177,36.1421],[-94.1177,36.1439],[-94.1178,36.1451],[-94.1129,36.145],[-94.1128,36.1487],[-94.119,36.1488],[-94.1263,36.1489],[-94.1264,36.1411],[-94.131,36.1396],[-94.1354,36.14],[-94.1354,36.1381],[-94.1443,36.1383],[-94.1457,36.1335],[-94.1479,36.1335],[-94.1511,36.1333],[-94.1533,36.1333],[-94.1532,36.1386],[-94.1575,36.1387],[-94.1589,36.1386],[-94.1577,36.1399],[-94.1575,36.1431],[-94.1598,36.1423],[-94.1632,36.1424],[-94.1632,36.146],[-94.1664,36.1461],[-94.1663,36.1497],[-94.1707,36.1497],[-94.171,36.1425],[-94.1978,36.1429],[-94.1979,36.1402],[-94.1973,36.1394],[-94.1979,36.1394],[-94.1982,36.1393],[-94.201,36.1394],[-94.2024,36.1394],[-94.2031,36.1394],[-94.2039,36.1435],[-94.2064,36.1488],[-94.2078,36.1547],[-94.2113,36.1555],[-94.2114,36.1556],[-94.2122,36.1577],[-94.2085,36.1577],[-94.2112,36.1631],[-94.2106,36.1684],[-94.2128,36.1684],[-94.2124,36.1758],[-94.2135,36.1758],[-94.2142,36.1795],[-94.2194,36.1795],[-94.2193,36.1833],[-94.2237,36.1834],[-94.2239,36.1834],[-94.2239,36.1843],[-94.2264,36.1858],[-94.2289,36.191],[-94.2307,36.198],[-94.2191,36.1979],[-94.2186,36.1983],[-94.2167,36.1997],[-94.2145,36.1986],[-94.2137,36.1996],[-94.2113,36.2003],[-94.2128,36.197],[-94.2116,36.1962],[-94.2101,36.194],[-94.2086,36.1939],[-94.2042,36.1901],[-94.1954,36.19],[-94.1954,36.1883],[-94.1943,36.1882],[-94.1942,36.19],[-94.1923,36.1899],[-94.1922,36.1936],[-94.1955,36.1936],[-94.1951,36.21],[-94.1944,36.2118],[-94.2131,36.2123],[-94.2141,36.2123],[-94.2186,36.2124],[-94.2186,36.2142],[-94.2141,36.2141],[-94.214,36.2196],[-94.2183,36.2197],[-94.2184,36.216],[-94.2231,36.216],[-94.2249,36.2125],[-94.2298,36.2126],[-94.2295,36.2129],[-94.2281,36.2138],[-94.2318,36.2139],[-94.2321,36.2126],[-94.2442,36.2127],[-94.2439,36.22],[-94.2484,36.2202],[-94.2485,36.2166],[-94.2507,36.2166],[-94.2509,36.213],[-94.2522,36.213],[-94.2522,36.2139],[-94.2539,36.2149],[-94.2539,36.2167],[-94.2574,36.2167],[-94.2573,36.2204]],[[-94.19,36.1888],[-94.1878,36.1887],[-94.1878,36.189],[-94.1877,36.1896],[-94.1877,36.19],[-94.1877,36.1906],[-94.1887,36.1907],[-94.1888,36.1898],[-94.1885,36.1892],[-94.1901,36.1892],[-94.19,36.1888]],[[-94.1869,36.1898],[-94.1862,36.1898],[-94.1862,36.1904],[-94.1869,36.1904],[-94.1869,36.1903],[-94.1869,36.1898]]]]}},{"type":"Feature","id":"0550450","properties":{"name":"North Little Rock","land_sqmi":53.05,"lat":34.776,"lon":-92.2492},"geometry":{"type":"MultiPolygon","coordinates":[[[[-92.1558,34.7474],[-92.155,34.7474],[-92.1546,34.7473],[-92.1535,34.7471],[-92.1472,34.7437],[-92.1558,34.7438],[-92.1558,34.7474]]],[[[-92.4002,34.8363],[-92.3914,34.836],[-92.3908,34.8396],[-92.3867,34.8396],[-92.3867,34.843],[-92.3734,34.8429],[-92.3733,34.8502],[-92.3688,34.8501],[-92.369,34.843],[-92.369,34.8391],[-92.3646,34.8391],[-92.3646,34.8355],[-92.3604,34.8354],[-92.3605,34.8321],[-92.365,34.8321],[-92.3651,34.8283],[-92.356,34.8281],[-92.3561,34.8246],[-92.3518,34.8242],[-92.3519,34.8204],[-92.3504,34.8209],[-92.3493,34.8194],[-92.3473,34.8191],[-92.3455,34.8215],[-92.3454,34.8245],[-92.3439,34.8245],[-92.3401,34.8233],[-92.3388,34.8221],[-92.3388,34.8211],[-92.3387,34.8196],[-92.3378,34.8195],[-92.3353,34.8184],[-92.3347,34.8184],[-92.3326,34.8172],[-92.3312,34.8159],[-92.3303,34.8161],[-92.3299,34.8171],[-92.3295,34.818],[-92.3267,34.8183],[-92.3261,34.8189],[-92.3261,34.8182],[-92.325,34.8182],[-92.325,34.8178],[-92.3263,34.8178],[-92.3265,34.8168],[-92.3282,34.8176],[-92.3286,34.8165],[-92.3275,34.8136],[-92.3304,34.8136],[-92.3312,34.8154],[-92.3315,34.8136],[-92.3342,34.8135],[-92.332,34.8105],[-92.3304,34.8099],[-92.3302,34.8099],[-92.3279,34.81],[-92.318,34.8097],[-92.3183,34.81],[-92.3184,34.8104],[-92.3174,34.8116],[-92.3177,34.8125],[-92.3162,34.8132],[-92.3164,34.8162],[-92.3154,34.8172],[-92.3167,34.8184],[-92.3153,34.8197],[-92.3163,34.8208],[-92.3167,34.8205],[-92.3213,34.8235],[-92.3211,34.828],[-92.3125,34.828],[-92.3125,34.8245],[-92.3081,34.8244],[-92.3081,34.8215],[-92.3058,34.8204],[-92.2992,34.8204],[-92.2992,34.8166],[-92.2952,34.8164],[-92.2947,34.8129],[-92.2893,34.8128],[-92.2804,34.8126],[-92.2773,34.8126],[-92.2772,34.8197],[-92.2771,34.8213],[-92.2762,34.8213],[-92.2707,34.8184],[-92.2701,34.8182],[-92.2679,34.8183],[-92.266,34.8184],[-92.2657,34.8184],[-92.2657,34.8192],[-92.2653,34.8202],[-92.2647,34.8212],[-92.264,34.823],[-92.2629,34.8268],[-92.2613,34.8348],[-92.2616,34.8363],[-92.2623,34.8372],[-92.2603,34.8394],[-92.2595,34.8409],[-92.2595,34.841],[-92.2584,34.8738],[-92.2495,34.8736],[-92.2494,34.8774],[-92.2449,34.8773],[-92.2449,34.8756],[-92.2413,34.8747],[-92.245,34.875],[-92.245,34.8735],[-92.2427,34.8734],[-92.2405,34.8734],[-92.2405,34.8696],[-92.2317,34.8693],[-92.2317,34.8677],[-92.2274,34.8677],[-92.2274,34.8659],[-92.2295,34.8646],[-92.229,34.8629],[-92.226,34.8618],[-92.2263,34.86],[-92.2255,34.8561],[-92.226,34.856],[-92.2268,34.8583],[-92.2307,34.8608],[-92.2319,34.8606],[-92.2319,34.8624],[-92.2362,34.8622],[-92.2364,34.8551],[-92.2367,34.8514],[-92.2455,34.8516],[-92.2456,34.8464],[-92.2457,34.8441],[-92.2478,34.8441],[-92.2478,34.8436],[-92.2476,34.8436],[-92.2476,34.843],[-92.2457,34.8429],[-92.2458,34.8407],[-92.2436,34.8407],[-92.2437,34.8394],[-92.2414,34.8407],[-92.2379,34.8405],[-92.2383,34.8371],[-92.2438,34.8346],[-92.2439,34.8336],[-92.2461,34.8336],[-92.2452,34.83],[-92.2374,34.8297],[-92.2375,34.8262],[-92.2331,34.826],[-92.2333,34.82],[-92.2334,34.8199],[-92.2346,34.8195],[-92.2346,34.8166],[-92.2333,34.8165],[-92.2333,34.8155],[-92.2335,34.8119],[-92.2336,34.8087],[-92.2331,34.8077],[-92.2249,34.8076],[-92.2244,34.8041],[-92.2205,34.8043],[-92.2196,34.8044],[-92.2183,34.8042],[-92.2176,34.8038],[-92.2176,34.8038],[-92.2129,34.8036],[-92.2126,34.8036],[-92.2157,34.8001],[-92.2156,34.8001],[-92.2075,34.7999],[-92.2028,34.8034],[-92.2027,34.8094],[-92.1984,34.8093],[-92.1985,34.8056],[-92.2006,34.8034],[-92.2025,34.8034],[-92.2075,34.7998],[-92.2077,34.7889],[-92.2046,34.7888],[-92.2032,34.79],[-92.2002,34.79],[-92.2016,34.7869],[-92.2048,34.7835],[-92.1988,34.7837],[-92.1965,34.7831],[-92.1978,34.782],[-92.1955,34.7796],[-92.1963,34.7788],[-92.199,34.7798],[-92.199,34.7815],[-92.199,34.7819],[-92.2049,34.7816],[-92.2045,34.78],[-92.2035,34.779],[-92.2032,34.7787],[-92.199,34.7783],[-92.199,34.7785],[-92.1935,34.7781],[-92.1902,34.7783],[-92.1902,34.7787],[-92.1812,34.7796],[-92.171,34.7808],[-92.1727,34.7829],[-92.1769,34.7898],[-92.1767,34.7954],[-92.1756,34.7954],[-92.1755,34.799],[-92.1634,34.7989],[-92.1639,34.7843],[-92.1709,34.7843],[-92.1684,34.7811],[-92.1665,34.7813],[-92.1636,34.7827],[-92.1613,34.783],[-92.1584,34.7825],[-92.1548,34.7825],[-92.1529,34.7849],[-92.1441,34.7859],[-92.1442,34.7871],[-92.1414,34.7875],[-92.1423,34.7861],[-92.1399,34.7863],[-92.1398,34.7873],[-92.1344,34.7869],[-92.1283,34.787],[-92.1245,34.7867],[-92.1245,34.7875],[-92.1283,34.7876],[-92.1282,34.7913],[-92.1248,34.7912],[-92.1205,34.7907],[-92.1209,34.7873],[-92.1118,34.7871],[-92.1118,34.7866],[-92.1106,34.7863],[-92.1109,34.782],[-92.113,34.7835],[-92.1168,34.7836],[-92.1194,34.784],[-92.119,34.7852],[-92.1241,34.7836],[-92.1247,34.78],[-92.1159,34.7811],[-92.1119,34.7798],[-92.1077,34.7774],[-92.1034,34.7773],[-92.1035,34.7753],[-92.1072,34.7673],[-92.1091,34.7679],[-92.11,34.7662],[-92.1159,34.7691],[-92.1142,34.7717],[-92.1192,34.7736],[-92.1205,34.7728],[-92.1233,34.7752],[-92.1269,34.777],[-92.1272,34.7621],[-92.1255,34.76],[-92.125,34.758],[-92.1158,34.7578],[-92.1157,34.757],[-92.1131,34.757],[-92.1093,34.7565],[-92.1061,34.7555],[-92.1061,34.7504],[-92.107,34.7505],[-92.107,34.7443],[-92.1143,34.7445],[-92.1144,34.7369],[-92.1053,34.7367],[-92.1059,34.7295],[-92.1146,34.7297],[-92.115,34.7222],[-92.1106,34.7221],[-92.1106,34.7188],[-92.1107,34.7145],[-92.1022,34.7145],[-92.1021,34.7072],[-92.1071,34.7073],[-92.1155,34.7074],[-92.1157,34.6996],[-92.1067,34.6995],[-92.1067,34.6987],[-92.1095,34.6985],[-92.1148,34.6962],[-92.1156,34.6942],[-92.1068,34.6941],[-92.1067,34.6961],[-92.1027,34.6961],[-92.1027,34.6986],[-92.1025,34.6994],[-92.0996,34.6974],[-92.0982,34.6955],[-92.0983,34.6883],[-92.1072,34.6884],[-92.1074,34.6803],[-92.1163,34.6805],[-92.1165,34.6774],[-92.1238,34.6776],[-92.1264,34.6768],[-92.1269,34.6745],[-92.1294,34.6747],[-92.1292,34.6759],[-92.1331,34.6765],[-92.1331,34.6783],[-92.1412,34.6777],[-92.1505,34.6776],[-92.1498,34.6797],[-92.1372,34.6799],[-92.1359,34.6836],[-92.1314,34.6836],[-92.1312,34.689],[-92.1254,34.6888],[-92.1252,34.6917],[-92.1243,34.6946],[-92.1306,34.6947],[-92.1326,34.6997],[-92.1319,34.7007],[-92.1358,34.706],[-92.1327,34.7059],[-92.1327,34.7046],[-92.1306,34.7037],[-92.13,34.7045],[-92.1315,34.7052],[-92.1306,34.7074],[-92.1248,34.7097],[-92.1229,34.7127],[-92.1222,34.715],[-92.1222,34.7174],[-92.1234,34.7204],[-92.1253,34.7227],[-92.1279,34.7246],[-92.13,34.7254],[-92.1386,34.7261],[-92.1387,34.7184],[-92.1419,34.7217],[-92.1449,34.7238],[-92.1498,34.7258],[-92.1502,34.7273],[-92.1515,34.7284],[-92.1543,34.7292],[-92.1592,34.7319],[-92.1643,34.7332],[-92.1646,34.7205],[-92.1711,34.7222],[-92.1737,34.7246],[-92.1713,34.723],[-92.169,34.7248],[-92.1692,34.7263],[-92.1728,34.7268],[-92.1728,34.728],[-92.1767,34.7231],[-92.1776,34.7235],[-92.1818,34.7264],[-92.1863,34.731],[-92.1896,34.7344],[-92.1916,34.7356],[-92.1987,34.74],[-92.1996,34.7406],[-92.2085,34.7437],[-92.2143,34.745],[-92.2149,34.745],[-92.2174,34.7453],[-92.222,34.7455],[-92.2208,34.7481],[-92.2324,34.7484],[-92.2407,34.7489],[-92.245,34.7488],[-92.2487,34.7498],[-92.2586,34.7509],[-92.2626,34.7516],[-92.2742,34.7534],[-92.2813,34.7552],[-92.282,34.7558],[-92.2902,34.7615],[-92.2956,34.7642],[-92.2974,34.7655],[-92.2982,34.7672],[-92.3,34.7689],[-92.3017,34.7717],[-92.3074,34.7821],[-92.3074,34.784],[-92.3066,34.7853],[-92.3086,34.7875],[-92.3118,34.7888],[-92.3136,34.7901],[-92.3153,34.7899],[-92.3256,34.7897],[-92.3307,34.7899],[-92.3307,34.7887],[-92.3399,34.7887],[-92.3432,34.7888],[-92.3562,34.791],[-92.3609,34.7932],[-92.3623,34.7936],[-92.3664,34.7959],[-92.3745,34.8007],[-92.3667,34.8055],[-92.3615,34.8082],[-92.3595,34.8098],[-92.3631,34.8104],[-92.3631,34.8118],[-92.3654,34.8121],[-92.3667,34.8138],[-92.3624,34.8139],[-92.3629,34.8148],[-92.3654,34.8148],[-92.3653,34.8165],[-92.3638,34.8165],[-92.3656,34.819],[-92.3653,34.8175],[-92.3675,34.8175],[-92.3675,34.8202],[-92.3692,34.8212],[-92.3707,34.8212],[-92.3708,34.818],[-92.3735,34.8176],[-92.3741,34.8189],[-92.3742,34.8139],[-92.3739,34.808],[-92.3772,34.8148],[-92.3786,34.8158],[-92.3786,34.8193],[-92.3776,34.8191],[-92.3776,34.8213],[-92.383,34.8215],[-92.383,34.8229],[-92.3874,34.8231],[-92.3875,34.8214],[-92.3907,34.8229],[-92.392,34.8226],[-92.3919,34.8243],[-92.3912,34.8243],[-92.3911,34.8254],[-92.3904,34.8254],[-92.3903,34.8272],[-92.3918,34.8277],[-92.3918,34.8279],[-92.3935,34.8291],[-92.3939,34.8291],[-92.3951,34.83],[-92.396,34.8306],[-92.396,34.8309],[-92.3995,34.8319],[-92.4003,34.8322],[-92.4002,34.8363]],[[-92.3436,34.807],[-92.3413,34.8065],[-92.3394,34.8051],[-92.3395,34.8028],[-92.3377,34.8026],[-92.3304,34.8025],[-92.3303,34.8088],[-92.3304,34.8088],[-92.3319,34.8087],[-92.332,34.81],[-92.3349,34.8093],[-92.3383,34.8093],[-92.3399,34.8099],[-92.3398,34.809],[-92.3435,34.8091],[-92.3436,34.807]],[[-92.3151,34.8142],[-92.3139,34.8134],[-92.3132,34.8132],[-92.3127,34.8095],[-92.3128,34.8082],[-92.3105,34.8089],[-92.3104,34.8095],[-92.3091,34.8098],[-92.3083,34.8093],[-92.3084,34.8077],[-92.3099,34.8073],[-92.3099,34.8059],[-92.3079,34.8058],[-92.304,34.8058],[-92.3039,34.8079],[-92.3039,34.8085],[-92.3038,34.8113],[-92.3082,34.8116],[-92.3097,34.8105],[-92.3109,34.8123],[-92.3068,34.8126],[-92.3037,34.8126],[-92.3037,34.813],[-92.2994,34.813],[-92.2993,34.813],[-92.2993,34.8141],[-92.2992,34.8154],[-92.3039,34.8154],[-92.3042,34.8155],[-92.3081,34.8167],[-92.3064,34.8177],[-92.309,34.818],[-92.3123,34.8194],[-92.3141,34.8162],[-92.3151,34.8142]],[[-92.2368,34.8674],[-92.2351,34.8681],[-92.2355,34.8688],[-92.2364,34.8688],[-92.2376,34.8676],[-92.2368,34.8674]],[[-92.2318,34.8638],[-92.2307,34.8631],[-92.2296,34.8645],[-92.2318,34.8659],[-92.2318,34.8638]],[[-92.1997,34.7633],[-92.1952,34.7631],[-92.1953,34.7595],[-92.1908,34.7594],[-92.1911,34.7542],[-92.1842,34.7529],[-92.1823,34.7538],[-92.1822,34.7525],[-92.1792,34.7513],[-92.1669,34.7515],[-92.1645,34.7524],[-92.1645,34.7554],[-92.1627,34.7554],[-92.1628,34.7532],[-92.1579,34.7553],[-92.1556,34.7552],[-92.1558,34.7474],[-92.1598,34.7475],[-92.1603,34.7462],[-92.1662,34.7376],[-92.1593,34.7374],[-92.1593,34.7347],[-92.1574,34.7347],[-92.1574,34.7335],[-92.1511,34.7323],[-92.1511,34.7429],[-92.1472,34.7428],[-92.1473,34.7364],[-92.1338,34.7361],[-92.1338,34.7509],[-92.1295,34.7508],[-92.1292,34.7618],[-92.1335,34.7618],[-92.1335,34.7655],[-92.1322,34.7661],[-92.129,34.7661],[-92.1288,34.7742],[-92.129,34.7779],[-92.1322,34.7785],[-92.1359,34.7787],[-92.155,34.7765],[-92.1551,34.7731],[-92.1584,34.7731],[-92.1601,34.7756],[-92.1605,34.7713],[-92.1583,34.7718],[-92.1586,34.7696],[-92.1603,34.7678],[-92.1608,34.7657],[-92.1622,34.7658],[-92.1625,34.7589],[-92.1645,34.7577],[-92.1644,34.7631],[-92.1668,34.7631],[-92.1742,34.7613],[-92.1747,34.7623],[-92.1773,34.7654],[-92.1773,34.7675],[-92.174,34.7678],[-92.1739,34.7693],[-92.1794,34.7699],[-92.1816,34.7701],[-92.1914,34.7711],[-92.1943,34.7701],[-92.1995,34.7669],[-92.1996,34.7669],[-92.1997,34.7633]]]]}},{"type":"Feature","id":"0560590","properties":{"name":"Rondo","land_sqmi":1.01,"lat":34.6574,"lon":-90.8207},"geometry":{"type":"MultiPolygon","coordinates":[[[[-90.8297,34.6648],[-90.8119,34.6646],[-90.8121,34.6574],[-90.8118,34.6524],[-90.812,34.6501],[-90.8297,34.6503],[-90.8297,34.6648]]]]}},{"type":"Feature","id":"0568660","properties":{"name":"Taylor","land_sqmi":0.99,"lat":33.0998,"lon":-93.4618},"geometry":{"type":"MultiPolygon","coordinates":[[[[-93.4701,33.1072],[-93.453,33.1069],[-93.4529,33.103],[-93.4533,33.0992],[-93.4536,33.0924],[-93.4621,33.0926],[-93.4707,33.0928],[-93.4701,33.1072]]]]}},{"type":"Feature","id":"0569230","properties":{"name":"Tillar","land_sqmi":0.78,"lat":33.7115,"lon":-91.4521},"geometry":{"type":"MultiPolygon","coordinates":[[[[-91.4637,33.7162],[-91.4561,33.7188],[-91.4515,33.7186],[-91.4516,33.7158],[-91.4515,33.7152],[-91.4502,33.7122],[-91.4404,33.712],[-91.4408,33.7045],[-91.4459,33.7044],[-91.4479,33.7043],[-91.4518,33.7042],[-91.4518,33.7047],[-91.4526,33.7043],[-91.4549,33.7075],[-91.4569,33.7065],[-91.4576,33.7078],[-91.4637,33.7162]]]]}},{"type":"Feature","id":"0556270","properties":{"name":"Pleasant Plains","land_sqmi":1.01,"lat":35.5571,"lon":-91.6297},"geometry":{"type":"MultiPolygon","coordinates":[[[[-91.6401,35.5468],[-91.64,35.5505],[-91.6355,35.5503],[-91.6354,35.5541],[-91.6333,35.554],[-91.6338,35.5578],[-91.6309,35.5577],[-91.6308,35.5613],[-91.6263,35.5613],[-91.6267,35.5638],[-91.6244,35.5633],[-91.6226,35.5682],[-91.6216,35.5681],[-91.6217,35.565],[-91.6172,35.565],[-91.6172,35.5639],[-91.6172,35.5612],[-91.6215,35.5601],[-91.6197,35.5589],[-91.6207,35.5576],[-91.6171,35.5575],[-91.6172,35.5547],[-91.6215,35.5548],[-91.6216,35.5463],[-91.631,35.546],[-91.6424,35.5463],[-91.6401,35.5468]]]]}},{"type":"Feature","id":"0535040","properties":{"name":"Jennette","land_sqmi":2.27,"lat":35.1623,"lon":-90.4105},"geometry":{"type":"MultiPolygon","coordinates":[[[[-90.4268,35.1617],[-90.418,35.1621],[-90.418,35.1584],[-90.4136,35.1586],[-90.4135,35.1624],[-90.4091,35.1626],[-90.409,35.1662],[-90.4179,35.1657],[-90.4176,35.1759],[-90.4154,35.1759],[-90.4153,35.1777],[-90.3999,35.1778],[-90.3939,35.1776],[-90.3944,35.1627],[-90.3996,35.1627],[-90.3997,35.1555],[-90.3979,35.1555],[-90.398,35.1482],[-90.398,35.147],[-90.4005,35.147],[-90.403,35.1469],[-90.403,35.1482],[-90.4029,35.1555],[-90.4011,35.1556],[-90.401,35.1593],[-90.4091,35.159],[-90.4093,35.1552],[-90.418,35.1548],[-90.4182,35.1475],[-90.4271,35.1471],[-90.4268,35.1617]]]]}},{"type":"Feature","id":"0533760","properties":{"name":"Hughes","land_sqmi":2.26,"lat":34.9483,"lon":-90.4707},"geometry":{"type":"MultiPolygon","coordinates":[[[[-90.4841,34.9484],[-90.4839,34.9539],[-90.4838,34.9593],[-90.4793,34.9592],[-90.4572,34.9593],[-90.4574,34.9484],[-90.4575,34.9373],[-90.4842,34.9375],[-90.4841,34.9484]]]]}},{"type":"Feature","id":"0520950","properties":{"name":"Elaine","land_sqmi":0.51,"lat":34.3072,"lon":-90.8529},"geometry":{"type":"MultiPolygon","coordinates":[[[[-90.8596,34.3061],[-90.8582,34.3061],[-90.8581,34.3145],[-90.8461,34.3145],[-90.8477,34.3097],[-90.8482,34.3067],[-90.8484,34.3062],[-90.8484,34.3043],[-90.8492,34.303],[-90.8583,34.303],[-90.8584,34.2999],[-90.8597,34.2999],[-90.8596,34.3061]]]]}},{"type":"Feature","id":"0557890","properties":{"name":"Pyatt","land_sqmi":1.26,"lat":36.2505,"lon":-92.8439},"geometry":{"type":"MultiPolygon","coordinates":[[[[-92.8529,36.256],[-92.8528,36.2605],[-92.8515,36.2604],[-92.8475,36.2604],[-92.8346,36.2601],[-92.8355,36.2486],[-92.8357,36.2461],[-92.8357,36.245],[-92.8368,36.2441],[-92.8361,36.2421],[-92.8403,36.2418],[-92.8457,36.2411],[-92.8465,36.2406],[-92.8529,36.2406],[-92.8531,36.246],[-92.8529,36.256]]]]}},{"type":"Feature","id":"0572320","properties":{"name":"Waldenburg","land_sqmi":0.14,"lat":35.5652,"lon":-90.9345},"geometry":{"type":"MultiPolygon","coordinates":[[[[-90.9391,35.5671],[-90.93,35.5673],[-90.9301,35.5655],[-90.93,35.5655],[-90.93,35.5634],[-90.9391,35.5632],[-90.9391,35.5652],[-90.9391,35.5671]]]]}},{"type":"Feature","id":"0562060","properties":{"name":"St. Paul","land_sqmi":0.45,"lat":35.8235,"lon":-93.7635},"geometry":{"type":"MultiPolygon","coordinates":[[[[-93.7702,35.8242],[-93.77,35.8292],[-93.7593,35.8289],[-93.7566,35.8289],[-93.7571,35.8189],[-93.7576,35.821],[-93.7603,35.8229],[-93.7659,35.8197],[-93.766,35.8179],[-93.7704,35.818],[-93.7702,35.8242]]]]}},{"type":"Feature","id":"0551060","properties":{"name":"Oak Grove Heights","land_sqmi":2.99,"lat":36.1299,"lon":-90.5063},"geometry":{"type":"MultiPolygon","coordinates":[[[[-90.519,36.1491],[-90.5099,36.1488],[-90.5101,36.1448],[-90.5011,36.1447],[-90.5017,36.1255],[-90.4928,36.1254],[-90.4931,36.1107],[-90.5064,36.1107],[-90.5199,36.1108],[-90.519,36.1491]]]]}},{"type":"Feature","id":"0570340","properties":{"name":"Tupelo","land_sqmi":0.28,"lat":35.3904,"lon":-91.2299},"geometry":{"type":"MultiPolygon","coordinates":[[[[-91.2342,35.3945],[-91.2254,35.3942],[-91.2255,35.3886],[-91.2255,35.3862],[-91.2344,35.3864],[-91.2342,35.3945]]]]}},{"type":"Feature","id":"0534090","properties":{"name":"Huttig","land_sqmi":2.98,"lat":33.0419,"lon":-92.1819},"geometry":{"type":"MultiPolygon","coordinates":[[[[-92.1931,33.0588],[-92.1856,33.058],[-92.1803,33.058],[-92.1699,33.0579],[-92.1702,33.0251],[-92.1859,33.026],[-92.194,33.0261],[-92.1931,33.0588]]]]}},{"type":"Feature","id":"0526800","properties":{"name":"Gilbert","land_sqmi":0.37,"lat":35.9898,"lon":-92.7136},"geometry":{"type":"MultiPolygon","coordinates":[[[[-92.7219,35.9948],[-92.7129,35.9946],[-92.706,35.9947],[-92.7052,35.9947],[-92.7058,35.9945],[-92.7063,35.9944],[-92.7071,35.9943],[-92.7074,35.9942],[-92.7108,35.992],[-92.7124,35.9886],[-92.7141,35.9869],[-92.7167,35.9851],[-92.7221,35.9849],[-92.7219,35.9948]]]]}},{"type":"Feature","id":"0551530","properties":{"name":"Okolona","land_sqmi":0.79,"lat":34.0009,"lon":-93.338},"geometry":{"type":"MultiPolygon","coordinates":[[[[-93.3455,34.0045],[-93.3411,34.0044],[-93.341,34.0081],[-93.3302,34.0079],[-93.3305,33.997],[-93.3307,33.9937],[-93.3459,33.994],[-93.3455,34.0045]]]]}},{"type":"Feature","id":"0577600","properties":{"name":"Zinc","land_sqmi":0.75,"lat":36.2828,"lon":-92.9161},"geometry":{"type":"MultiPolygon","coordinates":[[[[-92.9249,36.2902],[-92.9181,36.2901],[-92.9168,36.2901],[-92.9078,36.29],[-92.9073,36.2755],[-92.9161,36.2757],[-92.9162,36.2793],[-92.9227,36.2794],[-92.9227,36.283],[-92.9206,36.283],[-92.9206,36.2866],[-92.9249,36.2866],[-92.9249,36.2902]]]]}},{"type":"Feature","id":"0518550","properties":{"name":"Des Arc","land_sqmi":2.1,"lat":34.9834,"lon":-91.5059},"geometry":{"type":"MultiPolygon","coordinates":[[[[-91.5343,34.9776],[-91.5326,34.9776],[-91.5326,34.9794],[-91.5148,34.9791],[-91.5147,34.9918],[-91.5147,34.9991],[-91.5102,34.999],[-91.5103,34.9917],[-91.5103,34.9863],[-91.5077,34.9863],[-91.5077,34.9826],[-91.4928,34.9824],[-91.4923,34.9776],[-91.4906,34.9758],[-91.4863,34.9733],[-91.4799,34.972],[-91.4775,34.9701],[-91.4778,34.9691],[-91.4811,34.9699],[-91.4827,34.9707],[-91.4844,34.9709],[-91.4898,34.968],[-91.4919,34.9684],[-91.4928,34.9677],[-91.4959,34.9678],[-91.4988,34.9693],[-91.4992,34.9696],[-91.5105,34.9699],[-91.5193,34.9701],[-91.5193,34.9737],[-91.5238,34.9738],[-91.5238,34.9756],[-91.5326,34.9758],[-91.5327,34.9728],[-91.5343,34.9729],[-91.5343,34.9776]]]]}},{"type":"Feature","id":"0575740","properties":{"name":"Williford","land_sqmi":0.35,"lat":36.2519,"lon":-91.3605},"geometry":{"type":"MultiPolygon","coordinates":[[[[-91.3683,36.2522],[-91.3586,36.2559],[-91.3525,36.256],[-91.3537,36.2522],[-91.3593,36.2478],[-91.3637,36.2482],[-91.3685,36.2483],[-91.3683,36.2522]]]]}},{"type":"Feature","id":"0567940","properties":{"name":"Summit","land_sqmi":1.21,"lat":36.2526,"lon":-92.684},"geometry":{"type":"MultiPolygon","coordinates":[[[[-92.6998,36.2488],[-92.6994,36.2606],[-92.6894,36.2603],[-92.6816,36.26],[-92.6819,36.2509],[-92.673,36.2505],[-92.6731,36.2489],[-92.6692,36.249],[-92.6681,36.249],[-92.6729,36.2451],[-92.6777,36.2453],[-92.6776,36.2464],[-92.6776,36.2471],[-92.6821,36.2473],[-92.6821,36.245],[-92.6833,36.2446],[-92.6865,36.2448],[-92.6865,36.2457],[-92.6905,36.2459],[-92.6999,36.2462],[-92.6998,36.2488]]]]}},{"type":"Feature","id":"0542410","properties":{"name":"McCaskill","land_sqmi":0.74,"lat":33.9187,"lon":-93.6417},"geometry":{"type":"MultiPolygon","coordinates":[[[[-93.6504,33.9243],[-93.633,33.9239],[-93.6332,33.9167],[-93.6328,33.9167],[-93.6329,33.913],[-93.6501,33.9137],[-93.6501,33.917],[-93.6506,33.917],[-93.6504,33.9243]]]]}},{"type":"Feature","id":"0533400","properties":{"name":"Hot Springs","land_sqmi":37.56,"lat":34.4929,"lon":-93.0571},"geometry":{"type":"MultiPolygon","coordinates":[[[[-93.0269,34.5333],[-93.0242,34.5354],[-93.0236,34.5351],[-93.024,34.5345],[-93.0225,34.5345],[-93.0225,34.5333],[-93.0259,34.5313],[-93.028,34.5324],[-93.0269,34.5333]]],[[[-93.0426,34.4309],[-93.0426,34.4311],[-93.0408,34.4312],[-93.0409,34.4303],[-93.0429,34.4304],[-93.0426,34.4309]]],[[[-93.0542,34.4384],[-93.051,34.4394],[-93.0465,34.4391],[-93.0453,34.4384],[-93.0478,34.4374],[-93.048,34.4368],[-93.0462,34.4365],[-93.0445,34.4369],[-93.0405,34.4367],[-93.0375,34.4359],[-93.0373,34.4354],[-93.0382,34.4355],[-93.0383,34.4319],[-93.0369,34.4319],[-93.0415,34.4316],[-93.0467,34.4329],[-93.048,34.4335],[-93.0553,34.4337],[-93.0559,34.4341],[-93.0542,34.4352],[-93.0564,34.4358],[-93.0529,34.4359],[-93.05,34.4369],[-93.0521,34.4373],[-93.0565,34.4372],[-93.0542,34.4384]]],[[[-93.129,34.4711],[-93.1258,34.4724],[-93.122,34.4745],[-93.1242,34.475],[-93.125,34.477],[-93.1247,34.4807],[-93.122,34.4814],[-93.1218,34.4815],[-93.122,34.482],[-93.1203,34.4831],[-93.1177,34.4829],[-93.1171,34.4854],[-93.1132,34.4877],[-93.1131,34.4925],[-93.1147,34.4928],[-93.1159,34.4934],[-93.1189,34.493],[-93.1218,34.4931],[-93.1217,34.4956],[-93.1218,34.4962],[-93.1217,34.4962],[-93.122,34.4973],[-93.1238,34.497],[-93.1263,34.4949],[-93.126,34.4959],[-93.1239,34.4986],[-93.1221,34.4985],[-93.1222,34.4992],[-93.1199,34.4999],[-93.1214,34.4963],[-93.1193,34.4963],[-93.1197,34.4972],[-93.1183,34.4969],[-93.1179,34.4958],[-93.116,34.4939],[-93.1131,34.4946],[-93.1131,34.4953],[-93.1042,34.4954],[-93.1042,34.4988],[-93.0949,34.4987],[-93.0949,34.5002],[-93.093,34.5002],[-93.093,34.499],[-93.0892,34.4989],[-93.0889,34.4996],[-93.0857,34.4989],[-93.0857,34.5019],[-93.0767,34.5019],[-93.0767,34.5036],[-93.0725,34.5036],[-93.0723,34.5071],[-93.0722,34.5089],[-93.0802,34.5091],[-93.0807,34.5127],[-93.0823,34.5133],[-93.0806,34.5137],[-93.0806,34.5164],[-93.0762,34.5163],[-93.0761,34.5199],[-93.0717,34.5198],[-93.0714,34.5307],[-93.0798,34.5308],[-93.0797,34.5344],[-93.0754,34.5344],[-93.0752,34.54],[-93.075,34.5451],[-93.0708,34.5451],[-93.071,34.5424],[-93.071,34.5415],[-93.0683,34.5415],[-93.0629,34.5417],[-93.0622,34.5427],[-93.0615,34.5522],[-93.061,34.5594],[-93.0522,34.5594],[-93.0526,34.5522],[-93.0439,34.5521],[-93.0439,34.552],[-93.0348,34.5519],[-93.0351,34.5483],[-93.0309,34.5482],[-93.0307,34.5501],[-93.0306,34.5518],[-93.0242,34.5519],[-93.0173,34.5518],[-93.0168,34.5567],[-93.0154,34.5563],[-93.0146,34.5592],[-93.0126,34.5591],[-93.0128,34.5555],[-93.0099,34.5553],[-93.0087,34.556],[-93.0043,34.5551],[-93.0044,34.5517],[-93.0,34.5517],[-92.9999,34.5553],[-92.9958,34.5551],[-92.996,34.5515],[-92.9971,34.5509],[-93.0002,34.5461],[-93.0005,34.5406],[-93.005,34.5406],[-93.0064,34.5402],[-93.0136,34.5401],[-93.0138,34.5372],[-93.0179,34.5372],[-93.0216,34.5373],[-93.0282,34.5375],[-93.0299,34.5342],[-93.028,34.5324],[-93.0285,34.5309],[-93.0302,34.5302],[-93.0324,34.5302],[-93.0359,34.5304],[-93.0368,34.5266],[-93.0368,34.526],[-93.037,34.5239],[-93.0365,34.523],[-93.0193,34.5233],[-93.0155,34.5233],[-93.0152,34.5269],[-93.0143,34.5268],[-93.0098,34.5303],[-93.01,34.5268],[-93.0111,34.5268],[-93.0113,34.5232],[-93.0102,34.5232],[-93.0105,34.5195],[-93.0116,34.5195],[-93.0117,34.5177],[-93.0128,34.5177],[-93.0128,34.5159],[-93.0176,34.5163],[-93.0167,34.5154],[-93.0147,34.5152],[-93.0121,34.5159],[-93.0055,34.5157],[-93.0053,34.5154],[-93.0076,34.5127],[-93.0085,34.5085],[-93.0022,34.5083],[-93.0022,34.5046],[-93.0025,34.5001],[-93.0025,34.4969],[-93.0027,34.4939],[-93.0043,34.4939],[-93.0157,34.494],[-93.0158,34.4905],[-93.014,34.4904],[-93.0144,34.4887],[-93.016,34.4873],[-93.0108,34.4889],[-93.0053,34.4896],[-93.0015,34.4902],[-92.9997,34.4878],[-93.0029,34.4858],[-93.0073,34.4843],[-93.011,34.4832],[-93.0091,34.4831],[-93.009,34.4797],[-93.0074,34.4797],[-93.0074,34.4831],[-92.9943,34.4833],[-92.9943,34.4797],[-92.9856,34.4794],[-92.9855,34.4761],[-92.9853,34.4715],[-92.9852,34.4673],[-92.9851,34.4644],[-92.9989,34.4651],[-92.9989,34.4623],[-92.9994,34.4623],[-92.9997,34.4616],[-93.0021,34.4614],[-93.002,34.4652],[-93.0033,34.4653],[-93.0034,34.4613],[-93.0036,34.4571],[-93.0073,34.457],[-93.0091,34.458],[-93.0145,34.4579],[-93.0166,34.4553],[-93.0168,34.4516],[-93.016,34.4505],[-93.0124,34.4505],[-93.0126,34.4427],[-93.0126,34.4382],[-92.9936,34.4373],[-92.9881,34.4368],[-92.9875,34.4282],[-92.9886,34.4282],[-92.9886,34.4264],[-93.0066,34.427],[-93.0065,34.4278],[-93.0092,34.4278],[-93.0092,34.4271],[-93.0122,34.4272],[-93.014,34.4279],[-93.0139,34.4345],[-93.0201,34.4346],[-93.0199,34.4384],[-93.0156,34.4383],[-93.0155,34.4428],[-93.0155,34.4431],[-93.017,34.4429],[-93.0172,34.4436],[-93.021,34.4428],[-93.0257,34.4434],[-93.0255,34.4451],[-93.03,34.4451],[-93.0337,34.4442],[-93.0357,34.4429],[-93.0339,34.4458],[-93.0348,34.4462],[-93.0358,34.4447],[-93.0414,34.4437],[-93.0448,34.4435],[-93.0472,34.4446],[-93.049,34.4441],[-93.0501,34.4444],[-93.0491,34.4467],[-93.0478,34.4468],[-93.0464,34.4477],[-93.0472,34.4479],[-93.0472,34.4481],[-93.0463,34.4482],[-93.0463,34.4478],[-93.0442,34.448],[-93.0415,34.4499],[-93.0399,34.452],[-93.0428,34.4531],[-93.0447,34.4528],[-93.0452,34.4546],[-93.0429,34.4541],[-93.0384,34.4541],[-93.0385,34.4505],[-93.035,34.4505],[-93.0342,34.4512],[-93.0341,34.4539],[-93.0297,34.4539],[-93.0296,34.4577],[-93.034,34.4577],[-93.0339,34.4614],[-93.0295,34.4613],[-93.0294,34.4631],[-93.0321,34.4627],[-93.0426,34.4633],[-93.0427,34.4613],[-93.0383,34.4613],[-93.0385,34.4604],[-93.0411,34.4602],[-93.042,34.4594],[-93.0424,34.4605],[-93.0448,34.4597],[-93.0444,34.4613],[-93.0447,34.4613],[-93.0452,34.4613],[-93.0458,34.4614],[-93.0464,34.4593],[-93.0455,34.4587],[-93.0464,34.4568],[-93.049,34.4566],[-93.0462,34.4557],[-93.0463,34.4532],[-93.0474,34.4527],[-93.0472,34.4522],[-93.0487,34.453],[-93.0491,34.4519],[-93.0536,34.4515],[-93.0542,34.4531],[-93.0558,34.4511],[-93.0551,34.4504],[-93.0587,34.4505],[-93.0608,34.4497],[-93.0683,34.4483],[-93.0679,34.4477],[-93.0603,34.4478],[-93.0581,34.4482],[-93.0581,34.4475],[-93.0551,34.4474],[-93.0566,34.4467],[-93.0598,34.4464],[-93.0593,34.4458],[-93.056,34.4458],[-93.0544,34.4463],[-93.0548,34.445],[-93.0563,34.4447],[-93.0545,34.4438],[-93.0583,34.4424],[-93.0598,34.4433],[-93.0586,34.4413],[-93.0618,34.4401],[-93.0611,34.439],[-93.0627,34.4382],[-93.0642,34.4389],[-93.0633,34.4408],[-93.0659,34.4394],[-93.0643,34.4409],[-93.0668,34.4421],[-93.0664,34.4446],[-93.0623,34.4455],[-93.0646,34.4454],[-93.068,34.4466],[-93.0681,34.4456],[-93.0723,34.4455],[-93.0748,34.4463],[-93.0769,34.4462],[-93.0799,34.4448],[-93.081,34.445],[-93.0831,34.4429],[-93.0866,34.4444],[-93.0872,34.4453],[-93.0873,34.443],[-93.0891,34.4425],[-93.0886,34.4414],[-93.0876,34.4398],[-93.0853,34.4398],[-93.0886,34.4393],[-93.0893,34.4421],[-93.0912,34.4419],[-93.0932,34.4417],[-93.0916,34.4435],[-93.0962,34.442],[-93.0955,34.4432],[-93.098,34.443],[-93.0969,34.4447],[-93.0986,34.4443],[-93.1002,34.445],[-93.1013,34.4438],[-93.1009,34.4457],[-93.1016,34.4463],[-93.0999,34.4477],[-93.1001,34.4489],[-93.1022,34.4467],[-93.103,34.4452],[-93.1036,34.4449],[-93.1037,34.4445],[-93.1031,34.4441],[-93.1034,34.4439],[-93.1041,34.4444],[-93.105,34.4473],[-93.1047,34.4477],[-93.1002,34.45],[-93.099,34.4514],[-93.0961,34.4524],[-93.0984,34.452],[-93.1019,34.45],[-93.1048,34.4491],[-93.1047,34.4502],[-93.1061,34.4498],[-93.1036,34.4526],[-93.1063,34.4521],[-93.1032,34.4532],[-93.1023,34.4525],[-93.1,34.4537],[-93.0995,34.4555],[-93.0982,34.4562],[-93.0995,34.4562],[-93.099,34.4566],[-93.0996,34.4563],[-93.1001,34.455],[-93.1012,34.4543],[-93.1052,34.4538],[-93.1073,34.4542],[-93.1061,34.4555],[-93.1037,34.4546],[-93.1036,34.4556],[-93.105,34.4563],[-93.1044,34.4573],[-93.1027,34.4566],[-93.1028,34.458],[-93.1047,34.4584],[-93.0998,34.4602],[-93.1011,34.4607],[-93.0986,34.4624],[-93.097,34.4633],[-93.1032,34.4626],[-93.1044,34.4629],[-93.1062,34.4617],[-93.1082,34.4614],[-93.1065,34.4578],[-93.1072,34.4569],[-93.1085,34.457],[-93.1104,34.4588],[-93.1094,34.4599],[-93.1108,34.4607],[-93.111,34.4622],[-93.1122,34.4609],[-93.1137,34.4617],[-93.1135,34.4644],[-93.115,34.4624],[-93.1184,34.4643],[-93.1138,34.4665],[-93.1088,34.4676],[-93.106,34.4676],[-93.1059,34.4667],[-93.1036,34.4669],[-93.0983,34.468],[-93.0943,34.4699],[-93.0972,34.4698],[-93.1036,34.4684],[-93.1067,34.4687],[-93.1123,34.4679],[-93.1167,34.4665],[-93.1168,34.4673],[-93.12,34.4661],[-93.1229,34.4723],[-93.1198,34.4733],[-93.1199,34.4744],[-93.1172,34.476],[-93.1204,34.4747],[-93.121,34.4736],[-93.1257,34.4723],[-93.1266,34.4704],[-93.1291,34.47],[-93.129,34.4711]],[[-93.0706,34.448],[-93.0683,34.4478],[-93.0684,34.4483],[-93.0686,34.4488],[-93.0706,34.4482],[-93.0706,34.448]],[[-93.0539,34.5379],[-93.0533,34.5379],[-93.0522,34.5385],[-93.0488,34.5379],[-93.0447,34.5379],[-93.0445,34.5414],[-93.0536,34.5416],[-93.0536,34.5415],[-93.0539,34.5379]],[[-93.0714,34.5307],[-93.0638,34.5307],[-93.063,34.5307],[-93.0589,34.5307],[-93.0567,34.5307],[-93.0566,34.5318],[-93.0568,34.5326],[-93.0568,34.5332],[-93.0569,34.5339],[-93.0577,34.5344],[-93.0553,34.5344],[-93.0541,34.5344],[-93.0539,34.5379],[-93.0584,34.5379],[-93.0626,34.5379],[-93.0628,34.5345],[-93.0629,34.5344],[-93.0637,34.5344],[-93.0713,34.5344],[-93.072,34.5311],[-93.0714,34.5313],[-93.0714,34.5307]]]]}},{"type":"Feature","id":"0551410","properties":{"name":"Oil Trough","land_sqmi":0.23,"lat":35.6291,"lon":-91.4617},"geometry":{"type":"MultiPolygon","coordinates":[[[[-91.4673,35.6289],[-91.4646,35.629],[-91.4645,35.6339],[-91.4641,35.6332],[-91.4579,35.6326],[-91.4562,35.6327],[-91.4563,35.6291],[-91.4585,35.6291],[-91.4584,35.6242],[-91.4637,35.6259],[-91.4637,35.6271],[-91.4673,35.6272],[-91.4673,35.6289]]]]}},{"type":"Feature","id":"0574000","properties":{"name":"Weldon","land_sqmi":0.24,"lat":35.4468,"lon":-91.2333},"geometry":{"type":"MultiPolygon","coordinates":[[[[-91.2351,35.4465],[-91.2349,35.4509],[-91.2349,35.4529],[-91.2284,35.4529],[-91.2283,35.4457],[-91.2295,35.4447],[-91.2294,35.4407],[-91.2316,35.4408],[-91.2316,35.4456],[-91.2382,35.4457],[-91.2351,35.4465]]]]}},{"type":"Feature","id":"0542260","properties":{"name":"Lynn","land_sqmi":2.31,"lat":36.004,"lon":-91.2514},"geometry":{"type":"MultiPolygon","coordinates":[[[[-91.2698,35.9917],[-91.267,35.993],[-91.2698,35.993],[-91.2697,35.9966],[-91.2652,35.9966],[-91.265,36.0075],[-91.2562,36.0074],[-91.2558,36.015],[-91.2558,36.0183],[-91.2471,36.0181],[-91.2469,36.0224],[-91.2469,36.0226],[-91.2394,36.0225],[-91.2397,36.0078],[-91.2329,36.0077],[-91.2329,36.0041],[-91.2429,36.0042],[-91.2428,36.0072],[-91.2442,36.0072],[-91.2443,36.0006],[-91.2474,36.0007],[-91.2476,35.9853],[-91.2521,35.9854],[-91.252,35.9927],[-91.2653,35.9929],[-91.2655,35.9857],[-91.2674,35.9855],[-91.2699,35.9893],[-91.2698,35.9917]]]]}},{"type":"Feature","id":"0520440","properties":{"name":"East Camden","land_sqmi":0.76,"lat":33.607,"lon":-92.749},"geometry":{"type":"MultiPolygon","coordinates":[[[[-92.7669,33.6123],[-92.7633,33.6118],[-92.7629,33.6142],[-92.7602,33.614],[-92.7561,33.611],[-92.7559,33.6117],[-92.7533,33.6114],[-92.7533,33.6105],[-92.7513,33.6102],[-92.7491,33.6102],[-92.7494,33.6109],[-92.7478,33.611],[-92.7467,33.6111],[-92.7449,33.6114],[-92.7449,33.6108],[-92.7412,33.612],[-92.7354,33.6148],[-92.731,33.6051],[-92.7381,33.6053],[-92.7427,33.6039],[-92.7407,33.5992],[-92.7505,33.6058],[-92.7513,33.605],[-92.7546,33.6072],[-92.7555,33.6084],[-92.7568,33.6085],[-92.7581,33.6105],[-92.7648,33.6115],[-92.767,33.6114],[-92.7669,33.6123]]]]}},{"type":"Feature","id":"0533310","properties":{"name":"Horatio","land_sqmi":1.78,"lat":33.9414,"lon":-94.3546},"geometry":{"type":"MultiPolygon","coordinates":[[[[-94.3682,33.9328],[-94.3678,33.9473],[-94.3677,33.9508],[-94.3449,33.9501],[-94.3452,33.9441],[-94.3452,33.9422],[-94.341,33.9422],[-94.3411,33.9355],[-94.342,33.9319],[-94.3682,33.9326],[-94.3682,33.9328]]]]}},{"type":"Feature","id":"0530490","properties":{"name":"Hartford","land_sqmi":1.8,"lat":35.0234,"lon":-94.3804},"geometry":{"type":"MultiPolygon","coordinates":[[[[-94.3953,35.0236],[-94.3919,35.0236],[-94.3918,35.0326],[-94.3871,35.0328],[-94.3654,35.0318],[-94.3658,35.0174],[-94.3702,35.0175],[-94.3703,35.0139],[-94.3918,35.0149],[-94.3922,35.0149],[-94.392,35.0222],[-94.3954,35.0223],[-94.3953,35.0236]],[[-94.3699,35.0268],[-94.3687,35.0267],[-94.3679,35.0279],[-94.3675,35.0283],[-94.3698,35.0284],[-94.3699,35.0268]]]]}},{"type":"Feature","id":"0511410","properties":{"name":"Caraway","land_sqmi":2.3,"lat":35.7622,"lon":-90.3225},"geometry":{"type":"MultiPolygon","coordinates":[[[[-90.3577,35.7602],[-90.3422,35.7601],[-90.3423,35.7673],[-90.3384,35.7671],[-90.3384,35.7601],[-90.3301,35.7597],[-90.3302,35.7619],[-90.3242,35.7619],[-90.3241,35.7727],[-90.3239,35.7876],[-90.32,35.7876],[-90.3203,35.7726],[-90.3206,35.7622],[-90.3137,35.7624],[-90.3137,35.7652],[-90.3112,35.7651],[-90.3111,35.7615],[-90.31,35.7606],[-90.2872,35.7603],[-90.2872,35.7549],[-90.3162,35.7551],[-90.321,35.7546],[-90.3211,35.7368],[-90.3245,35.7369],[-90.3244,35.7552],[-90.3579,35.7552],[-90.3577,35.7602]]]]}},{"type":"Feature","id":"0536670","properties":{"name":"Kibler","land_sqmi":5.0,"lat":35.4235,"lon":-94.2322},"geometry":{"type":"MultiPolygon","coordinates":[[[[-94.25,35.4346],[-94.2496,35.4491],[-94.2222,35.4486],[-94.2223,35.4399],[-94.2223,35.438],[-94.2218,35.4388],[-94.2182,35.4382],[-94.2188,35.4368],[-94.2179,35.4357],[-94.218,35.4348],[-94.2203,35.434],[-94.218,35.434],[-94.2176,35.4303],[-94.2136,35.4302],[-94.2138,35.4266],[-94.2154,35.4266],[-94.2162,35.4257],[-94.2182,35.4258],[-94.2183,35.4244],[-94.222,35.4245],[-94.2224,35.4121],[-94.232,35.4124],[-94.2325,35.3979],[-94.2414,35.398],[-94.2411,35.4054],[-94.2508,35.4056],[-94.25,35.4346]]]]}},{"type":"Feature","id":"0515700","properties":{"name":"Cove","land_sqmi":1.6,"lat":34.4374,"lon":-94.4221},"geometry":{"type":"MultiPolygon","coordinates":[[[[-94.443,34.4397],[-94.4209,34.4394],[-94.4208,34.4449],[-94.4187,34.4448],[-94.4187,34.4468],[-94.4118,34.4466],[-94.412,34.4462],[-94.4121,34.4431],[-94.4012,34.4427],[-94.4016,34.4281],[-94.4212,34.4284],[-94.4211,34.4321],[-94.4255,34.4322],[-94.4254,34.4358],[-94.443,34.436],[-94.443,34.4397]]]]}},{"type":"Feature","id":"0528990","properties":{"name":"Griffithville","land_sqmi":0.55,"lat":35.1251,"lon":-91.6466},"geometry":{"type":"MultiPolygon","coordinates":[[[[-91.657,35.1262],[-91.6493,35.1261],[-91.6493,35.1289],[-91.6449,35.1288],[-91.6449,35.1325],[-91.6404,35.1288],[-91.6405,35.1227],[-91.636,35.1226],[-91.6361,35.1178],[-91.6406,35.1178],[-91.6495,35.1179],[-91.6494,35.1204],[-91.6538,35.1205],[-91.6538,35.1217],[-91.6494,35.1225],[-91.6494,35.1252],[-91.656,35.1253],[-91.656,35.1217],[-91.6571,35.1217],[-91.657,35.1262]]]]}},{"type":"Feature","id":"0514050","properties":{"name":"Clarkedale","land_sqmi":11.44,"lat":35.2885,"lon":-90.2172},"geometry":{"type":"MultiPolygon","coordinates":[[[[-90.2593,35.3215],[-90.1825,35.3208],[-90.1827,35.3127],[-90.1824,35.31],[-90.1751,35.3099],[-90.1808,35.3014],[-90.1788,35.3005],[-90.1831,35.2945],[-90.1836,35.2627],[-90.1836,35.2554],[-90.2009,35.2555],[-90.2053,35.2556],[-90.2055,35.2629],[-90.2104,35.263],[-90.2103,35.2701],[-90.2098,35.2956],[-90.2458,35.296],[-90.2544,35.296],[-90.2541,35.3117],[-90.2593,35.3215]]]]}},{"type":"Feature","id":"0547030","properties":{"name":"Morrison Bluff","land_sqmi":1.34,"lat":35.3825,"lon":-93.5211},"geometry":{"type":"MultiPolygon","coordinates":[[[[-93.5345,35.3765],[-93.5343,35.389],[-93.533,35.3904],[-93.5253,35.3905],[-93.5191,35.3891],[-93.5078,35.3889],[-93.5079,35.3825],[-93.5122,35.3826],[-93.5124,35.3781],[-93.5168,35.3782],[-93.5168,35.3745],[-93.5345,35.3749],[-93.5345,35.3765]]]]}},{"type":"Feature","id":"0546910","properties":{"name":"Moro","land_sqmi":0.96,"lat":34.7929,"lon":-90.9882},"geometry":{"type":"MultiPolygon","coordinates":[[[[-90.997,34.8025],[-90.988,34.7979],[-90.9793,34.7977],[-90.9795,34.7832],[-90.9884,34.7834],[-90.997,34.7903],[-90.997,34.8025]]]]}},{"type":"Feature","id":"0525360","properties":{"name":"Fulton","land_sqmi":0.18,"lat":33.6124,"lon":-93.8139},"geometry":{"type":"MultiPolygon","coordinates":[[[[-93.8186,33.6153],[-93.8143,33.6164],[-93.8121,33.617],[-93.8114,33.6151],[-93.8093,33.6099],[-93.8104,33.6094],[-93.8124,33.6085],[-93.814,33.6077],[-93.8171,33.6123],[-93.8182,33.6133],[-93.8186,33.6153]]]]}},{"type":"Feature","id":"0510900","properties":{"name":"Campbell Station","land_sqmi":1.7,"lat":35.6676,"lon":-91.2533},"geometry":{"type":"MultiPolygon","coordinates":[[[[-91.2686,35.6749],[-91.2633,35.6748],[-91.2513,35.6746],[-91.2374,35.6751],[-91.2375,35.6643],[-91.242,35.6643],[-91.2421,35.6606],[-91.2515,35.6606],[-91.256,35.6601],[-91.2692,35.6603],[-91.2686,35.6749]]]]}},{"type":"Feature","id":"0569050","properties":{"name":"Thornton","land_sqmi":1.92,"lat":33.7766,"lon":-92.4887},"geometry":{"type":"MultiPolygon","coordinates":[[[[-92.5053,33.7729],[-92.505,33.7832],[-92.4999,33.7828],[-92.4875,33.7825],[-92.4874,33.7861],[-92.4786,33.7858],[-92.4788,33.7786],[-92.472,33.7784],[-92.4721,33.7747],[-92.4724,33.7672],[-92.4761,33.7673],[-92.4791,33.7677],[-92.5054,33.7686],[-92.5053,33.7729]]]]}},{"type":"Feature","id":"0543310","properties":{"name":"Magazine","land_sqmi":1.82,"lat":35.1543,"lon":-93.8121},"geometry":{"type":"MultiPolygon","coordinates":[[[[-93.828,35.1506],[-93.8279,35.1528],[-93.8147,35.1527],[-93.8144,35.1654],[-93.8112,35.165],[-93.7961,35.1649],[-93.7966,35.1497],[-93.7968,35.1431],[-93.8195,35.1436],[-93.8194,35.1491],[-93.828,35.1492],[-93.828,35.1506]]]]}},{"type":"Feature","id":"0536040","properties":{"name":"Judsonia","land_sqmi":2.89,"lat":35.276,"lon":-91.646},"geometry":{"type":"MultiPolygon","coordinates":[[[[-91.6696,35.2725],[-91.6609,35.2725],[-91.6609,35.2751],[-91.6541,35.2796],[-91.6498,35.2824],[-91.6478,35.2832],[-91.6476,35.2905],[-91.6434,35.2905],[-91.6404,35.2904],[-91.6404,35.2917],[-91.6387,35.2903],[-91.6245,35.2898],[-91.6223,35.2898],[-91.6223,35.2874],[-91.6246,35.2865],[-91.6247,35.2772],[-91.6248,35.2768],[-91.6249,35.2658],[-91.6287,35.2669],[-91.6349,35.2669],[-91.6368,35.2667],[-91.639,35.2603],[-91.6415,35.2602],[-91.6407,35.2653],[-91.64,35.2671],[-91.6399,35.2675],[-91.6415,35.2681],[-91.6429,35.2682],[-91.6472,35.2682],[-91.6645,35.2682],[-91.6644,35.2673],[-91.6697,35.2682],[-91.6696,35.2725]]]]}},{"type":"Feature","id":"0547690","properties":{"name":"Mount Ida","land_sqmi":1.57,"lat":34.5522,"lon":-93.6287},"geometry":{"type":"MultiPolygon","coordinates":[[[[-93.6431,34.5582],[-93.6404,34.5569],[-93.6373,34.5588],[-93.6358,34.5601],[-93.634,34.5622],[-93.6298,34.5611],[-93.6286,34.559],[-93.6274,34.5581],[-93.6238,34.5589],[-93.6227,34.5583],[-93.6207,34.5592],[-93.6207,34.5531],[-93.6162,34.5531],[-93.6164,34.5453],[-93.6141,34.5453],[-93.6141,34.5437],[-93.6141,34.5427],[-93.6208,34.5466],[-93.6208,34.5459],[-93.6254,34.5459],[-93.6254,34.5421],[-93.6433,34.5422],[-93.6431,34.5582]]]]}},{"type":"Feature","id":"0511890","properties":{"name":"Casa","land_sqmi":1.12,"lat":35.0254,"lon":-93.0425},"geometry":{"type":"MultiPolygon","coordinates":[[[[-93.0533,35.0335],[-93.0357,35.0329],[-93.035,35.0296],[-93.0311,35.0292],[-93.0312,35.0284],[-93.0358,35.0283],[-93.0361,35.0195],[-93.0362,35.0174],[-93.0539,35.0175],[-93.0533,35.0335]]]]}},{"type":"Feature","id":"0545560","properties":{"name":"Midway","land_sqmi":3.52,"lat":34.2592,"lon":-92.9574},"geometry":{"type":"MultiPolygon","coordinates":[[[[-92.9794,34.2625],[-92.9692,34.2725],[-92.9527,34.2716],[-92.9525,34.2814],[-92.9522,34.2825],[-92.9434,34.2822],[-92.9432,34.2858],[-92.9389,34.2857],[-92.9389,34.2853],[-92.9392,34.2785],[-92.9348,34.2784],[-92.9352,34.2711],[-92.944,34.2713],[-92.9443,34.2643],[-92.9618,34.2649],[-92.9624,34.2504],[-92.9581,34.2502],[-92.9581,34.2493],[-92.9582,34.2462],[-92.9589,34.2409],[-92.9588,34.238],[-92.9607,34.2327],[-92.9704,34.2329],[-92.9711,34.2371],[-92.9707,34.2426],[-92.9715,34.2438],[-92.9713,34.2469],[-92.9801,34.2471],[-92.9794,34.2625]]]]}},{"type":"Feature","id":"0531540","properties":{"name":"Hermitage","land_sqmi":1.07,"lat":33.4488,"lon":-92.1696},"geometry":{"type":"MultiPolygon","coordinates":[[[[-92.1805,33.4583],[-92.1793,33.4573],[-92.1792,33.4547],[-92.176,33.4547],[-92.176,33.4538],[-92.1718,33.4539],[-92.1718,33.4565],[-92.1773,33.4564],[-92.1762,33.4574],[-92.1762,33.461],[-92.1732,33.461],[-92.17,33.4539],[-92.1675,33.4539],[-92.1674,33.4508],[-92.1632,33.4508],[-92.163,33.4437],[-92.1587,33.4436],[-92.1587,33.4414],[-92.1651,33.4414],[-92.1651,33.4365],[-92.1716,33.4365],[-92.1737,33.4401],[-92.1741,33.4439],[-92.1764,33.4439],[-92.1764,33.4427],[-92.1803,33.4428],[-92.1805,33.4583]]]]}},{"type":"Feature","id":"0552160","properties":{"name":"Omaha","land_sqmi":0.39,"lat":36.459,"lon":-93.1924},"geometry":{"type":"MultiPolygon","coordinates":[[[[-93.1973,36.4506],[-93.1911,36.4499],[-93.1911,36.4534],[-93.1889,36.4533],[-93.1888,36.4551],[-93.1911,36.4552],[-93.191,36.4571],[-93.1933,36.4572],[-93.1931,36.4663],[-93.1953,36.4664],[-93.1953,36.47],[-93.1908,36.4697],[-93.1908,36.4662],[-93.1886,36.4661],[-93.1888,36.457],[-93.1865,36.4568],[-93.1866,36.4535],[-93.1866,36.4494],[-93.1908,36.4481],[-93.1983,36.449],[-93.1973,36.4506]]]]}},{"type":"Feature","id":"0518370","properties":{"name":"Denning","land_sqmi":1.08,"lat":35.4254,"lon":-93.7554},"geometry":{"type":"MultiPolygon","coordinates":[[[[-93.7661,35.4331],[-93.7482,35.4325],[-93.7486,35.4216],[-93.7441,35.4215],[-93.7443,35.4178],[-93.7666,35.4185],[-93.7661,35.4331]]]]}},{"type":"Feature","id":"0557050","properties":{"name":"Powhatan","land_sqmi":0.55,"lat":36.0863,"lon":-91.1249},"geometry":{"type":"MultiPolygon","coordinates":[[[[-91.1354,36.0937],[-91.1193,36.0935],[-91.1194,36.0917],[-91.1205,36.0917],[-91.1205,36.087],[-91.1178,36.0863],[-91.1145,36.0834],[-91.1156,36.083],[-91.1179,36.0798],[-91.1209,36.0798],[-91.1228,36.0798],[-91.1239,36.0789],[-91.1239,36.0808],[-91.125,36.0808],[-91.125,36.0827],[-91.1273,36.0828],[-91.1272,36.0885],[-91.1324,36.0905],[-91.1354,36.0937]]]]}},{"type":"Feature","id":"0573370","properties":{"name":"Washington","land_sqmi":1.01,"lat":33.7731,"lon":-93.6833},"geometry":{"type":"MultiPolygon","coordinates":[[[[-93.6921,33.7694],[-93.6918,33.7801],[-93.6918,33.7804],[-93.6743,33.78],[-93.6748,33.766],[-93.6923,33.7658],[-93.6921,33.7694]]]]}},{"type":"Feature","id":"0532710","properties":{"name":"Holland","land_sqmi":6.73,"lat":35.1606,"lon":-92.2818},"geometry":{"type":"MultiPolygon","coordinates":[[[[-92.3147,35.181],[-92.3142,35.1818],[-92.3118,35.1836],[-92.3113,35.1838],[-92.3108,35.1839],[-92.3105,35.1908],[-92.3103,35.1908],[-92.2871,35.1903],[-92.2797,35.1901],[-92.2751,35.19],[-92.2751,35.19],[-92.2751,35.1863],[-92.2752,35.1826],[-92.2664,35.1823],[-92.2667,35.1713],[-92.2657,35.1712],[-92.2624,35.1714],[-92.2623,35.1731],[-92.2601,35.1731],[-92.2601,35.1749],[-92.2579,35.1749],[-92.2578,35.1785],[-92.2533,35.1784],[-92.2531,35.1856],[-92.2487,35.1855],[-92.2492,35.1673],[-92.2581,35.1676],[-92.2583,35.1603],[-92.2495,35.1601],[-92.2496,35.1566],[-92.2497,35.1528],[-92.2541,35.1529],[-92.254,35.1543],[-92.254,35.1564],[-92.2584,35.1555],[-92.2585,35.1531],[-92.2585,35.1494],[-92.263,35.1495],[-92.2631,35.1453],[-92.272,35.1455],[-92.2721,35.1417],[-92.2723,35.1353],[-92.2722,35.1329],[-92.2678,35.1326],[-92.2651,35.1324],[-92.2626,35.1318],[-92.2623,35.1317],[-92.2624,35.1314],[-92.2626,35.1304],[-92.2661,35.1312],[-92.2718,35.1316],[-92.2724,35.1317],[-92.2757,35.1318],[-92.2767,35.1317],[-92.2811,35.1318],[-92.281,35.1354],[-92.2774,35.1354],[-92.2773,35.139],[-92.2854,35.1391],[-92.2898,35.1392],[-92.2942,35.1397],[-92.2942,35.1412],[-92.2942,35.143],[-92.2941,35.1467],[-92.2896,35.1466],[-92.2895,35.1502],[-92.2851,35.1501],[-92.2844,35.1718],[-92.2933,35.172],[-92.2932,35.1793],[-92.3148,35.18],[-92.3147,35.181]]]]}},{"type":"Feature","id":"0504420","properties":{"name":"Bearden","land_sqmi":1.61,"lat":33.7292,"lon":-92.6218},"geometry":{"type":"MultiPolygon","coordinates":[[[[-92.6364,33.7183],[-92.6352,33.7194],[-92.6302,33.7244],[-92.6293,33.7256],[-92.6262,33.7335],[-92.6229,33.7377],[-92.6201,33.7389],[-92.62,33.7407],[-92.6182,33.7407],[-92.6179,33.7392],[-92.6113,33.7403],[-92.6116,33.7332],[-92.6072,33.7331],[-92.6076,33.7185],[-92.6164,33.7188],[-92.6301,33.7192],[-92.635,33.7178],[-92.6356,33.7178],[-92.6364,33.7183]]]]}},{"type":"Feature","id":"0539370","properties":{"name":"Lepanto","land_sqmi":1.56,"lat":35.6129,"lon":-90.3331},"geometry":{"type":"MultiPolygon","coordinates":[[[[-90.3465,35.6171],[-90.345,35.6172],[-90.3422,35.6165],[-90.3408,35.6173],[-90.3407,35.6136],[-90.3381,35.6136],[-90.3355,35.6135],[-90.3355,35.614],[-90.3319,35.6139],[-90.3317,35.6171],[-90.3309,35.617],[-90.33,35.617],[-90.3293,35.619],[-90.3263,35.6188],[-90.3257,35.6223],[-90.3246,35.6236],[-90.3211,35.627],[-90.3204,35.6265],[-90.3198,35.6261],[-90.3235,35.6225],[-90.3242,35.6212],[-90.3245,35.6188],[-90.3232,35.6187],[-90.3231,35.6132],[-90.321,35.6131],[-90.321,35.6105],[-90.3227,35.6105],[-90.3227,35.5988],[-90.3318,35.599],[-90.3433,35.5993],[-90.3434,35.6015],[-90.3456,35.6058],[-90.3461,35.6093],[-90.3448,35.6135],[-90.3462,35.6135],[-90.3446,35.6158],[-90.3465,35.616],[-90.3465,35.6171]]]]}},{"type":"Feature","id":"0563470","properties":{"name":"Shannon Hills","land_sqmi":2.64,"lat":34.6084,"lon":-92.4199},"geometry":{"type":"MultiPolygon","coordinates":[[[[-92.4552,34.6052],[-92.4463,34.6054],[-92.4451,34.6053],[-92.44,34.6053],[-92.4404,34.6087],[-92.4397,34.6103],[-92.4416,34.6121],[-92.4429,34.6116],[-92.4429,34.613],[-92.4417,34.6146],[-92.4438,34.6146],[-92.4435,34.6174],[-92.4391,34.6196],[-92.439,34.6232],[-92.4425,34.6233],[-92.4432,34.6248],[-92.4387,34.625],[-92.4381,34.6269],[-92.4352,34.6268],[-92.4169,34.6266],[-92.4132,34.6265],[-92.3995,34.6264],[-92.3845,34.6263],[-92.3879,34.6225],[-92.391,34.6195],[-92.391,34.6188],[-92.3892,34.6188],[-92.3892,34.6175],[-92.3901,34.6175],[-92.3901,34.6178],[-92.3911,34.6172],[-92.3953,34.6161],[-92.3949,34.6144],[-92.3999,34.6144],[-92.4034,34.6118],[-92.4067,34.6118],[-92.4086,34.6155],[-92.4085,34.6191],[-92.4129,34.6192],[-92.4128,34.6228],[-92.4171,34.6229],[-92.4171,34.622],[-92.4193,34.622],[-92.4194,34.6212],[-92.4189,34.6212],[-92.4189,34.6205],[-92.4172,34.6205],[-92.4172,34.6193],[-92.426,34.6195],[-92.4259,34.622],[-92.4281,34.6215],[-92.4285,34.6195],[-92.4345,34.6195],[-92.4368,34.6196],[-92.4369,34.6161],[-92.4381,34.6157],[-92.4382,34.6126],[-92.4351,34.6123],[-92.4357,34.5978],[-92.4385,34.5982],[-92.4392,34.597],[-92.4394,34.5936],[-92.4426,34.5986],[-92.444,34.5978],[-92.4465,34.5978],[-92.445,34.5971],[-92.4416,34.591],[-92.4441,34.5899],[-92.4473,34.5902],[-92.4474,34.5907],[-92.4469,34.5995],[-92.4503,34.5995],[-92.4502,34.6016],[-92.4553,34.6017],[-92.4552,34.6052]]]]}},{"type":"Feature","id":"0533910","properties":{"name":"Hunter","land_sqmi":0.62,"lat":35.0543,"lon":-91.1229},"geometry":{"type":"MultiPolygon","coordinates":[[[[-91.1291,35.0568],[-91.1292,35.0602],[-91.1156,35.0602],[-91.1157,35.0493],[-91.124,35.0494],[-91.1249,35.0485],[-91.1301,35.0486],[-91.1291,35.0568]]]]}},{"type":"Feature","id":"0509550","properties":{"name":"Buckner","land_sqmi":1.18,"lat":33.3586,"lon":-93.4336},"geometry":{"type":"MultiPolygon","coordinates":[[[[-93.4451,33.369],[-93.4432,33.3689],[-93.4429,33.3691],[-93.4408,33.369],[-93.4409,33.3669],[-93.4387,33.3668],[-93.4388,33.3655],[-93.4358,33.3654],[-93.4359,33.3631],[-93.4261,33.3628],[-93.4261,33.3598],[-93.4218,33.3596],[-93.4218,33.359],[-93.4262,33.359],[-93.4266,33.3481],[-93.4422,33.3489],[-93.4438,33.3489],[-93.4433,33.3615],[-93.4454,33.3617],[-93.4451,33.369]]]]}},{"type":"Feature","id":"0576250","properties":{"name":"Winthrop","land_sqmi":1.04,"lat":33.8308,"lon":-94.3541},"geometry":{"type":"MultiPolygon","coordinates":[[[[-94.3632,33.8384],[-94.3448,33.8376],[-94.3448,33.8368],[-94.3454,33.8232],[-94.3635,33.8239],[-94.3632,33.8384]]]]}},{"type":"Feature","id":"0508440","properties":{"name":"Branch","land_sqmi":3.12,"lat":35.3096,"lon":-93.9559},"geometry":{"type":"MultiPolygon","coordinates":[[[[-93.9816,35.3034],[-93.9766,35.3033],[-93.976,35.3042],[-93.9759,35.3069],[-93.9709,35.3068],[-93.9701,35.3068],[-93.97,35.3104],[-93.9707,35.3105],[-93.9707,35.3114],[-93.9691,35.3113],[-93.9688,35.3198],[-93.9705,35.3199],[-93.9708,35.3235],[-93.9702,35.3235],[-93.9668,35.3235],[-93.9669,35.3203],[-93.9589,35.3201],[-93.9484,35.32],[-93.9485,35.3167],[-93.9384,35.3166],[-93.9388,35.3075],[-93.9335,35.3081],[-93.9335,35.3061],[-93.9302,35.3061],[-93.9302,35.3043],[-93.9312,35.2988],[-93.9357,35.2989],[-93.9354,35.3061],[-93.9377,35.3062],[-93.938,35.2971],[-93.9468,35.2972],[-93.9471,35.2981],[-93.949,35.2982],[-93.9499,35.2991],[-93.9622,35.2993],[-93.9623,35.2957],[-93.9712,35.2958],[-93.9757,35.2959],[-93.9756,35.2996],[-93.9778,35.2996],[-93.9778,35.3008],[-93.9816,35.3009],[-93.9816,35.3034]]]]}},{"type":"Feature","id":"0569740","properties":{"name":"Tontitown","land_sqmi":17.91,"lat":36.1619,"lon":-94.2523},"geometry":{"type":"MultiPolygon","coordinates":[[[[-94.3034,36.1831],[-94.3031,36.1886],[-94.2852,36.1883],[-94.2848,36.2027],[-94.2803,36.2027],[-94.2669,36.2024],[-94.267,36.2006],[-94.2625,36.2004],[-94.2626,36.1988],[-94.2536,36.1986],[-94.2535,36.2021],[-94.2401,36.2018],[-94.2402,36.1983],[-94.2307,36.198],[-94.2289,36.191],[-94.2264,36.1858],[-94.2239,36.1843],[-94.2239,36.1834],[-94.2237,36.1834],[-94.2193,36.1833],[-94.2194,36.1795],[-94.2142,36.1795],[-94.2135,36.1758],[-94.2124,36.1758],[-94.2128,36.1684],[-94.2106,36.1684],[-94.2112,36.1631],[-94.2085,36.1577],[-94.2122,36.1577],[-94.2114,36.1556],[-94.2113,36.1555],[-94.2078,36.1547],[-94.2064,36.1488],[-94.2039,36.1435],[-94.2031,36.1394],[-94.2024,36.1394],[-94.201,36.1394],[-94.2013,36.1372],[-94.2024,36.1369],[-94.2025,36.1359],[-94.2024,36.1347],[-94.2024,36.1346],[-94.2026,36.1321],[-94.2057,36.1322],[-94.207,36.1316],[-94.2072,36.1251],[-94.2072,36.125],[-94.2195,36.1252],[-94.2251,36.1252],[-94.2406,36.1255],[-94.2415,36.1211],[-94.2429,36.1216],[-94.243,36.1237],[-94.2415,36.1237],[-94.2415,36.1255],[-94.2474,36.1258],[-94.2476,36.1287],[-94.2498,36.1288],[-94.2483,36.1297],[-94.2482,36.1314],[-94.2518,36.1312],[-94.2562,36.1313],[-94.2563,36.1296],[-94.2572,36.1296],[-94.2572,36.1305],[-94.2596,36.1304],[-94.2619,36.1312],[-94.2621,36.1296],[-94.2637,36.1263],[-94.2638,36.1261],[-94.2653,36.1262],[-94.2648,36.1443],[-94.2693,36.1444],[-94.2684,36.1698],[-94.2681,36.1753],[-94.2912,36.1758],[-94.3037,36.176],[-94.3034,36.1831]]]]}},{"type":"Feature","id":"0500580","properties":{"name":"Alexander","land_sqmi":2.26,"lat":34.6258,"lon":-92.4552},"geometry":{"type":"MultiPolygon","coordinates":[[[[-92.4722,34.6129],[-92.4688,34.6128],[-92.4677,34.6128],[-92.4482,34.6271],[-92.4476,34.6277],[-92.4461,34.6294],[-92.4493,34.6306],[-92.4492,34.6358],[-92.4535,34.6359],[-92.4535,34.6368],[-92.4508,34.6379],[-92.4481,34.6379],[-92.4486,34.6393],[-92.4489,34.6426],[-92.4497,34.6426],[-92.4495,34.6457],[-92.449,34.6458],[-92.4443,34.6465],[-92.4446,34.6408],[-92.4446,34.6404],[-92.445,34.6402],[-92.4453,34.6399],[-92.4455,34.6395],[-92.4455,34.6387],[-92.4454,34.6384],[-92.4449,34.6382],[-92.4447,34.638],[-92.4448,34.6345],[-92.4449,34.6336],[-92.4428,34.635],[-92.4427,34.6351],[-92.438,34.6313],[-92.4381,34.6312],[-92.4384,34.6309],[-92.443,34.6269],[-92.4381,34.6269],[-92.4387,34.625],[-92.4432,34.6248],[-92.4425,34.6233],[-92.439,34.6232],[-92.4391,34.6196],[-92.4435,34.6174],[-92.4438,34.6146],[-92.4417,34.6146],[-92.4429,34.613],[-92.4429,34.6116],[-92.4416,34.6121],[-92.4397,34.6103],[-92.4404,34.6087],[-92.44,34.6053],[-92.4451,34.6053],[-92.4463,34.6054],[-92.4552,34.6052],[-92.4677,34.6055],[-92.4677,34.6092],[-92.4724,34.6094],[-92.4722,34.6129]]]]}},{"type":"Feature","id":"0504090","properties":{"name":"Bauxite","land_sqmi":3.23,"lat":34.5627,"lon":-92.4848},"geometry":{"type":"MultiPolygon","coordinates":[[[[-92.5326,34.554],[-92.5326,34.5557],[-92.5325,34.5567],[-92.5324,34.5578],[-92.5324,34.5594],[-92.5321,34.5631],[-92.5184,34.5631],[-92.5186,34.5593],[-92.5054,34.5591],[-92.5048,34.5664],[-92.5089,34.5665],[-92.5089,34.5702],[-92.5087,34.5738],[-92.5087,34.574],[-92.5086,34.5775],[-92.5001,34.5774],[-92.4995,34.5772],[-92.4998,34.5702],[-92.4955,34.57],[-92.4871,34.5698],[-92.4874,34.5624],[-92.4832,34.5623],[-92.4833,34.5613],[-92.4766,34.5606],[-92.4748,34.5594],[-92.4748,34.5606],[-92.4703,34.5601],[-92.4704,34.5589],[-92.4693,34.5589],[-92.4694,34.5576],[-92.4672,34.5576],[-92.466,34.5578],[-92.4668,34.5588],[-92.4659,34.5602],[-92.4642,34.5605],[-92.4632,34.5598],[-92.4635,34.5593],[-92.4644,34.5591],[-92.4658,34.5586],[-92.4658,34.5579],[-92.464,34.5584],[-92.4605,34.5596],[-92.4587,34.5611],[-92.4588,34.5615],[-92.4531,34.5622],[-92.4531,34.5622],[-92.4528,34.5661],[-92.4528,34.5673],[-92.4487,34.5671],[-92.4488,34.5667],[-92.448,34.5656],[-92.4409,34.5656],[-92.4408,34.5666],[-92.4365,34.5665],[-92.4367,34.5618],[-92.4455,34.5621],[-92.4452,34.5595],[-92.443,34.5584],[-92.4412,34.5582],[-92.4413,34.5558],[-92.4428,34.5567],[-92.4468,34.5575],[-92.4491,34.5591],[-92.4501,34.56],[-92.4516,34.5616],[-92.452,34.5616],[-92.4504,34.5599],[-92.4508,34.5595],[-92.4516,34.5589],[-92.4563,34.5593],[-92.46,34.5582],[-92.4611,34.556],[-92.4632,34.5563],[-92.464,34.557],[-92.4651,34.5564],[-92.4749,34.5568],[-92.475,34.555],[-92.4772,34.555],[-92.4775,34.5514],[-92.4862,34.5516],[-92.4857,34.5552],[-92.4855,34.5607],[-92.494,34.5608],[-92.4941,34.5589],[-92.4963,34.559],[-92.4965,34.5572],[-92.5009,34.5572],[-92.501,34.5553],[-92.5057,34.5555],[-92.5058,34.5536],[-92.5034,34.5535],[-92.5035,34.5516],[-92.5012,34.5516],[-92.5015,34.5479],[-92.5047,34.548],[-92.5061,34.5481],[-92.5058,34.5517],[-92.5147,34.552],[-92.5145,34.5556],[-92.512,34.5555],[-92.5119,34.5573],[-92.5165,34.5574],[-92.5165,34.5556],[-92.519,34.5556],[-92.5194,34.5483],[-92.533,34.5484],[-92.5326,34.554]]]]}},{"type":"Feature","id":"0574660","properties":{"name":"West Point","land_sqmi":0.43,"lat":35.2033,"lon":-91.6075},"geometry":{"type":"MultiPolygon","coordinates":[[[[-91.6189,35.2088],[-91.6129,35.2089],[-91.6097,35.2055],[-91.6065,35.2038],[-91.6012,35.2034],[-91.5983,35.2021],[-91.5961,35.2001],[-91.5994,35.2007],[-91.5994,35.1982],[-91.6037,35.2002],[-91.6037,35.1989],[-91.6068,35.199],[-91.606,35.2013],[-91.6082,35.2022],[-91.6102,35.2015],[-91.6102,35.1978],[-91.6124,35.1978],[-91.6124,35.2015],[-91.6168,35.2015],[-91.6168,35.2033],[-91.619,35.2033],[-91.6189,35.2088]]]]}},{"type":"Feature","id":"0517320","properties":{"name":"Danville","land_sqmi":4.28,"lat":35.0584,"lon":-93.3886},"geometry":{"type":"MultiPolygon","coordinates":[[[[-93.4194,35.0838],[-93.4143,35.0838],[-93.4137,35.0835],[-93.4125,35.0828],[-93.3945,35.0704],[-93.3933,35.0693],[-93.3931,35.0656],[-93.3931,35.0609],[-93.3927,35.0609],[-93.3901,35.0609],[-93.3893,35.0612],[-93.3878,35.0626],[-93.3843,35.0643],[-93.3795,35.0642],[-93.3795,35.0613],[-93.3577,35.0608],[-93.3577,35.0547],[-93.3577,35.0536],[-93.3707,35.0536],[-93.3708,35.0464],[-93.3753,35.0466],[-93.3754,35.0392],[-93.3876,35.0395],[-93.3876,35.0386],[-93.3909,35.0386],[-93.391,35.0374],[-93.3897,35.0368],[-93.3887,35.0355],[-93.3886,35.0348],[-93.389,35.0346],[-93.3899,35.0354],[-93.391,35.0352],[-93.3911,35.0346],[-93.3932,35.0346],[-93.4045,35.0348],[-93.4045,35.0329],[-93.413,35.0334],[-93.413,35.0347],[-93.4114,35.0355],[-93.4131,35.0385],[-93.4106,35.039],[-93.409,35.0403],[-93.4105,35.0422],[-93.4122,35.0426],[-93.4098,35.0435],[-93.408,35.0423],[-93.4084,35.0446],[-93.407,35.0452],[-93.4084,35.0473],[-93.4064,35.0472],[-93.4065,35.0509],[-93.4021,35.0508],[-93.4021,35.0544],[-93.4009,35.055],[-93.3983,35.0585],[-93.3954,35.0591],[-93.3955,35.0593],[-93.3964,35.0602],[-93.3971,35.0654],[-93.3975,35.066],[-93.3975,35.0635],[-93.4019,35.0636],[-93.4019,35.0691],[-93.4018,35.0713],[-93.4061,35.0762],[-93.4063,35.0728],[-93.4108,35.0728],[-93.4107,35.0764],[-93.4151,35.0765],[-93.4151,35.0801],[-93.4194,35.0802],[-93.4194,35.0838]]]]}},{"type":"Feature","id":"0558490","properties":{"name":"Rector","land_sqmi":1.36,"lat":36.2645,"lon":-90.2929},"geometry":{"type":"MultiPolygon","coordinates":[[[[-90.3062,36.2736],[-90.3017,36.2736],[-90.3016,36.2708],[-90.2961,36.2709],[-90.2975,36.2736],[-90.2927,36.2735],[-90.2927,36.2729],[-90.2912,36.2729],[-90.2912,36.2719],[-90.2837,36.2717],[-90.2838,36.2621],[-90.2828,36.2613],[-90.2795,36.2613],[-90.2796,36.259],[-90.2826,36.259],[-90.2822,36.2563],[-90.2838,36.2563],[-90.2838,36.2553],[-90.2928,36.2554],[-90.293,36.2554],[-90.2996,36.2553],[-90.2996,36.259],[-90.3041,36.259],[-90.304,36.2627],[-90.3053,36.2628],[-90.3054,36.2669],[-90.304,36.2669],[-90.304,36.2699],[-90.3062,36.27],[-90.3062,36.2736]]]]}},{"type":"Feature","id":"0535650","properties":{"name":"Joiner","land_sqmi":0.62,"lat":35.5073,"lon":-90.1507},"geometry":{"type":"MultiPolygon","coordinates":[[[[-90.1614,35.4977],[-90.1598,35.4976],[-90.1574,35.5005],[-90.1614,35.5005],[-90.1614,35.5041],[-90.1591,35.5041],[-90.1591,35.5023],[-90.1569,35.5023],[-90.1569,35.5011],[-90.153,35.5058],[-90.1524,35.5076],[-90.1524,35.5084],[-90.1583,35.508],[-90.1593,35.5082],[-90.1589,35.5084],[-90.1576,35.5097],[-90.1566,35.5105],[-90.1523,35.5093],[-90.1522,35.5131],[-90.1491,35.5146],[-90.1442,35.5158],[-90.1413,35.5198],[-90.14,35.5195],[-90.1467,35.5111],[-90.1461,35.5057],[-90.1435,35.5057],[-90.1436,35.4949],[-90.148,35.495],[-90.1479,35.5058],[-90.151,35.5058],[-90.1597,35.4951],[-90.1614,35.4951],[-90.1614,35.4977]]]]}},{"type":"Feature","id":"0501150","properties":{"name":"Altheimer","land_sqmi":2.05,"lat":34.3276,"lon":-91.853},"geometry":{"type":"MultiPolygon","coordinates":[[[[-91.8728,34.3179],[-91.8675,34.3197],[-91.8661,34.321],[-91.8387,34.3412],[-91.8365,34.3426],[-91.8365,34.3422],[-91.8388,34.3385],[-91.8374,34.3385],[-91.8375,34.3313],[-91.8331,34.3312],[-91.8334,34.3194],[-91.841,34.3197],[-91.8411,34.3139],[-91.8412,34.3126],[-91.8511,34.313],[-91.8567,34.3137],[-91.8564,34.3148],[-91.8567,34.3163],[-91.8728,34.3168],[-91.8728,34.3179]]]]}},{"type":"Feature","id":"0556720","properties":{"name":"Portia","land_sqmi":1.29,"lat":36.0851,"lon":-91.0742},"geometry":{"type":"MultiPolygon","coordinates":[[[[-91.084,36.0811],[-91.0828,36.0825],[-91.08,36.0873],[-91.0798,36.0893],[-91.0817,36.0925],[-91.0592,36.0923],[-91.0595,36.0842],[-91.0595,36.0838],[-91.0598,36.0777],[-91.0892,36.0782],[-91.084,36.0811]]]]}},{"type":"Feature","id":"0504900","properties":{"name":"Bellefonte","land_sqmi":0.62,"lat":36.1999,"lon":-93.0502},"geometry":{"type":"MultiPolygon","coordinates":[[[[-93.0625,36.2018],[-93.0602,36.2027],[-93.0555,36.2035],[-93.0528,36.2023],[-93.0535,36.2009],[-93.0514,36.2],[-93.0512,36.206],[-93.0421,36.206],[-93.0421,36.2043],[-93.0398,36.2043],[-93.04,36.1974],[-93.0378,36.1973],[-93.0379,36.1937],[-93.0466,36.1938],[-93.0469,36.1955],[-93.0515,36.1956],[-93.0515,36.1938],[-93.0537,36.1937],[-93.0536,36.1967],[-93.0514,36.1981],[-93.0514,36.2],[-93.055,36.2006],[-93.0626,36.2004],[-93.0625,36.2018]]]]}},{"type":"Feature","id":"0510300","properties":{"name":"Cabot","land_sqmi":20.75,"lat":34.9803,"lon":-92.031},"geometry":{"type":"MultiPolygon","coordinates":[[[[-92.0723,35.0262],[-92.0708,35.0262],[-92.0714,35.0255],[-92.0717,35.025],[-92.0724,35.025],[-92.0723,35.0262]]],[[[-92.088,35.0244],[-92.0721,35.0237],[-92.0723,35.0225],[-92.0663,35.0224],[-92.0661,35.0274],[-92.0638,35.0279],[-92.0617,35.0272],[-92.0573,35.027],[-92.0572,35.0295],[-92.0617,35.0296],[-92.0617,35.0315],[-92.0691,35.0316],[-92.07,35.0312],[-92.0702,35.0316],[-92.0703,35.0306],[-92.0717,35.0306],[-92.0718,35.0298],[-92.0748,35.0298],[-92.0747,35.0321],[-92.0709,35.0325],[-92.0726,35.0347],[-92.0703,35.0355],[-92.0701,35.0365],[-92.0693,35.0372],[-92.0438,35.0367],[-92.044,35.0331],[-92.0439,35.0313],[-92.0482,35.0313],[-92.0483,35.0294],[-92.0309,35.0291],[-92.0308,35.0313],[-92.0307,35.0364],[-92.0178,35.036],[-92.0178,35.0331],[-92.0178,35.0322],[-92.018,35.0255],[-92.0181,35.0181],[-92.0183,35.0108],[-92.0038,35.0106],[-92.0031,35.0106],[-92.0031,35.004],[-92.0077,35.0041],[-92.0078,35.0011],[-92.0078,35.0001],[-92.0079,34.9967],[-92.0033,34.9967],[-92.003,34.9969],[-92.0025,34.9967],[-91.9989,34.9966],[-91.9988,34.9966],[-91.9969,34.9966],[-91.9931,34.9963],[-91.9932,34.9926],[-91.9903,34.9926],[-91.9901,34.992],[-91.9903,34.9918],[-91.9903,34.9918],[-91.9946,34.988],[-91.9981,34.9849],[-91.9991,34.9842],[-91.9969,34.9856],[-91.9953,34.9856],[-91.9954,34.982],[-91.9936,34.982],[-91.9937,34.9803],[-91.9939,34.973],[-91.9947,34.973],[-91.9994,34.9731],[-91.9994,34.9718],[-91.9994,34.9674],[-91.9995,34.9653],[-91.9994,34.9646],[-91.9963,34.9637],[-91.9965,34.96],[-91.9907,34.96],[-91.9907,34.9567],[-91.9873,34.9567],[-91.9871,34.96],[-91.9835,34.96],[-91.9834,34.9563],[-91.9842,34.9539],[-91.987,34.9539],[-91.9869,34.9526],[-91.9889,34.9526],[-91.9889,34.9566],[-91.9907,34.9566],[-91.9907,34.9526],[-91.9908,34.9526],[-91.9942,34.9526],[-91.9944,34.9453],[-91.9953,34.9442],[-91.9998,34.9443],[-91.9999,34.9381],[-91.9924,34.938],[-91.9911,34.938],[-91.9822,34.9379],[-91.98,34.9379],[-91.9801,34.9342],[-91.9735,34.9342],[-91.9735,34.936],[-91.9748,34.9361],[-91.9748,34.9378],[-91.9733,34.9378],[-91.9734,34.9305],[-91.9823,34.9306],[-91.9828,34.9297],[-91.9855,34.9285],[-91.9866,34.927],[-91.9878,34.927],[-91.9878,34.9307],[-91.9912,34.9307],[-92.0004,34.9308],[-92.0008,34.9242],[-92.0007,34.9235],[-92.0209,34.9239],[-92.0208,34.931],[-92.0296,34.9312],[-92.0294,34.9393],[-92.0354,34.939],[-92.0411,34.9405],[-92.0441,34.9414],[-92.0467,34.9422],[-92.047,34.9353],[-92.0478,34.9348],[-92.0504,34.9351],[-92.0506,34.9342],[-92.0519,34.9345],[-92.0523,34.9386],[-92.0501,34.9387],[-92.0501,34.943],[-92.0558,34.943],[-92.0559,34.9406],[-92.0573,34.9407],[-92.0572,34.9431],[-92.0583,34.9431],[-92.0612,34.9452],[-92.0626,34.9448],[-92.0643,34.9457],[-92.0657,34.9452],[-92.0661,34.9439],[-92.0666,34.946],[-92.0696,34.9454],[-92.0688,34.9491],[-92.0706,34.9521],[-92.0728,34.953],[-92.0728,34.9536],[-92.0717,34.9541],[-92.0683,34.954],[-92.0682,34.9573],[-92.0638,34.9572],[-92.064,34.9517],[-92.0657,34.9504],[-92.0641,34.9486],[-92.0589,34.9527],[-92.056,34.9555],[-92.0476,34.9647],[-92.0473,34.9649],[-92.0372,34.9647],[-92.037,34.9722],[-92.0406,34.9722],[-92.0457,34.9723],[-92.0454,34.981],[-92.0472,34.9811],[-92.0471,34.983],[-92.0466,34.9835],[-92.0481,34.984],[-92.0482,34.9832],[-92.0497,34.9832],[-92.0496,34.9846],[-92.0507,34.9849],[-92.054,34.9846],[-92.0541,34.98],[-92.0565,34.9807],[-92.0565,34.9829],[-92.0555,34.9832],[-92.0555,34.9843],[-92.0559,34.9841],[-92.0558,34.987],[-92.0583,34.987],[-92.0585,34.9834],[-92.0587,34.9834],[-92.0628,34.9834],[-92.0619,34.9825],[-92.0624,34.9821],[-92.0628,34.9826],[-92.0628,34.9816],[-92.0634,34.9815],[-92.0676,34.9817],[-92.0675,34.9835],[-92.069,34.9835],[-92.0691,34.9821],[-92.0696,34.9823],[-92.0697,34.9791],[-92.0719,34.9792],[-92.0718,34.9829],[-92.0715,34.9882],[-92.0712,34.9908],[-92.0626,34.9907],[-92.0624,34.9944],[-92.058,34.9944],[-92.0579,34.998],[-92.0448,34.998],[-92.0446,35.0011],[-92.0377,34.9993],[-92.0365,34.9979],[-92.0189,34.9963],[-92.0177,34.9969],[-92.0176,35.0001],[-92.0165,35.0005],[-92.0164,35.0041],[-92.0185,35.0053],[-92.0184,35.0078],[-92.0228,35.0078],[-92.0227,35.0108],[-92.0336,35.011],[-92.0334,35.0183],[-92.0443,35.0184],[-92.0442,35.022],[-92.0487,35.0221],[-92.0485,35.0259],[-92.0528,35.026],[-92.0531,35.0222],[-92.0576,35.0222],[-92.0578,35.0186],[-92.062,35.0187],[-92.0621,35.0156],[-92.0665,35.0153],[-92.0665,35.0123],[-92.0653,35.0123],[-92.0655,35.0117],[-92.0656,35.0115],[-92.0663,35.0107],[-92.0644,35.0115],[-92.0638,35.0095],[-92.0658,35.009],[-92.0674,35.0094],[-92.0684,35.0105],[-92.07,35.0115],[-92.0708,35.0116],[-92.0708,35.0118],[-92.0708,35.0143],[-92.0753,35.0144],[-92.0752,35.0164],[-92.0768,35.0164],[-92.0767,35.019],[-92.0886,35.0192],[-92.088,35.0244]]]]}},{"type":"Feature","id":"0552940","properties":{"name":"Ozan","land_sqmi":0.33,"lat":33.848,"lon":-93.7199},"geometry":{"type":"MultiPolygon","coordinates":[[[[-93.727,33.8492],[-93.727,33.8518],[-93.7225,33.8517],[-93.717,33.8516],[-93.714,33.8473],[-93.7126,33.8441],[-93.718,33.8443],[-93.7228,33.8444],[-93.7228,33.8463],[-93.7271,33.8464],[-93.727,33.8492]]]]}},{"type":"Feature","id":"0563020","properties":{"name":"Searcy","land_sqmi":18.32,"lat":35.2323,"lon":-91.731},"geometry":{"type":"MultiPolygon","coordinates":[[[[-91.801,35.2541],[-91.7753,35.2539],[-91.7753,35.2556],[-91.7743,35.2566],[-91.766,35.2567],[-91.7578,35.2564],[-91.7578,35.2585],[-91.7578,35.2586],[-91.7578,35.2615],[-91.7576,35.2688],[-91.7494,35.2686],[-91.7493,35.2685],[-91.7343,35.2683],[-91.734,35.2687],[-91.7317,35.2688],[-91.7317,35.2681],[-91.7301,35.2683],[-91.7179,35.268],[-91.7136,35.2688],[-91.7126,35.2694],[-91.7107,35.2696],[-91.7098,35.2687],[-91.7087,35.2692],[-91.7066,35.267],[-91.709,35.2665],[-91.7064,35.265],[-91.7073,35.2632],[-91.7047,35.2669],[-91.7031,35.2655],[-91.6985,35.2644],[-91.6931,35.2624],[-91.6897,35.2604],[-91.6873,35.2591],[-91.684,35.2582],[-91.679,35.2564],[-91.6764,35.2553],[-91.676,35.2553],[-91.6709,35.2615],[-91.6653,35.2614],[-91.6653,35.2578],[-91.6609,35.2577],[-91.6609,35.2543],[-91.6653,35.2534],[-91.6654,35.2483],[-91.6698,35.2474],[-91.6745,35.2474],[-91.679,35.2471],[-91.6792,35.2461],[-91.6811,35.2489],[-91.685,35.2444],[-91.6895,35.2407],[-91.6924,35.2383],[-91.6967,35.2346],[-91.7093,35.2237],[-91.7223,35.2127],[-91.7253,35.2095],[-91.7307,35.2043],[-91.731,35.2023],[-91.7315,35.2011],[-91.7326,35.2008],[-91.7326,35.195],[-91.7425,35.1951],[-91.7534,35.1953],[-91.7533,35.1989],[-91.7411,35.1987],[-91.7407,35.2243],[-91.7507,35.2245],[-91.7837,35.2248],[-91.7871,35.2249],[-91.794,35.2249],[-91.7936,35.2291],[-91.7935,35.2359],[-91.794,35.2402],[-91.7938,35.247],[-91.8011,35.2476],[-91.801,35.2541]],[[-91.7844,35.2302],[-91.7758,35.2301],[-91.7757,35.2356],[-91.7846,35.2357],[-91.7844,35.2302]]]]}},{"type":"Feature","id":"0571960","properties":{"name":"Vilonia","land_sqmi":7.97,"lat":35.0788,"lon":-92.2098},"geometry":{"type":"MultiPolygon","coordinates":[[[[-92.2606,35.0882],[-92.2474,35.0878],[-92.2462,35.0877],[-92.2462,35.0879],[-92.2457,35.0898],[-92.243,35.0897],[-92.2425,35.0948],[-92.2249,35.0942],[-92.2202,35.0941],[-92.2202,35.0948],[-92.2158,35.0951],[-92.2147,35.094],[-92.1982,35.0936],[-92.1982,35.0962],[-92.1922,35.098],[-92.1919,35.0981],[-92.1879,35.0986],[-92.1806,35.1002],[-92.1808,35.0932],[-92.1847,35.0933],[-92.1855,35.0897],[-92.1809,35.0896],[-92.1792,35.0891],[-92.1719,35.0907],[-92.1718,35.093],[-92.1674,35.093],[-92.1678,35.0821],[-92.1589,35.0819],[-92.1593,35.0709],[-92.1638,35.0711],[-92.1639,35.0675],[-92.1683,35.0675],[-92.1681,35.0731],[-92.172,35.0753],[-92.1707,35.0758],[-92.1706,35.0785],[-92.1768,35.0786],[-92.1766,35.0858],[-92.1833,35.0859],[-92.1834,35.0842],[-92.1854,35.0842],[-92.1856,35.0788],[-92.19,35.0789],[-92.1901,35.0752],[-92.1858,35.0751],[-92.1859,35.071],[-92.1872,35.0709],[-92.1873,35.0679],[-92.1886,35.0679],[-92.1886,35.0709],[-92.1921,35.071],[-92.192,35.0706],[-92.1921,35.068],[-92.1904,35.068],[-92.1904,35.0657],[-92.1922,35.0658],[-92.1923,35.0647],[-92.1922,35.0638],[-92.1905,35.0637],[-92.1915,35.0613],[-92.1912,35.0605],[-92.1987,35.0607],[-92.1995,35.0593],[-92.1999,35.0574],[-92.2082,35.0576],[-92.2079,35.0662],[-92.2112,35.0663],[-92.2112,35.0649],[-92.2124,35.0649],[-92.212,35.0757],[-92.2209,35.0759],[-92.221,35.0723],[-92.2255,35.0724],[-92.2257,35.068],[-92.2264,35.0689],[-92.23,35.069],[-92.2302,35.0628],[-92.2291,35.0616],[-92.2352,35.0618],[-92.2348,35.0592],[-92.237,35.0592],[-92.237,35.0582],[-92.2392,35.0582],[-92.2389,35.0692],[-92.2367,35.0691],[-92.2367,35.07],[-92.2344,35.07],[-92.2343,35.0728],[-92.2477,35.073],[-92.2474,35.0823],[-92.2603,35.083],[-92.2606,35.0879],[-92.2606,35.0882]],[[-92.2343,35.0728],[-92.2255,35.0725],[-92.2254,35.0761],[-92.2276,35.0761],[-92.2275,35.0798],[-92.2295,35.0799],[-92.2295,35.0763],[-92.2342,35.0763],[-92.2343,35.0728]]]]}},{"type":"Feature","id":"0500700","properties":{"name":"Alicia","land_sqmi":0.43,"lat":35.8947,"lon":-91.0835},"geometry":{"type":"MultiPolygon","coordinates":[[[[-91.0883,35.8986],[-91.0844,35.8984],[-91.0816,35.9017],[-91.082,35.9025],[-91.081,35.9019],[-91.084,35.8983],[-91.0784,35.898],[-91.0786,35.887],[-91.0886,35.8875],[-91.0883,35.8986]]]]}},{"type":"Feature","id":"0501360","properties":{"name":"Amity","land_sqmi":3.21,"lat":34.2669,"lon":-93.4625},"geometry":{"type":"MultiPolygon","coordinates":[[[[-93.4802,34.2652],[-93.4798,34.2787],[-93.4535,34.2783],[-93.4534,34.281],[-93.449,34.2809],[-93.4491,34.2783],[-93.4447,34.2782],[-93.4448,34.2727],[-93.4492,34.2728],[-93.4492,34.271],[-93.4536,34.271],[-93.4537,34.2674],[-93.4493,34.2673],[-93.4494,34.2637],[-93.445,34.2636],[-93.4452,34.2578],[-93.4475,34.2597],[-93.4478,34.26],[-93.4495,34.2601],[-93.4496,34.2566],[-93.4474,34.256],[-93.4474,34.2528],[-93.4778,34.2533],[-93.477,34.2559],[-93.476,34.257],[-93.4759,34.2587],[-93.4793,34.2587],[-93.4804,34.2563],[-93.4802,34.2652]]]]}},{"type":"Feature","id":"0550030","properties":{"name":"Norman","land_sqmi":1.12,"lat":34.4545,"lon":-93.681},"geometry":{"type":"MultiPolygon","coordinates":[[[[-93.6934,34.4609],[-93.6916,34.4624],[-93.6897,34.4663],[-93.6686,34.466],[-93.6693,34.4625],[-93.6685,34.4591],[-93.6722,34.4566],[-93.6751,34.4533],[-93.6751,34.4516],[-93.6729,34.4515],[-93.6708,34.4478],[-93.673,34.4479],[-93.673,34.4442],[-93.6752,34.4443],[-93.6757,34.4427],[-93.6768,34.4429],[-93.6786,34.4465],[-93.6784,34.4489],[-93.6802,34.4524],[-93.682,34.4533],[-93.6845,34.4579],[-93.6892,34.4577],[-93.6934,34.4598],[-93.6934,34.4609]]]]}},{"type":"Feature","id":"0509880","properties":{"name":"Burdette","land_sqmi":0.74,"lat":35.815,"lon":-89.9482},"geometry":{"type":"MultiPolygon","coordinates":[[[[-89.9729,35.8132],[-89.9699,35.8175],[-89.9695,35.8175],[-89.9637,35.8176],[-89.9636,35.815],[-89.9472,35.8149],[-89.9462,35.8157],[-89.9462,35.8197],[-89.9452,35.8197],[-89.9452,35.8214],[-89.9433,35.8214],[-89.9432,35.8196],[-89.9352,35.8192],[-89.9276,35.8222],[-89.9236,35.8233],[-89.9245,35.8214],[-89.9353,35.8173],[-89.9364,35.8155],[-89.9362,35.8103],[-89.9351,35.8107],[-89.9327,35.8067],[-89.9349,35.8067],[-89.9373,35.8103],[-89.9372,35.8119],[-89.9444,35.812],[-89.9444,35.8087],[-89.9404,35.8086],[-89.9403,35.8068],[-89.9453,35.8068],[-89.9453,35.8132],[-89.9632,35.8133],[-89.9641,35.8131],[-89.972,35.8132],[-89.9729,35.8132]]]]}},{"type":"Feature","id":"0518100","properties":{"name":"Delight","land_sqmi":0.55,"lat":34.0301,"lon":-93.5071},"geometry":{"type":"MultiPolygon","coordinates":[[[[-93.5159,34.0338],[-93.5133,34.0352],[-93.5098,34.0344],[-93.5079,34.0334],[-93.5071,34.0348],[-93.5045,34.0334],[-93.5028,34.0333],[-93.5026,34.0347],[-93.5026,34.0352],[-93.5003,34.0352],[-93.5003,34.0333],[-93.5008,34.0333],[-93.4982,34.0314],[-93.4983,34.026],[-93.5039,34.0261],[-93.5051,34.0251],[-93.5087,34.0252],[-93.5086,34.0266],[-93.5161,34.0267],[-93.5159,34.0338]]]]}},{"type":"Feature","id":"0507540","properties":{"name":"Bonanza","land_sqmi":2.79,"lat":35.2323,"lon":-94.4138},"geometry":{"type":"MultiPolygon","coordinates":[[[[-94.4376,35.2309],[-94.4378,35.2393],[-94.4378,35.2395],[-94.4376,35.2422],[-94.4375,35.2431],[-94.4369,35.243],[-94.4313,35.243],[-94.4282,35.2429],[-94.4075,35.2424],[-94.4076,35.2388],[-94.4033,35.2387],[-94.3946,35.2385],[-94.3937,35.2384],[-94.3908,35.2384],[-94.3898,35.2384],[-94.3898,35.2382],[-94.39,35.2304],[-94.3915,35.2301],[-94.3915,35.2287],[-94.4122,35.2292],[-94.4123,35.2297],[-94.4122,35.2328],[-94.4137,35.2329],[-94.413,35.2316],[-94.4131,35.2265],[-94.4108,35.2274],[-94.4034,35.2285],[-94.4048,35.2227],[-94.4049,35.2216],[-94.4085,35.2228],[-94.412,35.2223],[-94.4147,35.2248],[-94.4162,35.2258],[-94.4257,35.2246],[-94.4256,35.2259],[-94.43,35.226],[-94.4301,35.2241],[-94.4345,35.2242],[-94.4378,35.2233],[-94.4376,35.2309]]]]}},{"type":"Feature","id":"0554200","properties":{"name":"Pea Ridge","land_sqmi":8.01,"lat":36.4557,"lon":-94.1247},"geometry":{"type":"MultiPolygon","coordinates":[[[[-94.1622,36.4757],[-94.1622,36.4758],[-94.1543,36.4757],[-94.1545,36.472],[-94.1521,36.472],[-94.1522,36.4711],[-94.1511,36.4719],[-94.1433,36.4717],[-94.1433,36.4686],[-94.14,36.4685],[-94.14,36.468],[-94.135,36.4679],[-94.1355,36.4715],[-94.1354,36.4752],[-94.1253,36.475],[-94.125,36.4737],[-94.122,36.4737],[-94.1218,36.4786],[-94.1173,36.4784],[-94.1173,36.4757],[-94.1151,36.4757],[-94.115,36.4774],[-94.1149,36.4836],[-94.1148,36.4847],[-94.1145,36.4986],[-94.1123,36.4986],[-94.1126,36.4861],[-94.1129,36.4757],[-94.1107,36.4756],[-94.1109,36.4737],[-94.113,36.473],[-94.1132,36.4663],[-94.1114,36.4662],[-94.1115,36.4638],[-94.1094,36.4637],[-94.1095,36.4601],[-94.0961,36.4598],[-94.0961,36.4595],[-94.093,36.4595],[-94.092,36.4579],[-94.0871,36.4577],[-94.0872,36.4559],[-94.0917,36.4561],[-94.0918,36.4524],[-94.1025,36.4527],[-94.1026,36.4491],[-94.1008,36.4491],[-94.1009,36.4454],[-94.0999,36.4454],[-94.1,36.4418],[-94.1056,36.4419],[-94.1116,36.442],[-94.1117,36.4362],[-94.1095,36.4361],[-94.1094,36.4384],[-94.1077,36.4383],[-94.1078,36.4365],[-94.1052,36.4364],[-94.1058,36.4346],[-94.1059,36.431],[-94.1077,36.431],[-94.1088,36.433],[-94.1107,36.4331],[-94.1118,36.4348],[-94.112,36.4312],[-94.1098,36.4311],[-94.11,36.4279],[-94.1119,36.4275],[-94.1121,36.4238],[-94.1055,36.4238],[-94.1054,36.4283],[-94.1009,36.4282],[-94.101,36.4272],[-94.092,36.4269],[-94.0922,36.4196],[-94.0923,36.4164],[-94.0941,36.4163],[-94.0949,36.4171],[-94.0973,36.4177],[-94.1039,36.4183],[-94.1066,36.4187],[-94.1061,36.4165],[-94.1102,36.4166],[-94.1102,36.4129],[-94.1147,36.413],[-94.1146,36.4167],[-94.1189,36.4167],[-94.1201,36.4168],[-94.1194,36.4203],[-94.1192,36.4212],[-94.1192,36.424],[-94.1211,36.424],[-94.1209,36.4313],[-94.1216,36.4299],[-94.1231,36.43],[-94.1231,36.4313],[-94.1267,36.4313],[-94.1283,36.4339],[-94.1283,36.4358],[-94.1268,36.4373],[-94.1267,36.4408],[-94.1287,36.4408],[-94.128,36.4423],[-94.1294,36.4424],[-94.1295,36.4391],[-94.1308,36.4391],[-94.1309,36.4349],[-94.132,36.4338],[-94.1341,36.4339],[-94.1343,36.4351],[-94.1454,36.4354],[-94.1453,36.4375],[-94.1468,36.4375],[-94.1463,36.439],[-94.1452,36.439],[-94.1452,36.4407],[-94.1451,36.4426],[-94.1476,36.4427],[-94.1475,36.4447],[-94.1503,36.4453],[-94.1503,36.4464],[-94.1542,36.4465],[-94.1541,36.4502],[-94.147,36.45],[-94.147,36.449],[-94.1418,36.4488],[-94.1417,36.4499],[-94.1433,36.4499],[-94.1432,36.4535],[-94.145,36.4536],[-94.1449,36.4557],[-94.1431,36.4557],[-94.1431,36.4572],[-94.1443,36.4572],[-94.1439,36.4588],[-94.1464,36.4589],[-94.1462,36.4631],[-94.1492,36.4632],[-94.1491,36.464],[-94.1525,36.4641],[-94.1558,36.4648],[-94.1557,36.4684],[-94.1579,36.4685],[-94.1578,36.4721],[-94.1624,36.4722],[-94.1622,36.4757]],[[-94.1418,36.4667],[-94.1401,36.4666],[-94.14,36.4679],[-94.1417,36.468],[-94.1418,36.4667]],[[-94.1292,36.4643],[-94.1259,36.4641],[-94.1258,36.4659],[-94.1222,36.4659],[-94.1222,36.464],[-94.12,36.464],[-94.12,36.4649],[-94.1177,36.4648],[-94.1177,36.4629],[-94.1177,36.4622],[-94.1154,36.4622],[-94.1151,36.4731],[-94.1174,36.4731],[-94.1177,36.4681],[-94.1221,36.4677],[-94.1258,36.4671],[-94.1258,36.468],[-94.1289,36.4681],[-94.129,36.4662],[-94.1298,36.4656],[-94.1292,36.4643]],[[-94.1264,36.4707],[-94.1255,36.4698],[-94.1221,36.4697],[-94.122,36.4713],[-94.1267,36.4713],[-94.1264,36.4707]]]]}},{"type":"Feature","id":"0518490","properties":{"name":"De Queen","land_sqmi":6.06,"lat":34.0422,"lon":-94.3409},"geometry":{"type":"MultiPolygon","coordinates":[[[[-94.3737,34.049],[-94.3693,34.0485],[-94.3649,34.049],[-94.3605,34.049],[-94.3605,34.0508],[-94.354,34.0509],[-94.3541,34.0564],[-94.3486,34.0564],[-94.3486,34.061],[-94.348,34.061],[-94.3475,34.0608],[-94.3361,34.0609],[-94.3361,34.0646],[-94.3341,34.0646],[-94.3339,34.0609],[-94.3275,34.0609],[-94.3247,34.0609],[-94.3247,34.0546],[-94.317,34.054],[-94.3177,34.0535],[-94.317,34.0527],[-94.317,34.0511],[-94.3169,34.0492],[-94.3104,34.0493],[-94.3104,34.0479],[-94.3082,34.0479],[-94.3082,34.0457],[-94.3104,34.0457],[-94.3104,34.042],[-94.3169,34.042],[-94.3169,34.0372],[-94.3169,34.0353],[-94.3183,34.0347],[-94.3256,34.0346],[-94.3256,34.0331],[-94.33,34.0333],[-94.33,34.0292],[-94.33,34.0273],[-94.3347,34.0273],[-94.3387,34.0273],[-94.3387,34.0269],[-94.3387,34.0255],[-94.3407,34.0255],[-94.3451,34.0255],[-94.3451,34.0199],[-94.3502,34.0197],[-94.3497,34.0255],[-94.3517,34.0255],[-94.3517,34.026],[-94.3517,34.03],[-94.3543,34.0299],[-94.3561,34.029],[-94.3561,34.0272],[-94.3576,34.0272],[-94.3576,34.0236],[-94.3649,34.0236],[-94.3649,34.0272],[-94.3692,34.0272],[-94.3692,34.0309],[-94.366,34.0309],[-94.366,34.0327],[-94.3692,34.0327],[-94.3693,34.0345],[-94.366,34.0345],[-94.366,34.0381],[-94.3671,34.0381],[-94.3671,34.0417],[-94.3736,34.0417],[-94.3737,34.049]]]]}},{"type":"Feature","id":"0569500","properties":{"name":"Tollette","land_sqmi":0.96,"lat":33.8184,"lon":-93.899},"geometry":{"type":"MultiPolygon","coordinates":[[[[-93.9079,33.8187],[-93.9036,33.8186],[-93.9035,33.8222],[-93.8991,33.8221],[-93.8987,33.8293],[-93.8945,33.8292],[-93.89,33.8301],[-93.8905,33.8182],[-93.8926,33.8183],[-93.8928,33.811],[-93.8906,33.8109],[-93.8907,33.8073],[-93.8951,33.8075],[-93.9017,33.8067],[-93.8994,33.8081],[-93.8994,33.8097],[-93.9016,33.8098],[-93.9014,33.8149],[-93.9048,33.815],[-93.908,33.815],[-93.9079,33.8187]]]]}},{"type":"Feature","id":"0558250","properties":{"name":"Ravenden","land_sqmi":2.11,"lat":36.239,"lon":-91.2535},"geometry":{"type":"MultiPolygon","coordinates":[[[[-91.2661,36.2408],[-91.2605,36.2408],[-91.2604,36.2435],[-91.2593,36.2435],[-91.2593,36.2441],[-91.2589,36.2579],[-91.2409,36.2577],[-91.2413,36.2431],[-91.2503,36.2432],[-91.2504,36.2401],[-91.2497,36.2395],[-91.2415,36.2394],[-91.2418,36.2286],[-91.2492,36.2285],[-91.2509,36.2245],[-91.2509,36.2243],[-91.2501,36.2242],[-91.25,36.224],[-91.2502,36.2238],[-91.2507,36.2228],[-91.2504,36.2228],[-91.2504,36.222],[-91.2512,36.2217],[-91.2515,36.2213],[-91.252,36.2214],[-91.2527,36.2202],[-91.2577,36.2203],[-91.2575,36.2263],[-91.2576,36.2269],[-91.2571,36.2273],[-91.2553,36.228],[-91.2547,36.2286],[-91.2544,36.2294],[-91.2553,36.2304],[-91.2552,36.2323],[-91.2597,36.2324],[-91.2596,36.2341],[-91.2609,36.2342],[-91.2609,36.2361],[-91.2596,36.2361],[-91.2595,36.2381],[-91.2642,36.2389],[-91.2661,36.2408]]]]}},{"type":"Feature","id":"0539520","properties":{"name":"Letona","land_sqmi":0.39,"lat":35.3635,"lon":-91.8296},"geometry":{"type":"MultiPolygon","coordinates":[[[[-91.834,35.3691],[-91.825,35.369],[-91.8252,35.3627],[-91.8253,35.3579],[-91.8342,35.3581],[-91.834,35.3691]]]]}},{"type":"Feature","id":"0577090","properties":{"name":"Wynne","land_sqmi":8.99,"lat":35.2311,"lon":-90.7992},"geometry":{"type":"MultiPolygon","coordinates":[[[[-90.8278,35.2278],[-90.8122,35.2268],[-90.8121,35.2316],[-90.812,35.2394],[-90.8078,35.2392],[-90.8029,35.239],[-90.8028,35.2428],[-90.8005,35.2427],[-90.8006,35.239],[-90.7961,35.2388],[-90.7959,35.2497],[-90.8027,35.2497],[-90.8026,35.254],[-90.8072,35.2541],[-90.8072,35.2578],[-90.8026,35.2577],[-90.8026,35.2549],[-90.798,35.2548],[-90.7983,35.2615],[-90.8071,35.2615],[-90.807,35.2686],[-90.7839,35.2684],[-90.7845,35.2613],[-90.7921,35.2614],[-90.7922,35.2548],[-90.789,35.2548],[-90.7857,35.2543],[-90.785,35.2576],[-90.7796,35.2576],[-90.7792,35.2652],[-90.7778,35.2652],[-90.7728,35.2609],[-90.7725,35.2595],[-90.7756,35.259],[-90.7761,35.2576],[-90.7749,35.2575],[-90.7749,35.2539],[-90.7723,35.2538],[-90.7716,35.2497],[-90.7703,35.2495],[-90.7706,35.24],[-90.7701,35.2389],[-90.766,35.2389],[-90.7661,35.2372],[-90.7646,35.2364],[-90.7622,35.2373],[-90.7594,35.2253],[-90.7628,35.2249],[-90.7634,35.2243],[-90.7641,35.2231],[-90.7639,35.2217],[-90.7683,35.2223],[-90.7701,35.2226],[-90.7711,35.223],[-90.7703,35.2224],[-90.771,35.2198],[-90.7748,35.2198],[-90.7755,35.2193],[-90.7755,35.2161],[-90.774,35.215],[-90.7726,35.2128],[-90.7706,35.213],[-90.7703,35.2113],[-90.7712,35.2045],[-90.7736,35.2046],[-90.7733,35.201],[-90.7928,35.201],[-90.7944,35.1979],[-90.7909,35.1968],[-90.7922,35.1937],[-90.7965,35.1936],[-90.7969,35.1938],[-90.7936,35.2008],[-90.7935,35.201],[-90.7974,35.2011],[-90.7942,35.2161],[-90.7944,35.2161],[-90.7946,35.2161],[-90.8077,35.2164],[-90.8076,35.2197],[-90.828,35.2199],[-90.8278,35.2278]]],[[[-90.839,35.2232],[-90.8368,35.2234],[-90.8368,35.2226],[-90.8369,35.2196],[-90.8309,35.2199],[-90.828,35.2199],[-90.8281,35.2132],[-90.831,35.2132],[-90.8311,35.2191],[-90.8369,35.2192],[-90.8377,35.2158],[-90.839,35.2232]]]]}},{"type":"Feature","id":"0537780","properties":{"name":"Lake City","land_sqmi":3.15,"lat":35.8212,"lon":-90.454},"geometry":{"type":"MultiPolygon","coordinates":[[[[-90.4863,35.8209],[-90.4858,35.8219],[-90.4857,35.8228],[-90.4854,35.8263],[-90.4805,35.8266],[-90.4739,35.8322],[-90.4738,35.8369],[-90.4656,35.8365],[-90.4647,35.8373],[-90.4648,35.8365],[-90.465,35.8254],[-90.46,35.8252],[-90.4601,35.8215],[-90.4587,35.8216],[-90.4559,35.827],[-90.4559,35.8286],[-90.4549,35.8286],[-90.4549,35.8248],[-90.4533,35.8247],[-90.4533,35.8285],[-90.4508,35.8284],[-90.4507,35.8332],[-90.4423,35.8243],[-90.4413,35.8242],[-90.4377,35.8216],[-90.4377,35.8235],[-90.4342,35.8215],[-90.4326,35.8209],[-90.4303,35.8204],[-90.4277,35.8189],[-90.4277,35.818],[-90.4258,35.8174],[-90.4245,35.8159],[-90.4265,35.815],[-90.4278,35.8154],[-90.4277,35.8128],[-90.429,35.8129],[-90.4291,35.8073],[-90.4201,35.8068],[-90.4201,35.8051],[-90.4329,35.8056],[-90.4327,35.8087],[-90.4336,35.8056],[-90.4374,35.8058],[-90.4381,35.8063],[-90.438,35.8095],[-90.4447,35.8097],[-90.4465,35.8061],[-90.4489,35.8063],[-90.4487,35.8155],[-90.4551,35.8157],[-90.4559,35.8164],[-90.4559,35.814],[-90.463,35.8142],[-90.4614,35.8178],[-90.4651,35.8179],[-90.4879,35.8179],[-90.4863,35.8209]]]]}},{"type":"Feature","id":"0552580","properties":{"name":"Osceola","land_sqmi":9.42,"lat":35.6949,"lon":-89.9982},"geometry":{"type":"MultiPolygon","coordinates":[[[[-90.0576,35.7056],[-90.0453,35.7055],[-90.0264,35.7054],[-90.0263,35.6999],[-90.0195,35.6999],[-90.0195,35.7103],[-90.0174,35.7103],[-90.0114,35.7102],[-90.0114,35.707],[-89.9837,35.7068],[-89.9838,35.7232],[-89.9819,35.7232],[-89.9798,35.7232],[-89.9798,35.7123],[-89.9707,35.7123],[-89.9707,35.7239],[-89.9701,35.7268],[-89.9687,35.7303],[-89.9664,35.7336],[-89.9658,35.7356],[-89.9638,35.7356],[-89.9636,35.7339],[-89.9634,35.732],[-89.9631,35.7254],[-89.9631,35.7211],[-89.9636,35.7122],[-89.9618,35.7083],[-89.9627,35.7059],[-89.9619,35.7049],[-89.9609,35.7028],[-89.9604,35.7006],[-89.9603,35.6967],[-89.9619,35.6966],[-89.9619,35.6953],[-89.9618,35.6936],[-89.9612,35.6897],[-89.9563,35.6896],[-89.9554,35.6867],[-89.9551,35.6861],[-89.9609,35.6863],[-89.9608,35.6849],[-89.9587,35.6793],[-89.9571,35.6791],[-89.9547,35.6762],[-89.9552,35.6746],[-89.9537,35.6726],[-89.9522,35.6732],[-89.9441,35.6637],[-89.9416,35.6618],[-89.9413,35.6603],[-89.941,35.6596],[-89.9388,35.658],[-89.9426,35.6542],[-89.9459,35.6542],[-89.9497,35.6542],[-89.9671,35.6542],[-89.9678,35.6552],[-89.9683,35.6579],[-89.9683,35.6611],[-89.9527,35.6612],[-89.9531,35.6629],[-89.9549,35.6667],[-89.9549,35.6674],[-89.9611,35.6777],[-89.9637,35.6832],[-89.9637,35.6896],[-89.9639,35.6921],[-89.9683,35.6922],[-89.9683,35.6954],[-89.9687,35.6946],[-89.9685,35.6896],[-89.9703,35.6902],[-89.9817,35.6901],[-89.9817,35.681],[-89.9838,35.6812],[-89.9994,35.6816],[-90.0177,35.6813],[-90.0196,35.6813],[-90.0195,35.6964],[-90.0297,35.6964],[-90.0297,35.6883],[-90.0353,35.6883],[-90.0353,35.6957],[-90.0359,35.6963],[-90.0443,35.6964],[-90.0443,35.6906],[-90.0531,35.6906],[-90.0554,35.6906],[-90.0577,35.6907],[-90.0576,35.7056]]]]}},{"type":"Feature","id":"0528360","properties":{"name":"Gravette","land_sqmi":15.29,"lat":36.4327,"lon":-94.3796},"geometry":{"type":"MultiPolygon","coordinates":[[[[-94.4147,36.4145],[-94.4103,36.4145],[-94.4102,36.4182],[-94.4086,36.4186],[-94.4026,36.4215],[-94.4012,36.4216],[-94.4013,36.4198],[-94.3991,36.4197],[-94.3993,36.4215],[-94.3967,36.4225],[-94.3963,36.4323],[-94.3873,36.4322],[-94.3873,36.4358],[-94.3828,36.4358],[-94.3821,36.4612],[-94.3777,36.4612],[-94.3776,36.4649],[-94.3775,36.4685],[-94.3728,36.4684],[-94.3728,36.4648],[-94.3757,36.4648],[-94.3757,36.4633],[-94.3753,36.4612],[-94.3732,36.4611],[-94.3732,36.4575],[-94.3723,36.4575],[-94.371,36.4575],[-94.3688,36.4575],[-94.369,36.4465],[-94.3601,36.4465],[-94.3591,36.4458],[-94.3522,36.4481],[-94.3514,36.4498],[-94.3487,36.4514],[-94.3484,36.4512],[-94.3468,36.4504],[-94.3482,36.45],[-94.3502,36.4474],[-94.3499,36.4468],[-94.3468,36.4447],[-94.3467,36.4463],[-94.3362,36.4463],[-94.3363,36.4436],[-94.3332,36.4436],[-94.3334,36.4391],[-94.3188,36.4387],[-94.3189,36.4369],[-94.3164,36.4369],[-94.3144,36.4378],[-94.3141,36.446],[-94.3033,36.4458],[-94.3034,36.4482],[-94.2998,36.4483],[-94.2994,36.4458],[-94.2955,36.4457],[-94.2955,36.4492],[-94.291,36.4492],[-94.2911,36.4455],[-94.2871,36.4455],[-94.2872,36.4417],[-94.2917,36.4419],[-94.2919,36.4375],[-94.292,36.435],[-94.292,36.4346],[-94.2923,36.4237],[-94.2883,36.4236],[-94.2877,36.4236],[-94.2878,36.4215],[-94.2878,36.4214],[-94.2879,36.4201],[-94.2879,36.4188],[-94.2925,36.4201],[-94.2969,36.4203],[-94.297,36.4166],[-94.3014,36.4183],[-94.3016,36.4178],[-94.3055,36.4204],[-94.3081,36.4204],[-94.3104,36.422],[-94.3105,36.4185],[-94.3105,36.4168],[-94.3296,36.4171],[-94.3461,36.4173],[-94.3564,36.4174],[-94.371,36.4176],[-94.3711,36.414],[-94.3744,36.4139],[-94.3743,36.4176],[-94.3788,36.4178],[-94.3788,36.4212],[-94.3834,36.4213],[-94.3833,36.4227],[-94.3877,36.4229],[-94.3878,36.4213],[-94.3923,36.4213],[-94.3925,36.4183],[-94.3928,36.4178],[-94.3969,36.4179],[-94.397,36.4107],[-94.4015,36.4107],[-94.4014,36.4179],[-94.408,36.418],[-94.4081,36.4108],[-94.4104,36.4108],[-94.4103,36.4126],[-94.4148,36.4126],[-94.4147,36.4145]]],[[[-94.472,36.4178],[-94.4679,36.4176],[-94.4688,36.4213],[-94.468,36.4212],[-94.4679,36.4224],[-94.472,36.4224],[-94.4719,36.426],[-94.4675,36.426],[-94.4675,36.4296],[-94.463,36.4295],[-94.4629,36.4367],[-94.4585,36.4366],[-94.4587,36.4295],[-94.4562,36.4296],[-94.4552,36.4302],[-94.4556,36.4317],[-94.4547,36.4323],[-94.4497,36.4322],[-94.4497,36.4331],[-94.4408,36.4329],[-94.4409,36.4284],[-94.4397,36.4283],[-94.4391,36.4266],[-94.4364,36.4265],[-94.4364,36.4222],[-94.4342,36.4216],[-94.4342,36.4184],[-94.4321,36.4183],[-94.4321,36.4219],[-94.428,36.4219],[-94.4279,36.4255],[-94.4323,36.4256],[-94.4321,36.4279],[-94.4308,36.4268],[-94.4255,36.427],[-94.4213,36.4283],[-94.419,36.4282],[-94.419,36.4181],[-94.4146,36.4181],[-94.4147,36.4145],[-94.4191,36.4145],[-94.4192,36.4109],[-94.426,36.411],[-94.4259,36.4137],[-94.4281,36.4137],[-94.4282,36.411],[-94.4367,36.4108],[-94.4368,36.4075],[-94.4468,36.4077],[-94.4483,36.415],[-94.45,36.415],[-94.4501,36.4113],[-94.4507,36.4099],[-94.4523,36.4108],[-94.4545,36.4109],[-94.4547,36.4077],[-94.4607,36.4077],[-94.4615,36.4059],[-94.4615,36.4041],[-94.4608,36.4028],[-94.4591,36.4028],[-94.4593,36.3969],[-94.4636,36.397],[-94.4635,36.4038],[-94.4622,36.4042],[-94.4621,36.4075],[-94.4634,36.4078],[-94.4633,36.4102],[-94.4651,36.408],[-94.4677,36.4078],[-94.4688,36.4086],[-94.4695,36.4114],[-94.4678,36.4114],[-94.4679,36.4164],[-94.4721,36.4165],[-94.472,36.4178]],[[-94.4455,36.4149],[-94.4427,36.4149],[-94.4427,36.4163],[-94.4455,36.4163],[-94.4455,36.4149]],[[-94.443,36.4112],[-94.4412,36.4112],[-94.4411,36.4163],[-94.4424,36.4163],[-94.4422,36.4138],[-94.443,36.4112]]]]}},{"type":"Feature","id":"0555130","properties":{"name":"Piggott","land_sqmi":5.4,"lat":36.3915,"lon":-90.2041},"geometry":{"type":"MultiPolygon","coordinates":[[[[-90.2423,36.3897],[-90.2203,36.3894],[-90.2194,36.3925],[-90.2175,36.394],[-90.2173,36.3955],[-90.2154,36.3955],[-90.2155,36.3866],[-90.2132,36.3857],[-90.2103,36.3857],[-90.2103,36.3894],[-90.2076,36.3893],[-90.2077,36.3883],[-90.2049,36.3883],[-90.2056,36.3892],[-90.2056,36.3928],[-90.2049,36.3934],[-90.2061,36.3965],[-90.2059,36.3946],[-90.2109,36.3949],[-90.2108,36.4001],[-90.2291,36.4003],[-90.229,36.4039],[-90.2142,36.4039],[-90.2153,36.4051],[-90.2188,36.4075],[-90.2166,36.4075],[-90.2194,36.4092],[-90.2194,36.41],[-90.218,36.4105],[-90.2178,36.4111],[-90.2172,36.4089],[-90.2135,36.4064],[-90.2109,36.4039],[-90.2093,36.4039],[-90.209,36.4019],[-90.2063,36.3992],[-90.2056,36.3998],[-90.2043,36.3971],[-90.2019,36.3971],[-90.2019,36.3947],[-90.1996,36.3947],[-90.1997,36.3929],[-90.1976,36.3922],[-90.1967,36.3903],[-90.1952,36.3903],[-90.1952,36.3924],[-90.193,36.3924],[-90.1929,36.3965],[-90.1917,36.3965],[-90.1928,36.3989],[-90.1948,36.3989],[-90.1951,36.4008],[-90.1973,36.4008],[-90.1973,36.4002],[-90.1996,36.4002],[-90.1996,36.401],[-90.1973,36.4016],[-90.197,36.4038],[-90.197,36.4111],[-90.1925,36.411],[-90.1924,36.4183],[-90.1894,36.4183],[-90.1879,36.4182],[-90.1881,36.4122],[-90.187,36.4122],[-90.1874,36.4099],[-90.1894,36.4083],[-90.188,36.4065],[-90.1883,36.4006],[-90.1838,36.4006],[-90.1839,36.398],[-90.1884,36.398],[-90.1878,36.3965],[-90.1903,36.3973],[-90.1904,36.3928],[-90.19,36.3893],[-90.1853,36.3892],[-90.1796,36.3978],[-90.1797,36.3892],[-90.1751,36.389],[-90.1751,36.3871],[-90.1796,36.3872],[-90.1797,36.3854],[-90.1751,36.3854],[-90.1752,36.3831],[-90.169,36.3832],[-90.166,36.3837],[-90.166,36.3819],[-90.166,36.3747],[-90.1664,36.3798],[-90.1698,36.3799],[-90.1722,36.3701],[-90.1727,36.3689],[-90.1754,36.3699],[-90.1753,36.3743],[-90.1799,36.3744],[-90.1798,36.378],[-90.1836,36.3782],[-90.1837,36.3748],[-90.1844,36.3689],[-90.1889,36.369],[-90.1888,36.3745],[-90.195,36.3745],[-90.2027,36.3647],[-90.206,36.3651],[-90.207,36.3651],[-90.2066,36.3654],[-90.2059,36.3662],[-90.205,36.3675],[-90.2133,36.3676],[-90.2151,36.3675],[-90.2158,36.3676],[-90.2182,36.3676],[-90.2182,36.3689],[-90.2203,36.3689],[-90.2201,36.3749],[-90.2156,36.3748],[-90.2156,36.3785],[-90.2202,36.3785],[-90.2214,36.3803],[-90.222,36.3803],[-90.2203,36.3821],[-90.2247,36.3822],[-90.2247,36.3858],[-90.2259,36.3858],[-90.2259,36.3822],[-90.2396,36.3824],[-90.24,36.3833],[-90.2423,36.3841],[-90.2423,36.3897]],[[-90.1906,36.3979],[-90.1905,36.3991],[-90.1883,36.3991],[-90.1883,36.4002],[-90.1921,36.4002],[-90.1906,36.3979]],[[-90.2203,36.3894],[-90.2201,36.3892],[-90.2201,36.3859],[-90.2176,36.3857],[-90.2174,36.3863],[-90.2175,36.3866],[-90.2176,36.3871],[-90.2178,36.3878],[-90.2185,36.3886],[-90.2198,36.3894],[-90.2203,36.3894]]]]}},{"type":"Feature","id":"0539640","properties":{"name":"Lewisville","land_sqmi":2.15,"lat":33.37,"lon":-93.5745},"geometry":{"type":"MultiPolygon","coordinates":[[[[-93.5937,33.3639],[-93.5892,33.3641],[-93.5893,33.3622],[-93.5862,33.3622],[-93.5861,33.364],[-93.5827,33.3639],[-93.5826,33.3676],[-93.5807,33.3675],[-93.5803,33.3785],[-93.5799,33.3892],[-93.5744,33.3891],[-93.5714,33.3891],[-93.5716,33.3838],[-93.5718,33.3782],[-93.5733,33.3782],[-93.5734,33.3763],[-93.5762,33.3765],[-93.5765,33.3638],[-93.5551,33.3633],[-93.5554,33.3599],[-93.5554,33.3552],[-93.5577,33.3549],[-93.5662,33.3554],[-93.5661,33.3563],[-93.5682,33.3563],[-93.5682,33.3551],[-93.5684,33.3509],[-93.5768,33.3511],[-93.5845,33.3512],[-93.5856,33.3512],[-93.5856,33.3532],[-93.5899,33.3533],[-93.5896,33.3604],[-93.5938,33.3606],[-93.5937,33.3639]]]]}},{"type":"Feature","id":"0554710","properties":{"name":"Perryville","land_sqmi":4.27,"lat":35.0101,"lon":-92.8047},"geometry":{"type":"MultiPolygon","coordinates":[[[[-92.8237,35.0006],[-92.8218,35.0015],[-92.8207,35.0006],[-92.8207,35.0022],[-92.8193,35.0022],[-92.8205,35.0036],[-92.8182,35.0036],[-92.8179,35.0293],[-92.7933,35.029],[-92.7924,35.0326],[-92.793,35.0348],[-92.7923,35.0349],[-92.7926,35.0346],[-92.7919,35.0326],[-92.7927,35.0294],[-92.7866,35.0294],[-92.7865,35.0254],[-92.7858,35.0092],[-92.7864,35.0003],[-92.7886,34.9995],[-92.7892,34.9991],[-92.7898,34.9982],[-92.7905,34.9969],[-92.7909,34.9967],[-92.7941,34.9966],[-92.7957,34.9961],[-92.7975,34.9943],[-92.7981,34.997],[-92.799,34.9978],[-92.8008,34.9982],[-92.8008,34.996],[-92.8139,34.9962],[-92.8141,34.9853],[-92.817,34.9854],[-92.8178,34.9875],[-92.8173,34.9895],[-92.8184,34.9912],[-92.8182,35.0006],[-92.8191,35.002],[-92.821,35.0003],[-92.8237,34.9996],[-92.8237,35.0006]]]]}},{"type":"Feature","id":"0573130","properties":{"name":"Ward","land_sqmi":4.4,"lat":35.0089,"lon":-91.9554},"geometry":{"type":"MultiPolygon","coordinates":[[[[-91.9783,34.984],[-91.9782,34.9855],[-91.9755,34.9854],[-91.9755,34.9862],[-91.974,34.9862],[-91.9746,34.9864],[-91.9767,34.989],[-91.9742,34.989],[-91.9741,34.9964],[-91.9733,34.9964],[-91.9681,34.9963],[-91.968,35.0072],[-91.9633,35.0071],[-91.9632,35.0105],[-91.9637,35.0105],[-91.9723,35.0105],[-91.9727,35.0105],[-91.9726,35.0169],[-91.9726,35.0174],[-91.9683,35.0231],[-91.9621,35.0312],[-91.9616,35.0324],[-91.9613,35.0349],[-91.9607,35.035],[-91.9582,35.036],[-91.9554,35.0397],[-91.9545,35.0369],[-91.9568,35.036],[-91.9421,35.0361],[-91.942,35.0334],[-91.9384,35.0334],[-91.9384,35.0343],[-91.9368,35.0344],[-91.9368,35.0288],[-91.9324,35.0288],[-91.9325,35.0252],[-91.9369,35.0252],[-91.937,35.0196],[-91.9415,35.0196],[-91.9414,35.0232],[-91.9436,35.0232],[-91.9437,35.0178],[-91.9504,35.0178],[-91.9505,35.0169],[-91.9548,35.0169],[-91.9549,35.0106],[-91.9547,35.0106],[-91.9507,35.0105],[-91.9502,35.0092],[-91.9546,35.0092],[-91.9547,35.0053],[-91.9591,35.0054],[-91.9591,35.0026],[-91.9547,35.0025],[-91.9547,35.0028],[-91.9529,35.0027],[-91.9529,35.0036],[-91.9458,35.0036],[-91.9459,34.996],[-91.9548,34.9962],[-91.9592,34.9962],[-91.9593,34.9887],[-91.9611,34.9888],[-91.9612,34.9868],[-91.9612,34.985],[-91.9601,34.9843],[-91.9593,34.9849],[-91.9593,34.9859],[-91.9603,34.9859],[-91.9603,34.9868],[-91.9574,34.9868],[-91.9574,34.9813],[-91.9607,34.9817],[-91.9613,34.9836],[-91.9637,34.9838],[-91.9656,34.9838],[-91.965,34.9816],[-91.9638,34.9816],[-91.9638,34.9832],[-91.9625,34.9831],[-91.9638,34.9815],[-91.9638,34.978],[-91.9715,34.9783],[-91.9714,34.9805],[-91.9684,34.9805],[-91.9683,34.9816],[-91.9726,34.9817],[-91.9741,34.9824],[-91.9742,34.9814],[-91.977,34.9813],[-91.9783,34.9818],[-91.9783,34.984]],[[-91.9635,35.0284],[-91.9599,35.028],[-91.9601,35.0289],[-91.9601,35.0306],[-91.9581,35.0306],[-91.9581,35.0336],[-91.9605,35.0322],[-91.9635,35.0284]]]]}},{"type":"Feature","id":"0544210","properties":{"name":"Marked Tree","land_sqmi":5.77,"lat":35.5293,"lon":-90.4304},"geometry":{"type":"MultiPolygon","coordinates":[[[[-90.4662,35.521],[-90.4579,35.5243],[-90.4571,35.5251],[-90.4554,35.5286],[-90.455,35.5293],[-90.4525,35.5342],[-90.4519,35.5354],[-90.45,35.5353],[-90.4487,35.5336],[-90.4416,35.5325],[-90.4366,35.5313],[-90.4303,35.5331],[-90.4303,35.538],[-90.4256,35.5384],[-90.4215,35.541],[-90.4185,35.542],[-90.4176,35.543],[-90.4174,35.5438],[-90.4181,35.5457],[-90.4132,35.5456],[-90.4193,35.5387],[-90.419,35.5359],[-90.4163,35.5349],[-90.4117,35.5365],[-90.4047,35.5418],[-90.404,35.5418],[-90.3947,35.5417],[-90.3948,35.5271],[-90.3949,35.5158],[-90.3953,35.5154],[-90.4023,35.5136],[-90.4041,35.5128],[-90.4268,35.5133],[-90.4269,35.5138],[-90.4522,35.514],[-90.4662,35.5139],[-90.4662,35.521]]]]}},{"type":"Feature","id":"0515490","properties":{"name":"Cotter","land_sqmi":2.45,"lat":36.2825,"lon":-92.524},"geometry":{"type":"MultiPolygon","coordinates":[[[[-92.544,36.2661],[-92.5409,36.2705],[-92.5397,36.2716],[-92.5353,36.2741],[-92.5312,36.2775],[-92.5291,36.2802],[-92.5255,36.2855],[-92.5233,36.2901],[-92.5222,36.2912],[-92.5224,36.2954],[-92.5208,36.2933],[-92.5202,36.2957],[-92.5186,36.2966],[-92.5199,36.3001],[-92.5176,36.3005],[-92.5175,36.3021],[-92.5039,36.3018],[-92.5041,36.2966],[-92.5041,36.2944],[-92.5087,36.2945],[-92.5088,36.2909],[-92.5111,36.291],[-92.5101,36.2873],[-92.5084,36.2878],[-92.5056,36.287],[-92.5061,36.2862],[-92.5067,36.287],[-92.5089,36.2872],[-92.5091,36.2814],[-92.5092,36.2777],[-92.5137,36.2778],[-92.5138,36.2764],[-92.5158,36.2765],[-92.5183,36.2765],[-92.5185,36.2731],[-92.5186,36.2692],[-92.5096,36.2689],[-92.5097,36.2664],[-92.5121,36.2673],[-92.5168,36.2683],[-92.52,36.2693],[-92.5236,36.2693],[-92.5276,36.2682],[-92.5322,36.2654],[-92.537,36.2631],[-92.5413,36.2629],[-92.5435,36.264],[-92.544,36.2661]]]]}},{"type":"Feature","id":"0537720","properties":{"name":"LaGrange","land_sqmi":0.15,"lat":34.6567,"lon":-90.7352},"geometry":{"type":"MultiPolygon","coordinates":[[[[-90.742,34.6568],[-90.7372,34.6568],[-90.7333,34.6574],[-90.7326,34.6611],[-90.7319,34.6571],[-90.7284,34.6557],[-90.732,34.6562],[-90.732,34.6523],[-90.7327,34.6523],[-90.7349,34.6523],[-90.7348,34.6537],[-90.7385,34.6537],[-90.7375,34.6556],[-90.742,34.6556],[-90.742,34.6568]]]]}},{"type":"Feature","id":"0503940","properties":{"name":"Bassett","land_sqmi":0.24,"lat":35.5354,"lon":-90.1281},"geometry":{"type":"MultiPolygon","coordinates":[[[[-90.1342,35.5392],[-90.1294,35.5391],[-90.1274,35.5374],[-90.1263,35.5383],[-90.1252,35.5365],[-90.123,35.5382],[-90.1218,35.5367],[-90.1224,35.5344],[-90.1254,35.535],[-90.1292,35.5316],[-90.1343,35.532],[-90.1342,35.5392]]]]}},{"type":"Feature","id":"0544600","properties":{"name":"Maumelle","land_sqmi":12.32,"lat":34.8514,"lon":-92.3954},"geometry":{"type":"MultiPolygon","coordinates":[[[[-92.4431,34.8518],[-92.4349,34.8518],[-92.4347,34.8732],[-92.4344,34.8804],[-92.4323,34.8804],[-92.4323,34.8768],[-92.4301,34.8767],[-92.4302,34.8749],[-92.4259,34.8748],[-92.4259,34.88],[-92.4176,34.8799],[-92.4168,34.8799],[-92.4167,34.8838],[-92.4136,34.8838],[-92.4135,34.8871],[-92.4123,34.8865],[-92.4123,34.8837],[-92.4079,34.8837],[-92.4079,34.8813],[-92.412,34.8812],[-92.4119,34.8803],[-92.4079,34.8806],[-92.3972,34.8814],[-92.3929,34.8802],[-92.3854,34.8777],[-92.3852,34.8837],[-92.3859,34.8836],[-92.3859,34.8869],[-92.382,34.8863],[-92.3819,34.8845],[-92.3805,34.8832],[-92.3781,34.8832],[-92.3726,34.8775],[-92.3727,34.8757],[-92.3816,34.8759],[-92.3837,34.8771],[-92.3838,34.8723],[-92.3755,34.8721],[-92.3729,34.8703],[-92.373,34.863],[-92.3798,34.8576],[-92.3643,34.8573],[-92.3644,34.8531],[-92.3645,34.8501],[-92.363,34.85],[-92.36,34.8499],[-92.36,34.8464],[-92.3601,34.8426],[-92.357,34.8425],[-92.3498,34.8424],[-92.3498,34.8412],[-92.3476,34.8305],[-92.3477,34.8278],[-92.3499,34.8275],[-92.35,34.8242],[-92.3518,34.8242],[-92.3561,34.8246],[-92.356,34.8281],[-92.3651,34.8283],[-92.365,34.8321],[-92.3605,34.8321],[-92.3604,34.8354],[-92.3646,34.8355],[-92.3646,34.8391],[-92.369,34.8391],[-92.369,34.843],[-92.3688,34.8501],[-92.3733,34.8502],[-92.3734,34.8429],[-92.3867,34.843],[-92.3867,34.8396],[-92.3908,34.8396],[-92.3914,34.836],[-92.4002,34.8363],[-92.4003,34.8322],[-92.3995,34.8319],[-92.396,34.8309],[-92.396,34.8306],[-92.3951,34.83],[-92.3939,34.8291],[-92.3935,34.8291],[-92.3918,34.8279],[-92.3918,34.8277],[-92.3918,34.8262],[-92.3918,34.8244],[-92.3919,34.8243],[-92.392,34.8226],[-92.3907,34.8229],[-92.3875,34.8214],[-92.3874,34.8231],[-92.383,34.8229],[-92.383,34.8215],[-92.3776,34.8213],[-92.3785,34.8214],[-92.3786,34.8193],[-92.3786,34.8158],[-92.3831,34.8194],[-92.3894,34.8201],[-92.3923,34.8204],[-92.3957,34.8207],[-92.3998,34.8208],[-92.4034,34.8197],[-92.4069,34.819],[-92.411,34.8193],[-92.4151,34.8215],[-92.4175,34.8233],[-92.4211,34.8274],[-92.4234,34.8313],[-92.4267,34.8347],[-92.435,34.8413],[-92.4364,34.843],[-92.4383,34.847],[-92.4418,34.8498],[-92.4431,34.8518]]]]}},{"type":"Feature","id":"0532800","properties":{"name":"Holly Grove","land_sqmi":1.0,"lat":34.5987,"lon":-91.1953},"geometry":{"type":"MultiPolygon","coordinates":[[[[-91.1869,34.6043],[-91.178,34.6043],[-91.1781,34.6006],[-91.187,34.6006],[-91.1869,34.6043]]],[[[-91.2125,34.5999],[-91.2092,34.5999],[-91.2095,34.6009],[-91.2047,34.6007],[-91.2046,34.6045],[-91.1957,34.6043],[-91.1955,34.6116],[-91.1867,34.6116],[-91.1869,34.6043],[-91.192,34.6043],[-91.1937,34.6036],[-91.1958,34.6015],[-91.196,34.5976],[-91.1953,34.597],[-91.196,34.595],[-91.1962,34.5896],[-91.198,34.5896],[-91.1987,34.5886],[-91.1972,34.5866],[-91.2007,34.5858],[-91.2007,34.5881],[-91.2017,34.5897],[-91.205,34.5898],[-91.2049,34.5963],[-91.2073,34.5967],[-91.2071,34.599],[-91.2125,34.599],[-91.2125,34.5999]]]]}},{"type":"Feature","id":"0513450","properties":{"name":"Cherokee Village","land_sqmi":20.43,"lat":36.2973,"lon":-91.5736},"geometry":{"type":"MultiPolygon","coordinates":[[[[-91.6375,36.2814],[-91.633,36.2814],[-91.633,36.285],[-91.6314,36.2851],[-91.6314,36.2851],[-91.6303,36.2851],[-91.6303,36.2887],[-91.633,36.2887],[-91.6329,36.296],[-91.6194,36.2959],[-91.6194,36.2995],[-91.6329,36.2996],[-91.6327,36.3068],[-91.6283,36.3068],[-91.6283,36.3032],[-91.6238,36.3031],[-91.6238,36.3104],[-91.6371,36.3104],[-91.6371,36.314],[-91.6281,36.3139],[-91.6281,36.3175],[-91.6191,36.3174],[-91.619,36.3244],[-91.6101,36.3241],[-91.6101,36.3277],[-91.6057,36.3275],[-91.6057,36.3203],[-91.5924,36.3198],[-91.5924,36.3091],[-91.5879,36.3089],[-91.5879,36.3052],[-91.5789,36.3049],[-91.5789,36.2995],[-91.5711,36.2993],[-91.5701,36.2999],[-91.5702,36.3081],[-91.5659,36.3081],[-91.5659,36.308],[-91.5558,36.3081],[-91.5558,36.3115],[-91.5602,36.3115],[-91.5603,36.3147],[-91.5584,36.3152],[-91.5558,36.3152],[-91.5557,36.3187],[-91.5586,36.3187],[-91.5586,36.3239],[-91.5577,36.3241],[-91.5577,36.3259],[-91.5599,36.3265],[-91.5598,36.33],[-91.557,36.3312],[-91.5547,36.3312],[-91.5509,36.3346],[-91.5509,36.3373],[-91.5413,36.3372],[-91.5414,36.3334],[-91.546,36.3335],[-91.5461,36.3297],[-91.537,36.3296],[-91.5371,36.3259],[-91.5279,36.3257],[-91.5278,36.3309],[-91.5259,36.3302],[-91.5233,36.3283],[-91.5231,36.3269],[-91.5248,36.3253],[-91.5249,36.3234],[-91.5229,36.3217],[-91.52,36.3203],[-91.5178,36.3198],[-91.5131,36.3144],[-91.5097,36.3144],[-91.5096,36.3093],[-91.51,36.3053],[-91.5112,36.3038],[-91.5123,36.3031],[-91.5132,36.3016],[-91.514,36.3011],[-91.5134,36.3001],[-91.5119,36.3017],[-91.5114,36.3025],[-91.5105,36.303],[-91.5108,36.3017],[-91.5104,36.3015],[-91.51,36.2998],[-91.5101,36.2978],[-91.5102,36.2942],[-91.5114,36.2942],[-91.5112,36.2957],[-91.5131,36.2969],[-91.5135,36.2926],[-91.5102,36.2926],[-91.5104,36.2871],[-91.5127,36.2872],[-91.5127,36.2854],[-91.529,36.2857],[-91.5304,36.2848],[-91.5335,36.2849],[-91.5335,36.2785],[-91.537,36.2786],[-91.537,36.2779],[-91.5372,36.2773],[-91.5365,36.2763],[-91.5348,36.2749],[-91.536,36.2749],[-91.5339,36.2725],[-91.533,36.2703],[-91.5339,36.2639],[-91.5385,36.2641],[-91.5386,36.2623],[-91.5408,36.2635],[-91.5424,36.2628],[-91.5423,36.2613],[-91.5431,36.2599],[-91.5476,36.2601],[-91.5539,36.2602],[-91.566,36.2574],[-91.566,36.2573],[-91.5704,36.2575],[-91.5703,36.2648],[-91.5791,36.2651],[-91.5791,36.2688],[-91.5747,36.2686],[-91.5746,36.2758],[-91.5836,36.2762],[-91.5836,36.2798],[-91.597,36.2803],[-91.6062,36.2808],[-91.6062,36.2843],[-91.6106,36.2845],[-91.6107,36.2809],[-91.6151,36.2811],[-91.6152,36.2775],[-91.6196,36.2776],[-91.6197,36.2704],[-91.6242,36.2704],[-91.6242,36.2668],[-91.6287,36.2669],[-91.6287,36.2705],[-91.6377,36.2707],[-91.6375,36.2814]]]]}},{"type":"Feature","id":"0517380","properties":{"name":"Dardanelle","land_sqmi":3.64,"lat":35.2277,"lon":-93.165},"geometry":{"type":"MultiPolygon","coordinates":[[[[-93.1901,35.2394],[-93.1834,35.2392],[-93.1834,35.2378],[-93.1848,35.2379],[-93.1846,35.2368],[-93.1812,35.2368],[-93.1811,35.2537],[-93.1766,35.2499],[-93.1737,35.2468],[-93.1728,35.2475],[-93.1721,35.248],[-93.1725,35.2471],[-93.1691,35.2435],[-93.1627,35.2392],[-93.1586,35.2355],[-93.1559,35.2316],[-93.1483,35.2189],[-93.1413,35.208],[-93.1399,35.2038],[-93.1548,35.204],[-93.1548,35.2017],[-93.1602,35.2019],[-93.1602,35.2062],[-93.1592,35.2071],[-93.1564,35.2087],[-93.1628,35.2171],[-93.1707,35.2171],[-93.1693,35.2185],[-93.1693,35.2189],[-93.1701,35.2189],[-93.1726,35.2194],[-93.1726,35.2254],[-93.1813,35.2262],[-93.1813,35.2319],[-93.1901,35.2321],[-93.1901,35.2394]]]]}},{"type":"Feature","id":"0534900","properties":{"name":"Jasper","land_sqmi":0.95,"lat":36.0133,"lon":-93.1879},"geometry":{"type":"MultiPolygon","coordinates":[[[[-93.2015,36.015],[-93.1997,36.0149],[-93.1997,36.016],[-93.197,36.0171],[-93.1934,36.017],[-93.1934,36.0206],[-93.1889,36.0206],[-93.1889,36.017],[-93.1845,36.017],[-93.1844,36.0193],[-93.1827,36.0153],[-93.1836,36.0147],[-93.1845,36.0162],[-93.1845,36.0145],[-93.1869,36.0132],[-93.1864,36.0117],[-93.1866,36.0122],[-93.1825,36.0127],[-93.1825,36.0137],[-93.1807,36.0137],[-93.1801,36.0146],[-93.18,36.0224],[-93.1783,36.0223],[-93.1783,36.0241],[-93.1755,36.0241],[-93.1755,36.0223],[-93.1743,36.0222],[-93.1754,36.0204],[-93.1754,36.0165],[-93.1777,36.0118],[-93.1795,36.0109],[-93.1797,36.012],[-93.1829,36.0109],[-93.1833,36.0101],[-93.1803,36.0093],[-93.1814,36.0083],[-93.1846,36.0061],[-93.1848,36.0024],[-93.1873,36.0025],[-93.1878,36.0034],[-93.1889,36.0025],[-93.1915,36.0025],[-93.1927,36.0032],[-93.1977,36.0036],[-93.1965,36.0064],[-93.1948,36.0076],[-93.1935,36.0082],[-93.1935,36.0116],[-93.1957,36.0117],[-93.1956,36.0134],[-93.1982,36.0142],[-93.2007,36.0141],[-93.2015,36.015]]]]}},{"type":"Feature","id":"0572350","properties":{"name":"Waldo","land_sqmi":2.19,"lat":33.3514,"lon":-93.2944},"geometry":{"type":"MultiPolygon","coordinates":[[[[-93.315,33.3502],[-93.3149,33.3519],[-93.3106,33.3521],[-93.3103,33.3592],[-93.306,33.359],[-93.3059,33.3609],[-93.297,33.3606],[-93.2967,33.3679],[-93.2953,33.3678],[-93.2923,33.3676],[-93.2926,33.3623],[-93.284,33.3619],[-93.2844,33.3511],[-93.2838,33.3509],[-93.2737,33.3505],[-93.2738,33.3488],[-93.2739,33.345],[-93.2954,33.3459],[-93.2957,33.335],[-93.2979,33.3351],[-93.2978,33.3387],[-93.2984,33.3424],[-93.2999,33.3424],[-93.2998,33.3443],[-93.3108,33.3447],[-93.3107,33.3483],[-93.315,33.3484],[-93.315,33.3502]]]]}},{"type":"Feature","id":"0526050","properties":{"name":"Gassville","land_sqmi":3.43,"lat":36.2832,"lon":-92.4873},"geometry":{"type":"MultiPolygon","coordinates":[[[[-92.5111,36.2749],[-92.5071,36.2744],[-92.507,36.2756],[-92.5048,36.2762],[-92.5046,36.2853],[-92.5044,36.2865],[-92.5043,36.2908],[-92.4997,36.2906],[-92.4995,36.2973],[-92.4995,36.298],[-92.4728,36.2975],[-92.4635,36.2973],[-92.4636,36.2937],[-92.4638,36.2863],[-92.4639,36.2825],[-92.4819,36.283],[-92.4826,36.2683],[-92.4869,36.2684],[-92.5005,36.2687],[-92.5004,36.2724],[-92.5071,36.2726],[-92.5111,36.2733],[-92.5111,36.2749]]]]}},{"type":"Feature","id":"0536430","properties":{"name":"Kensett","land_sqmi":1.87,"lat":35.2363,"lon":-91.672},"geometry":{"type":"MultiPolygon","coordinates":[[[[-91.6895,35.2407],[-91.685,35.2444],[-91.6811,35.2489],[-91.6792,35.2461],[-91.679,35.2471],[-91.6745,35.2474],[-91.6745,35.2447],[-91.6607,35.241],[-91.6571,35.2406],[-91.6565,35.2407],[-91.655,35.237],[-91.6555,35.2356],[-91.6578,35.2343],[-91.6584,35.2322],[-91.6565,35.2318],[-91.6545,35.2308],[-91.6554,35.228],[-91.6576,35.2271],[-91.6604,35.2276],[-91.6649,35.2273],[-91.6665,35.2252],[-91.6661,35.2237],[-91.6786,35.2238],[-91.6791,35.2382],[-91.6873,35.2383],[-91.6872,35.2384],[-91.6864,35.2401],[-91.6895,35.2407]]]]}},{"type":"Feature","id":"0509100","properties":{"name":"Brookland","land_sqmi":7.94,"lat":35.9035,"lon":-90.5774},"geometry":{"type":"MultiPolygon","coordinates":[[[[-90.5681,35.9256],[-90.5594,35.9257],[-90.5625,35.922],[-90.5681,35.922],[-90.5681,35.9256]]],[[[-90.5988,35.8784],[-90.5993,35.8784],[-90.5968,35.8814],[-90.6005,35.882],[-90.6008,35.8856],[-90.5996,35.8856],[-90.5996,35.8893],[-90.5976,35.8893],[-90.5989,35.8913],[-90.5987,35.8931],[-90.5996,35.8931],[-90.5996,35.8965],[-90.6015,35.8966],[-90.6015,35.9002],[-90.5996,35.8998],[-90.5995,35.9038],[-90.6038,35.9039],[-90.6037,35.9075],[-90.596,35.9075],[-90.5951,35.9083],[-90.5949,35.9256],[-90.5886,35.9256],[-90.588,35.928],[-90.5874,35.9294],[-90.5866,35.9306],[-90.5826,35.9351],[-90.5797,35.9348],[-90.5769,35.9339],[-90.5821,35.9328],[-90.5829,35.9292],[-90.5829,35.9286],[-90.5821,35.9286],[-90.5822,35.9255],[-90.577,35.9256],[-90.577,35.922],[-90.5681,35.922],[-90.5682,35.9155],[-90.569,35.9146],[-90.5592,35.9146],[-90.5592,35.9074],[-90.5503,35.9073],[-90.5506,35.8783],[-90.5669,35.8783],[-90.5811,35.8784],[-90.5841,35.8782],[-90.5979,35.8784],[-90.5978,35.872],[-90.6044,35.8719],[-90.5988,35.8784]]]]}},{"type":"Feature","id":"0544750","properties":{"name":"Mayflower","land_sqmi":4.5,"lat":34.9751,"lon":-92.4253},"geometry":{"type":"MultiPolygon","coordinates":[[[[-92.4505,34.9505],[-92.4504,34.9546],[-92.4497,34.9546],[-92.4496,34.9577],[-92.4452,34.9576],[-92.4452,34.96],[-92.445,34.9609],[-92.445,34.9613],[-92.4448,34.9684],[-92.4403,34.9684],[-92.4315,34.9679],[-92.4314,34.9752],[-92.4248,34.975],[-92.4227,34.975],[-92.422,34.9895],[-92.4212,34.9896],[-92.4161,34.9895],[-92.4151,34.9943],[-92.4113,35.0041],[-92.4107,35.0041],[-92.4097,34.997],[-92.4045,34.9967],[-92.4042,34.9967],[-92.4039,34.9956],[-92.4042,34.9939],[-92.4036,34.992],[-92.4038,34.9911],[-92.4041,34.9913],[-92.4045,34.9918],[-92.4052,34.9934],[-92.4058,34.9923],[-92.4055,34.9915],[-92.4065,34.9897],[-92.4057,34.9902],[-92.4045,34.9902],[-92.4047,34.9893],[-92.4039,34.9893],[-92.4038,34.9892],[-92.4025,34.9868],[-92.4025,34.9857],[-92.4008,34.9869],[-92.4001,34.9835],[-92.4014,34.9824],[-92.403,34.9827],[-92.4016,34.9815],[-92.4037,34.9799],[-92.4038,34.9776],[-92.4076,34.978],[-92.4087,34.9772],[-92.4112,34.977],[-92.4123,34.9774],[-92.4132,34.9823],[-92.4147,34.9823],[-92.4146,34.9762],[-92.4158,34.9755],[-92.4167,34.9769],[-92.4174,34.9734],[-92.4157,34.9735],[-92.4166,34.971],[-92.4155,34.9709],[-92.4118,34.972],[-92.4081,34.974],[-92.4077,34.9749],[-92.4048,34.9731],[-92.403,34.9693],[-92.4041,34.97],[-92.4054,34.9694],[-92.4072,34.9708],[-92.4092,34.971],[-92.4108,34.9702],[-92.4114,34.968],[-92.4104,34.967],[-92.4117,34.9647],[-92.4112,34.9632],[-92.4078,34.9622],[-92.4062,34.9606],[-92.4185,34.9605],[-92.4187,34.9504],[-92.4209,34.9505],[-92.4224,34.9496],[-92.4231,34.9496],[-92.4232,34.9461],[-92.4409,34.9467],[-92.449,34.9468],[-92.4505,34.9468],[-92.4505,34.9505]]]]}},{"type":"Feature","id":"0531150","properties":{"name":"Hector","land_sqmi":2.29,"lat":35.4629,"lon":-92.9738},"geometry":{"type":"MultiPolygon","coordinates":[[[[-92.9859,35.4792],[-92.9659,35.4788],[-92.9659,35.4716],[-92.9655,35.4696],[-92.9615,35.4694],[-92.9615,35.4678],[-92.9659,35.4679],[-92.966,35.4499],[-92.975,35.4502],[-92.975,35.4502],[-92.9749,35.4536],[-92.9767,35.4525],[-92.9768,35.4502],[-92.9816,35.4503],[-92.9817,35.4497],[-92.9822,35.4497],[-92.9817,35.4494],[-92.9817,35.4466],[-92.9836,35.4467],[-92.9838,35.4503],[-92.9861,35.4504],[-92.9859,35.4792]]]]}},{"type":"Feature","id":"0551290","properties":{"name":"Oden","land_sqmi":0.81,"lat":34.6216,"lon":-93.7869},"geometry":{"type":"MultiPolygon","coordinates":[[[[-93.8005,34.6294],[-93.7961,34.6294],[-93.7961,34.6259],[-93.7786,34.6259],[-93.7786,34.624],[-93.777,34.6223],[-93.7743,34.6223],[-93.7743,34.6191],[-93.7732,34.6183],[-93.7743,34.6183],[-93.7743,34.615],[-93.782,34.615],[-93.782,34.6138],[-93.7831,34.6149],[-93.7875,34.6149],[-93.7875,34.6163],[-93.7875,34.6185],[-93.792,34.6185],[-93.792,34.6222],[-93.8006,34.6221],[-93.8005,34.6294]]]]}},{"type":"Feature","id":"0529200","properties":{"name":"Gurdon","land_sqmi":2.43,"lat":33.9152,"lon":-93.1623},"geometry":{"type":"MultiPolygon","coordinates":[[[[-93.1949,33.9083],[-93.1792,33.9125],[-93.1791,33.9145],[-93.1781,33.9145],[-93.178,33.9159],[-93.1736,33.9158],[-93.1736,33.9167],[-93.1693,33.9166],[-93.1693,33.9175],[-93.1649,33.9174],[-93.1648,33.9202],[-93.1615,33.9201],[-93.1613,33.9265],[-93.1516,33.9261],[-93.1424,33.9259],[-93.1426,33.9249],[-93.1395,33.9251],[-93.1395,33.9228],[-93.1383,33.9227],[-93.1384,33.9185],[-93.1297,33.9182],[-93.1297,33.9123],[-93.1341,33.9141],[-93.1341,33.9111],[-93.1429,33.9112],[-93.143,33.9056],[-93.143,33.904],[-93.149,33.9042],[-93.1512,33.9043],[-93.1531,33.908],[-93.1532,33.908],[-93.1606,33.9083],[-93.1607,33.9119],[-93.1694,33.9121],[-93.1694,33.9103],[-93.1782,33.9105],[-93.1782,33.9087],[-93.1869,33.9089],[-93.1871,33.9079],[-93.1934,33.9058],[-93.1949,33.9083]]]]}},{"type":"Feature","id":"0566200","properties":{"name":"Springtown","land_sqmi":0.54,"lat":36.2609,"lon":-94.4255},"geometry":{"type":"MultiPolygon","coordinates":[[[[-94.4287,36.2618],[-94.4293,36.2663],[-94.4173,36.2662],[-94.4175,36.2554],[-94.4338,36.2557],[-94.4287,36.2618]]]]}},{"type":"Feature","id":"0530520","properties":{"name":"Hartman","land_sqmi":1.58,"lat":35.4344,"lon":-93.6228},"geometry":{"type":"MultiPolygon","coordinates":[[[[-93.6374,35.433],[-93.6372,35.4394],[-93.637,35.4439],[-93.6148,35.4433],[-93.615,35.4397],[-93.6105,35.4397],[-93.6107,35.4358],[-93.6081,35.4357],[-93.6106,35.4328],[-93.611,35.4248],[-93.6199,35.4251],[-93.6198,35.4288],[-93.6375,35.4293],[-93.6374,35.433]]]]}},{"type":"Feature","id":"0527790","properties":{"name":"Grady","land_sqmi":2.95,"lat":34.0715,"lon":-91.7027},"geometry":{"type":"MultiPolygon","coordinates":[[[[-91.7224,34.0923],[-91.7209,34.0911],[-91.7093,34.085],[-91.7091,34.0869],[-91.6829,34.0868],[-91.6829,34.0722],[-91.6917,34.0723],[-91.6916,34.0687],[-91.683,34.0686],[-91.6837,34.0649],[-91.6836,34.0616],[-91.6922,34.0616],[-91.6922,34.0649],[-91.6967,34.0649],[-91.6967,34.0605],[-91.6978,34.0605],[-91.6977,34.058],[-91.6923,34.058],[-91.6922,34.0507],[-91.701,34.0506],[-91.701,34.0555],[-91.701,34.058],[-91.7095,34.0581],[-91.7092,34.0652],[-91.7092,34.0837],[-91.7135,34.0857],[-91.7135,34.0869],[-91.7179,34.0869],[-91.7179,34.0877],[-91.7224,34.0899],[-91.7224,34.0923]]]]}},{"type":"Feature","id":"0568810","properties":{"name":"Texarkana","land_sqmi":41.98,"lat":33.4335,"lon":-93.9795},"geometry":{"type":"MultiPolygon","coordinates":[[[[-94.0433,33.491],[-94.0432,33.4913],[-94.024,33.4909],[-94.0239,33.4954],[-94.0218,33.4954],[-94.0219,33.4909],[-94.0205,33.4909],[-94.0209,33.4924],[-94.0184,33.4923],[-94.0176,33.4908],[-94.0154,33.4908],[-94.0152,33.5012],[-94.011,33.5011],[-94.0108,33.5061],[-94.013,33.5062],[-94.0129,33.5072],[-94.0108,33.5071],[-94.0107,33.5106],[-94.0193,33.5108],[-94.0192,33.5112],[-94.0121,33.5112],[-94.0107,33.5116],[-94.0106,33.5131],[-94.0082,33.5131],[-94.0082,33.5124],[-94.0043,33.5131],[-94.003,33.5125],[-94.0028,33.5122],[-94.0002,33.5104],[-94.0041,33.5105],[-94.0106,33.5106],[-94.0107,33.5065],[-94.0096,33.5053],[-94.0107,33.5048],[-94.0106,33.4978],[-94.0083,33.4985],[-94.0066,33.4979],[-94.0067,33.496],[-94.0043,33.4961],[-93.9985,33.4955],[-93.9937,33.4939],[-93.9937,33.4922],[-93.9868,33.492],[-93.9698,33.4917],[-93.9698,33.4927],[-93.9675,33.4945],[-93.9583,33.5019],[-93.9498,33.5089],[-93.9496,33.5134],[-93.9493,33.5148],[-93.9456,33.5147],[-93.9457,33.512],[-93.9443,33.5125],[-93.9409,33.5151],[-93.941,33.5138],[-93.9437,33.5116],[-93.9436,33.5082],[-93.9469,33.5085],[-93.9483,33.5078],[-93.9552,33.5021],[-93.9589,33.4991],[-93.9589,33.4944],[-93.9533,33.4947],[-93.9516,33.4939],[-93.9531,33.4924],[-93.9599,33.4898],[-93.9679,33.4848],[-93.968,33.4807],[-93.9724,33.4808],[-93.9725,33.4772],[-93.9699,33.4771],[-93.9681,33.4771],[-93.9682,33.4736],[-93.9336,33.4729],[-93.9336,33.4736],[-93.9334,33.4802],[-93.9249,33.4801],[-93.916,33.48],[-93.9158,33.4775],[-93.9164,33.4734],[-93.9206,33.4735],[-93.9235,33.4742],[-93.9245,33.474],[-93.9247,33.4738],[-93.925,33.4735],[-93.9252,33.4655],[-93.9338,33.4657],[-93.9339,33.4584],[-93.9752,33.459],[-93.9772,33.4591],[-93.9775,33.4457],[-93.9729,33.4457],[-93.9688,33.4459],[-93.9688,33.4444],[-93.9665,33.4444],[-93.9664,33.4474],[-93.9612,33.4473],[-93.9613,33.4442],[-93.9599,33.4442],[-93.9603,33.4369],[-93.9548,33.4368],[-93.9546,33.4441],[-93.9514,33.4441],[-93.9514,33.4422],[-93.9493,33.4422],[-93.9493,33.4404],[-93.9471,33.4404],[-93.9471,33.444],[-93.9427,33.4439],[-93.9386,33.4437],[-93.9388,33.4331],[-93.9407,33.4331],[-93.9407,33.4311],[-93.9389,33.4294],[-93.939,33.4128],[-93.9392,33.4128],[-93.9435,33.4121],[-93.9459,33.412],[-93.9521,33.4132],[-93.9564,33.4141],[-93.9565,33.4114],[-93.9608,33.4115],[-93.9611,33.4019],[-93.9611,33.4005],[-93.9676,33.4008],[-93.9763,33.4009],[-93.9726,33.399],[-93.968,33.3975],[-93.9655,33.3963],[-93.9666,33.3955],[-93.9666,33.3937],[-93.9699,33.3938],[-93.9698,33.3973],[-93.9786,33.3974],[-93.9787,33.3902],[-93.9708,33.39],[-93.97,33.3898],[-93.97,33.3864],[-93.9788,33.3865],[-93.9789,33.3793],[-93.9703,33.3791],[-93.9704,33.3755],[-93.966,33.3754],[-93.9661,33.3718],[-93.9723,33.3719],[-93.9722,33.3766],[-93.9747,33.3774],[-93.9748,33.3736],[-93.9738,33.3728],[-93.977,33.3737],[-93.977,33.372],[-93.9792,33.372],[-93.9816,33.372],[-93.9793,33.3689],[-93.9792,33.3688],[-93.9773,33.3683],[-93.9699,33.3682],[-93.9705,33.3657],[-93.9707,33.3627],[-93.9749,33.3628],[-93.9713,33.3579],[-93.9709,33.3573],[-93.9713,33.3573],[-93.9751,33.3573],[-93.9753,33.3519],[-93.9796,33.3519],[-93.9793,33.3647],[-93.988,33.3648],[-93.9879,33.3685],[-93.9966,33.3686],[-93.9967,33.365],[-94.014,33.3653],[-94.0139,33.3707],[-94.0182,33.3708],[-94.0183,33.369],[-94.0227,33.3691],[-94.0226,33.3716],[-94.0249,33.3717],[-94.0248,33.3728],[-94.0198,33.3727],[-94.0095,33.3725],[-94.0121,33.3779],[-94.0164,33.3835],[-94.0225,33.3863],[-94.0265,33.3858],[-94.0314,33.3848],[-94.0396,33.3852],[-94.0397,33.3804],[-94.043,33.3805],[-94.043,33.3878],[-94.043,33.4001],[-94.0429,33.4056],[-94.0429,33.4057],[-94.0429,33.4131],[-94.0429,33.4197],[-94.0429,33.4202],[-94.043,33.4284],[-94.043,33.431],[-94.043,33.4346],[-94.043,33.4358],[-94.043,33.4384],[-94.043,33.4398],[-94.043,33.4457],[-94.0431,33.448],[-94.0431,33.4484],[-94.0431,33.4529],[-94.0431,33.4537],[-94.0431,33.4584],[-94.0432,33.4703],[-94.0432,33.4704],[-94.0432,33.4704],[-94.0433,33.4895],[-94.0433,33.491]]]]}},{"type":"Feature","id":"0574540","properties":{"name":"West Memphis","land_sqmi":28.84,"lat":35.1481,"lon":-90.2046},"geometry":{"type":"MultiPolygon","coordinates":[[[[-90.2936,35.1693],[-90.2924,35.1693],[-90.2923,35.1765],[-90.2918,35.2056],[-90.2917,35.2087],[-90.2815,35.2043],[-90.2818,35.1836],[-90.2863,35.1837],[-90.2863,35.1764],[-90.2772,35.1763],[-90.2772,35.1727],[-90.2728,35.1727],[-90.273,35.1618],[-90.2709,35.1618],[-90.2641,35.1616],[-90.2642,35.1543],[-90.2553,35.1542],[-90.2553,35.1615],[-90.2463,35.1614],[-90.2463,35.1687],[-90.2373,35.1687],[-90.2373,35.1742],[-90.2418,35.1742],[-90.2418,35.1759],[-90.2464,35.176],[-90.2463,35.1833],[-90.2554,35.1833],[-90.2553,35.1896],[-90.2518,35.1895],[-90.2518,35.1906],[-90.2389,35.1905],[-90.2371,35.1905],[-90.2371,35.1871],[-90.2373,35.1759],[-90.2369,35.1759],[-90.2242,35.1758],[-90.2243,35.1608],[-90.22,35.1621],[-90.2031,35.1673],[-90.2031,35.1757],[-90.2199,35.1759],[-90.2197,35.191],[-90.2022,35.1843],[-90.2023,35.1758],[-90.2023,35.1675],[-90.2021,35.1676],[-90.1996,35.1684],[-90.1951,35.1708],[-90.1935,35.1711],[-90.1913,35.1709],[-90.1901,35.1705],[-90.1925,35.1726],[-90.1938,35.1756],[-90.1863,35.1756],[-90.187,35.1784],[-90.188,35.1829],[-90.1845,35.1829],[-90.1845,35.1793],[-90.1757,35.1792],[-90.1668,35.1791],[-90.1449,35.1788],[-90.1391,35.1755],[-90.1333,35.1755],[-90.1332,35.1907],[-90.1268,35.1911],[-90.1245,35.19],[-90.1235,35.191],[-90.1235,35.1901],[-90.1263,35.1873],[-90.1253,35.1822],[-90.1228,35.1754],[-90.1217,35.1749],[-90.1202,35.171],[-90.1185,35.1703],[-90.118,35.1699],[-90.1163,35.164],[-90.1163,35.1624],[-90.1156,35.1565],[-90.1158,35.1556],[-90.1154,35.1537],[-90.1183,35.1507],[-90.1233,35.1472],[-90.1239,35.1462],[-90.1249,35.1447],[-90.1254,35.1427],[-90.1496,35.138],[-90.1578,35.1364],[-90.1642,35.1352],[-90.1673,35.1346],[-90.1674,35.1236],[-90.1679,35.1231],[-90.1723,35.1189],[-90.1729,35.1181],[-90.1751,35.1271],[-90.1796,35.1216],[-90.1809,35.1208],[-90.1809,35.123],[-90.1828,35.1247],[-90.1851,35.1247],[-90.1851,35.1281],[-90.1896,35.1261],[-90.1896,35.1174],[-90.194,35.1175],[-90.1938,35.1242],[-90.2021,35.1205],[-90.209,35.1174],[-90.2026,35.1173],[-90.2029,35.0958],[-90.2015,35.0957],[-90.2016,35.0947],[-90.203,35.0918],[-90.2031,35.0885],[-90.2038,35.0876],[-90.2103,35.0876],[-90.2096,35.0886],[-90.212,35.0886],[-90.2119,35.0959],[-90.2208,35.0959],[-90.2206,35.1031],[-90.2294,35.1032],[-90.2294,35.1121],[-90.2292,35.1135],[-90.2267,35.1138],[-90.2259,35.1177],[-90.2206,35.1177],[-90.2206,35.1197],[-90.2205,35.1243],[-90.2026,35.1278],[-90.2026,35.132],[-90.207,35.1321],[-90.207,35.1339],[-90.2115,35.1339],[-90.2139,35.1365],[-90.2097,35.1382],[-90.209,35.1393],[-90.229,35.1394],[-90.2291,35.1323],[-90.2292,35.1237],[-90.2288,35.1227],[-90.2281,35.1206],[-90.229,35.116],[-90.2349,35.116],[-90.2348,35.1177],[-90.2469,35.1178],[-90.2469,35.1194],[-90.2373,35.1212],[-90.2373,35.1321],[-90.2372,35.1394],[-90.2356,35.1394],[-90.2355,35.1459],[-90.251,35.1469],[-90.2554,35.147],[-90.2554,35.1513],[-90.2671,35.1478],[-90.2691,35.1477],[-90.2927,35.148],[-90.2926,35.1485],[-90.2927,35.1495],[-90.2926,35.162],[-90.2925,35.1654],[-90.2937,35.1655],[-90.2936,35.1693]],[[-90.1832,35.1289],[-90.1808,35.1275],[-90.1807,35.1302],[-90.1833,35.129],[-90.1832,35.1289]],[[-90.251,35.1469],[-90.2378,35.1468],[-90.229,35.1467],[-90.2288,35.154],[-90.2326,35.154],[-90.23,35.1591],[-90.2375,35.1568],[-90.2478,35.1536],[-90.2509,35.1519],[-90.251,35.1469]]]]}},{"type":"Feature","id":"0522240","properties":{"name":"Eureka Springs","land_sqmi":6.76,"lat":36.4093,"lon":-93.7414},"geometry":{"type":"MultiPolygon","coordinates":[[[[-93.738,36.4291],[-93.7358,36.4309],[-93.7322,36.4324],[-93.7307,36.4348],[-93.7307,36.4348],[-93.7307,36.4349],[-93.7307,36.435],[-93.7307,36.435],[-93.7306,36.4351],[-93.7306,36.4351],[-93.7306,36.4352],[-93.7299,36.4352],[-93.7308,36.4374],[-93.7263,36.437],[-93.729,36.4358],[-93.7298,36.4337],[-93.7322,36.4317],[-93.7366,36.4299],[-93.7376,36.4275],[-93.7348,36.4234],[-93.7349,36.4223],[-93.7382,36.4271],[-93.738,36.4291]]],[[[-93.779,36.4285],[-93.7746,36.4287],[-93.7745,36.4377],[-93.7661,36.4374],[-93.7659,36.448],[-93.7501,36.4475],[-93.7496,36.4484],[-93.7482,36.4481],[-93.7477,36.4477],[-93.7456,36.4466],[-93.7456,36.4463],[-93.7457,36.4438],[-93.7434,36.4438],[-93.7438,36.4367],[-93.7435,36.4349],[-93.7523,36.4351],[-93.7525,36.4209],[-93.7657,36.4212],[-93.7657,36.4176],[-93.7612,36.4175],[-93.7612,36.4113],[-93.7595,36.4121],[-93.7595,36.4102],[-93.7569,36.4101],[-93.7569,36.4065],[-93.7526,36.4064],[-93.7526,36.4136],[-93.7343,36.4134],[-93.7353,36.4205],[-93.7351,36.4214],[-93.7346,36.4176],[-93.7335,36.4134],[-93.7259,36.4133],[-93.7261,36.397],[-93.7249,36.397],[-93.7249,36.3952],[-93.715,36.3951],[-93.715,36.3987],[-93.7038,36.3986],[-93.7039,36.3977],[-93.7039,36.3878],[-93.7084,36.3877],[-93.7106,36.3878],[-93.7216,36.3879],[-93.7216,36.3843],[-93.726,36.3844],[-93.726,36.388],[-93.7305,36.3875],[-93.7329,36.3873],[-93.7321,36.3861],[-93.7339,36.3868],[-93.7343,36.3856],[-93.7329,36.3845],[-93.7305,36.3845],[-93.7305,36.3834],[-93.7325,36.3821],[-93.7306,36.3817],[-93.7306,36.3804],[-93.7338,36.3785],[-93.7344,36.377],[-93.7339,36.3752],[-93.735,36.3752],[-93.7355,36.3719],[-93.7396,36.372],[-93.7396,36.3702],[-93.7521,36.3705],[-93.752,36.3711],[-93.7492,36.3731],[-93.7489,36.3739],[-93.7489,36.374],[-93.7441,36.3739],[-93.7441,36.3783],[-93.743,36.3788],[-93.7419,36.381],[-93.7409,36.3825],[-93.7396,36.3835],[-93.7396,36.3869],[-93.7431,36.3878],[-93.7441,36.3877],[-93.7441,36.3919],[-93.7451,36.392],[-93.7484,36.392],[-93.7484,36.3936],[-93.7483,36.3992],[-93.7501,36.3992],[-93.7526,36.3993],[-93.7526,36.4028],[-93.7612,36.403],[-93.7612,36.4066],[-93.7657,36.4067],[-93.7657,36.4104],[-93.7702,36.4105],[-93.7702,36.4177],[-93.7731,36.4178],[-93.7699,36.4204],[-93.77,36.4211],[-93.7754,36.4244],[-93.7791,36.4252],[-93.779,36.4285]]]]}},{"type":"Feature","id":"0548560","properties":{"name":"Nashville","land_sqmi":5.47,"lat":33.9417,"lon":-93.8532},"geometry":{"type":"MultiPolygon","coordinates":[[[[-93.8815,33.9524],[-93.8759,33.9524],[-93.8703,33.9522],[-93.8724,33.9528],[-93.8724,33.9546],[-93.8694,33.9568],[-93.8662,33.9572],[-93.8662,33.9592],[-93.861,33.959],[-93.856,33.959],[-93.8464,33.9588],[-93.8461,33.966],[-93.8439,33.966],[-93.841,33.9699],[-93.8422,33.9752],[-93.841,33.9753],[-93.8411,33.9804],[-93.837,33.9802],[-93.8372,33.9755],[-93.8408,33.9753],[-93.8408,33.9738],[-93.8387,33.9699],[-93.8391,33.9672],[-93.841,33.9673],[-93.843,33.966],[-93.8367,33.9657],[-93.8373,33.967],[-93.8363,33.9693],[-93.8286,33.969],[-93.8277,33.9688],[-93.8331,33.9614],[-93.8376,33.9567],[-93.8377,33.9549],[-93.829,33.9546],[-93.8291,33.9528],[-93.8301,33.9528],[-93.8302,33.951],[-93.8335,33.9511],[-93.8336,33.9483],[-93.8323,33.9484],[-93.8247,33.9509],[-93.8247,33.9508],[-93.8247,33.9507],[-93.8316,33.9484],[-93.8335,33.9481],[-93.8335,33.9474],[-93.8292,33.9473],[-93.8293,33.9437],[-93.8314,33.9437],[-93.8314,33.9424],[-93.8337,33.9424],[-93.8337,33.9417],[-93.8315,33.9416],[-93.8315,33.9403],[-93.8334,33.94],[-93.8338,33.9363],[-93.839,33.9364],[-93.8395,33.9352],[-93.8369,33.9327],[-93.8369,33.9326],[-93.834,33.9309],[-93.834,33.9279],[-93.836,33.9258],[-93.8402,33.9259],[-93.839,33.9268],[-93.8417,33.9279],[-93.8451,33.928],[-93.8451,33.926],[-93.8489,33.9253],[-93.8494,33.9261],[-93.8495,33.9224],[-93.8532,33.923],[-93.8541,33.9249],[-93.8549,33.9244],[-93.8535,33.9227],[-93.8556,33.9214],[-93.856,33.9236],[-93.8562,33.9162],[-93.8568,33.9154],[-93.861,33.9202],[-93.864,33.9171],[-93.8631,33.9161],[-93.8655,33.9135],[-93.8667,33.9141],[-93.8724,33.9076],[-93.8783,33.903],[-93.8785,33.9087],[-93.8741,33.9086],[-93.8738,33.9158],[-93.8783,33.9159],[-93.8781,33.9232],[-93.8658,33.9229],[-93.8648,33.9232],[-93.8658,33.927],[-93.8608,33.9292],[-93.8609,33.9267],[-93.8601,33.9267],[-93.8594,33.93],[-93.8553,33.9335],[-93.86,33.9337],[-93.8598,33.9387],[-93.8615,33.938],[-93.8613,33.9416],[-93.8602,33.9416],[-93.8601,33.9448],[-93.8685,33.9448],[-93.8685,33.9484],[-93.8648,33.9483],[-93.8642,33.95],[-93.8643,33.9517],[-93.8646,33.9519],[-93.8645,33.9529],[-93.864,33.9528],[-93.8639,33.9556],[-93.8657,33.9556],[-93.8657,33.9551],[-93.8651,33.955],[-93.8652,33.952],[-93.876,33.9523],[-93.8762,33.952],[-93.8781,33.9522],[-93.8773,33.9485],[-93.8774,33.9468],[-93.8817,33.947],[-93.8815,33.9524]],[[-93.844,33.9283],[-93.8417,33.9282],[-93.8403,33.9281],[-93.8387,33.927],[-93.8362,33.9293],[-93.8399,33.93],[-93.8403,33.9296],[-93.8405,33.9295],[-93.8429,33.9296],[-93.8429,33.9285],[-93.844,33.9285],[-93.844,33.9283]],[[-93.8376,33.9569],[-93.8332,33.9615],[-93.8329,33.962],[-93.8375,33.9621],[-93.8376,33.9587],[-93.8376,33.9569]]]]}},{"type":"Feature","id":"0543370","properties":{"name":"Magness","land_sqmi":0.61,"lat":35.7039,"lon":-91.4824},"geometry":{"type":"MultiPolygon","coordinates":[[[[-91.489,35.7107],[-91.4853,35.7105],[-91.4861,35.7119],[-91.4844,35.7106],[-91.4815,35.7104],[-91.4815,35.7087],[-91.4786,35.7097],[-91.4786,35.7068],[-91.4758,35.7068],[-91.4761,35.6958],[-91.4839,35.696],[-91.4883,35.6996],[-91.4874,35.7071],[-91.489,35.7107]]]]}},{"type":"Feature","id":"0545170","properties":{"name":"Mena","land_sqmi":6.89,"lat":34.5823,"lon":-94.2339},"geometry":{"type":"MultiPolygon","coordinates":[[[[-94.2671,34.5638],[-94.267,34.5661],[-94.2627,34.566],[-94.2625,34.5724],[-94.2667,34.5725],[-94.2669,34.5725],[-94.2665,34.577],[-94.2624,34.5769],[-94.2621,34.5879],[-94.2619,34.5951],[-94.249,34.5947],[-94.2488,34.6015],[-94.2461,34.6015],[-94.2463,34.597],[-94.2446,34.597],[-94.2425,34.5969],[-94.2377,34.5969],[-94.2387,34.6014],[-94.2399,34.6014],[-94.2398,34.6033],[-94.2376,34.6032],[-94.2375,34.6046],[-94.2353,34.6046],[-94.2353,34.605],[-94.2272,34.6049],[-94.2264,34.6039],[-94.2265,34.6012],[-94.2309,34.6013],[-94.2309,34.6004],[-94.2267,34.6004],[-94.2267,34.5998],[-94.2269,34.5939],[-94.2224,34.5938],[-94.2179,34.5937],[-94.218,34.5924],[-94.218,34.5906],[-94.2173,34.5901],[-94.2136,34.59],[-94.2135,34.5936],[-94.2048,34.5933],[-94.2049,34.586],[-94.205,34.5824],[-94.2028,34.5823],[-94.2023,34.5804],[-94.2008,34.5805],[-94.2007,34.5786],[-94.2051,34.5787],[-94.2138,34.5791],[-94.2141,34.5718],[-94.2127,34.5717],[-94.2128,34.5692],[-94.212,34.568],[-94.2098,34.5679],[-94.2099,34.5643],[-94.2121,34.5626],[-94.2142,34.565],[-94.2141,34.569],[-94.2149,34.5699],[-94.2183,34.57],[-94.2184,34.5719],[-94.2229,34.572],[-94.223,34.5647],[-94.2318,34.5649],[-94.2319,34.5641],[-94.236,34.5642],[-94.2374,34.5651],[-94.2374,34.5648],[-94.2374,34.5614],[-94.2396,34.5614],[-94.2395,34.5608],[-94.2451,34.5609],[-94.2452,34.5596],[-94.2499,34.5597],[-94.2499,34.5616],[-94.2457,34.5616],[-94.2457,34.5651],[-94.2497,34.5652],[-94.2584,34.5658],[-94.2585,34.5621],[-94.2671,34.5625],[-94.2671,34.5638]]]]}},{"type":"Feature","id":"0545500","properties":{"name":"Midland","land_sqmi":0.35,"lat":35.0941,"lon":-94.3522},"geometry":{"type":"MultiPolygon","coordinates":[[[[-94.359,35.0938],[-94.3588,35.0989],[-94.3487,35.0939],[-94.3451,35.0937],[-94.3453,35.0892],[-94.3499,35.0893],[-94.3592,35.0893],[-94.359,35.0938]]]]}},{"type":"Feature","id":"0513540","properties":{"name":"Cherry Valley","land_sqmi":0.77,"lat":35.406,"lon":-90.7547},"geometry":{"type":"MultiPolygon","coordinates":[[[[-90.7636,35.3992],[-90.7613,35.4017],[-90.7611,35.406],[-90.7569,35.4059],[-90.7568,35.4097],[-90.7536,35.4097],[-90.7523,35.4145],[-90.7521,35.4169],[-90.7496,35.4169],[-90.7512,35.4097],[-90.7497,35.4097],[-90.7495,35.4039],[-90.7448,35.4024],[-90.7427,35.404],[-90.7436,35.3981],[-90.7499,35.3987],[-90.75,35.3951],[-90.757,35.3951],[-90.7569,35.3987],[-90.7612,35.3987],[-90.7612,35.3969],[-90.7666,35.3969],[-90.7636,35.3992]]]]}},{"type":"Feature","id":"0536310","properties":{"name":"Keiser","land_sqmi":0.38,"lat":35.6721,"lon":-90.0947},"geometry":{"type":"MultiPolygon","coordinates":[[[[-90.1039,35.6755],[-90.1008,35.6753],[-90.1007,35.6788],[-90.0965,35.6788],[-90.0965,35.6773],[-90.0899,35.68],[-90.0855,35.6767],[-90.0896,35.6762],[-90.0913,35.6749],[-90.0916,35.6721],[-90.094,35.6721],[-90.094,35.6695],[-90.0969,35.6694],[-90.0955,35.6648],[-90.0971,35.6642],[-90.0985,35.6673],[-90.0996,35.6719],[-90.1016,35.6739],[-90.1038,35.674],[-90.1039,35.6755]]]]}},{"type":"Feature","id":"0546100","properties":{"name":"Minturn","land_sqmi":0.57,"lat":35.9785,"lon":-91.029},"geometry":{"type":"MultiPolygon","coordinates":[[[[-91.0346,35.9717],[-91.0308,35.9773],[-91.0308,35.9804],[-91.0293,35.9821],[-91.0243,35.9853],[-91.0225,35.9845],[-91.0224,35.9881],[-91.0189,35.988],[-91.0225,35.9828],[-91.0228,35.9736],[-91.0234,35.969],[-91.0307,35.9698],[-91.039,35.9698],[-91.0346,35.9717]]]]}},{"type":"Feature","id":"0507270","properties":{"name":"Bluff City","land_sqmi":2.32,"lat":33.7191,"lon":-93.1349},"geometry":{"type":"MultiPolygon","coordinates":[[[[-93.153,33.7011],[-93.1417,33.7152],[-93.1453,33.7338],[-93.1365,33.7337],[-93.137,33.7301],[-93.1372,33.7225],[-93.1285,33.7224],[-93.1278,33.7298],[-93.1277,33.7406],[-93.1168,33.7406],[-93.1174,33.7173],[-93.1174,33.7151],[-93.1286,33.7152],[-93.1419,33.7082],[-93.1465,33.701],[-93.1531,33.6975],[-93.153,33.7011]]]]}},{"type":"Feature","id":"0547540","properties":{"name":"Mountain View","land_sqmi":7.3,"lat":35.8634,"lon":-92.1089},"geometry":{"type":"MultiPolygon","coordinates":[[[[-92.1555,35.8681],[-92.1554,35.8704],[-92.1518,35.8703],[-92.1521,35.8661],[-92.1492,35.8666],[-92.1447,35.8666],[-92.1447,35.8702],[-92.1402,35.8701],[-92.1401,35.8774],[-92.1436,35.8775],[-92.1441,35.8776],[-92.1439,35.8811],[-92.135,35.881],[-92.1353,35.8773],[-92.1218,35.877],[-92.1215,35.8841],[-92.1212,35.8852],[-92.1211,35.8877],[-92.1255,35.8878],[-92.1254,35.8914],[-92.1076,35.891],[-92.1076,35.8899],[-92.1041,35.8894],[-92.1033,35.8874],[-92.1006,35.8873],[-92.1007,35.8856],[-92.1023,35.8858],[-92.1031,35.8858],[-92.1033,35.8873],[-92.107,35.8874],[-92.1071,35.8851],[-92.1079,35.8824],[-92.1033,35.8818],[-92.1031,35.8802],[-92.1031,35.88],[-92.1003,35.8799],[-92.0947,35.8796],[-92.0948,35.8785],[-92.0934,35.8774],[-92.0902,35.8758],[-92.0901,35.8718],[-92.0948,35.872],[-92.0947,35.8765],[-92.098,35.8766],[-92.0992,35.8759],[-92.0994,35.8686],[-92.0946,35.8685],[-92.0948,35.8649],[-92.0903,35.8648],[-92.0902,35.8684],[-92.0813,35.8681],[-92.0819,35.8572],[-92.0683,35.8571],[-92.0684,35.8537],[-92.0668,35.8536],[-92.0644,35.8518],[-92.0638,35.8518],[-92.0644,35.8498],[-92.0646,35.8448],[-92.0646,35.8429],[-92.0646,35.8425],[-92.0628,35.8425],[-92.0602,35.8424],[-92.0603,35.8376],[-92.0603,35.8354],[-92.0648,35.8354],[-92.0648,35.8372],[-92.0689,35.8372],[-92.0688,35.839],[-92.0956,35.8393],[-92.0956,35.843],[-92.1002,35.8432],[-92.1001,35.8488],[-92.0954,35.8486],[-92.0955,35.8468],[-92.091,35.8466],[-92.0909,35.8539],[-92.1,35.8542],[-92.1007,35.8531],[-92.103,35.8528],[-92.1046,35.851],[-92.1047,35.8596],[-92.1059,35.8607],[-92.1065,35.8631],[-92.1088,35.8636],[-92.1089,35.861],[-92.1134,35.8611],[-92.1135,35.8585],[-92.1239,35.8588],[-92.1271,35.8589],[-92.1268,35.8652],[-92.1304,35.8648],[-92.1443,35.8611],[-92.1447,35.8593],[-92.1471,35.8593],[-92.1471,35.862],[-92.1492,35.862],[-92.1492,35.8636],[-92.1529,35.8645],[-92.153,35.8631],[-92.1533,35.8615],[-92.1546,35.8622],[-92.1543,35.8634],[-92.1543,35.8648],[-92.1576,35.8682],[-92.1555,35.8681]]]]}},{"type":"Feature","id":"0504030","properties":{"name":"Batesville","land_sqmi":11.6,"lat":35.7707,"lon":-91.6227},"geometry":{"type":"MultiPolygon","coordinates":[[[[-91.652,35.7894],[-91.6508,35.79],[-91.6508,35.7899],[-91.6509,35.7881],[-91.652,35.7881],[-91.652,35.7894]]],[[[-91.669,35.7796],[-91.6683,35.7795],[-91.6683,35.7794],[-91.6687,35.7792],[-91.669,35.7792],[-91.669,35.7796]]],[[[-91.6696,35.7763],[-91.6683,35.7778],[-91.668,35.7956],[-91.668,35.8037],[-91.6644,35.8036],[-91.6583,35.8035],[-91.6587,35.7924],[-91.6519,35.7922],[-91.652,35.7894],[-91.654,35.7885],[-91.6554,35.7885],[-91.6559,35.7868],[-91.6543,35.7868],[-91.6549,35.7806],[-91.6501,35.7805],[-91.6502,35.7781],[-91.6502,35.7775],[-91.6498,35.7779],[-91.6477,35.7786],[-91.6451,35.7805],[-91.6432,35.7824],[-91.6431,35.7828],[-91.6449,35.7845],[-91.6492,35.7847],[-91.6498,35.7868],[-91.6496,35.7907],[-91.6495,35.7922],[-91.6477,35.7921],[-91.6466,35.792],[-91.6449,35.792],[-91.6447,35.7957],[-91.6401,35.7956],[-91.6401,35.8006],[-91.6362,35.8002],[-91.6345,35.7989],[-91.6316,35.7986],[-91.6286,35.799],[-91.6338,35.7953],[-91.6357,35.7932],[-91.6335,35.7933],[-91.6335,35.7917],[-91.6309,35.7917],[-91.6315,35.7926],[-91.6308,35.7957],[-91.6273,35.7989],[-91.6228,35.7989],[-91.6216,35.7984],[-91.6217,35.7944],[-91.6188,35.7949],[-91.6178,35.7959],[-91.6144,35.7953],[-91.6115,35.795],[-91.6123,35.7914],[-91.6152,35.7914],[-91.6178,35.7879],[-91.6182,35.7846],[-91.6194,35.7832],[-91.6219,35.7827],[-91.6219,35.7811],[-91.6191,35.7811],[-91.6179,35.781],[-91.6124,35.7792],[-91.6059,35.7765],[-91.6041,35.7759],[-91.5941,35.7734],[-91.5882,35.7725],[-91.5821,35.7711],[-91.5821,35.769],[-91.5822,35.7614],[-91.5766,35.7613],[-91.5766,35.7608],[-91.5771,35.7466],[-91.5792,35.7466],[-91.5789,35.7456],[-91.5771,35.7453],[-91.5758,35.7437],[-91.5776,35.7421],[-91.5823,35.7396],[-91.5829,35.7396],[-91.5849,35.7377],[-91.5852,35.7381],[-91.5865,35.7382],[-91.5939,35.7425],[-91.5966,35.7437],[-91.5955,35.7447],[-91.5954,35.7471],[-91.5987,35.7471],[-91.5987,35.7432],[-91.6018,35.7431],[-91.6047,35.7445],[-91.6056,35.7464],[-91.6073,35.7478],[-91.6102,35.7489],[-91.6135,35.7492],[-91.6138,35.7403],[-91.6172,35.7408],[-91.6209,35.7422],[-91.622,35.7432],[-91.6239,35.7464],[-91.6265,35.7476],[-91.6288,35.7497],[-91.6329,35.7543],[-91.6352,35.756],[-91.6365,35.7575],[-91.6372,35.7571],[-91.6386,35.7564],[-91.6378,35.7544],[-91.6397,35.7543],[-91.639,35.7426],[-91.6403,35.744],[-91.6408,35.7541],[-91.6412,35.7541],[-91.6419,35.7542],[-91.6419,35.7558],[-91.6412,35.7556],[-91.6409,35.7556],[-91.6411,35.7598],[-91.6411,35.7603],[-91.6427,35.7609],[-91.6481,35.7621],[-91.6529,35.7649],[-91.6545,35.7653],[-91.6578,35.765],[-91.6596,35.7639],[-91.6622,35.7633],[-91.6635,35.7635],[-91.6631,35.7656],[-91.6611,35.768],[-91.6575,35.77],[-91.659,35.7717],[-91.6609,35.7729],[-91.6637,35.7713],[-91.6638,35.7699],[-91.6678,35.7707],[-91.6687,35.7725],[-91.6694,35.7753],[-91.6696,35.7763]],[[-91.64,35.7813],[-91.6351,35.7826],[-91.6311,35.782],[-91.6292,35.7805],[-91.6274,35.7801],[-91.6258,35.7811],[-91.6253,35.7818],[-91.6243,35.783],[-91.6284,35.788],[-91.6309,35.788],[-91.6309,35.7905],[-91.635,35.7907],[-91.6378,35.7894],[-91.639,35.7889],[-91.6388,35.7872],[-91.64,35.7852],[-91.6402,35.7833],[-91.64,35.7813]],[[-91.6263,35.7916],[-91.6254,35.7915],[-91.6251,35.792],[-91.6251,35.7933],[-91.6262,35.7933],[-91.6263,35.7916]],[[-91.6587,35.7924],[-91.6658,35.7925],[-91.6647,35.7913],[-91.6675,35.7913],[-91.6676,35.7888],[-91.6647,35.7888],[-91.6642,35.7907],[-91.6639,35.7906],[-91.6618,35.7887],[-91.6579,35.7886],[-91.6579,35.7892],[-91.6572,35.7892],[-91.6588,35.7905],[-91.6587,35.7924]]]]}},{"type":"Feature","id":"0573310","properties":{"name":"Warren","land_sqmi":7.03,"lat":33.6077,"lon":-92.0672},"geometry":{"type":"MultiPolygon","coordinates":[[[[-92.1062,33.6242],[-92.0973,33.6248],[-92.0973,33.6266],[-92.0931,33.6265],[-92.0931,33.6249],[-92.0931,33.6211],[-92.0909,33.6211],[-92.0909,33.6247],[-92.09,33.6247],[-92.09,33.6267],[-92.0887,33.6248],[-92.0887,33.6284],[-92.0762,33.6283],[-92.0762,33.6319],[-92.0799,33.632],[-92.0799,33.6356],[-92.0764,33.6357],[-92.0741,33.632],[-92.073,33.6328],[-92.0658,33.6328],[-92.0657,33.6365],[-92.0675,33.6375],[-92.0631,33.6383],[-92.0609,33.6382],[-92.0608,33.632],[-92.0623,33.632],[-92.0632,33.6314],[-92.0633,33.6278],[-92.063,33.6247],[-92.0597,33.6247],[-92.0596,33.6211],[-92.0577,33.6211],[-92.0568,33.6228],[-92.0578,33.6247],[-92.0522,33.6254],[-92.052,33.6245],[-92.0545,33.6244],[-92.0549,33.6234],[-92.0567,33.6239],[-92.0559,33.6225],[-92.0535,33.6225],[-92.0535,33.6202],[-92.0543,33.617],[-92.0506,33.6178],[-92.0493,33.6174],[-92.0394,33.6173],[-92.0393,33.6205],[-92.0371,33.621],[-92.037,33.6245],[-92.0286,33.6243],[-92.0281,33.6173],[-92.0322,33.6167],[-92.0367,33.6168],[-92.0367,33.6098],[-92.0367,33.6083],[-92.0336,33.6077],[-92.0345,33.6057],[-92.0361,33.6044],[-92.0336,33.6016],[-92.0303,33.5987],[-92.0372,33.5987],[-92.037,33.5952],[-92.0413,33.5952],[-92.0412,33.6024],[-92.0456,33.6024],[-92.0456,33.609],[-92.0521,33.6091],[-92.0521,33.6061],[-92.0482,33.6061],[-92.0501,33.6024],[-92.0579,33.6025],[-92.0579,33.5989],[-92.063,33.5989],[-92.0647,33.5981],[-92.0674,33.5982],[-92.0676,33.5916],[-92.0717,33.5917],[-92.0717,33.5899],[-92.0672,33.5898],[-92.0672,33.5879],[-92.0749,33.5879],[-92.0762,33.5859],[-92.0766,33.5842],[-92.0767,33.5771],[-92.0801,33.5771],[-92.0801,33.5811],[-92.0843,33.5811],[-92.0844,33.5884],[-92.0822,33.5883],[-92.0822,33.5919],[-92.0875,33.5918],[-92.0875,33.5937],[-92.0865,33.5943],[-92.0865,33.5974],[-92.0844,33.5975],[-92.0844,33.6028],[-92.0888,33.6027],[-92.0897,33.6097],[-92.0896,33.6162],[-92.0896,33.6175],[-92.0929,33.6174],[-92.0947,33.6176],[-92.0977,33.6175],[-92.0977,33.6174],[-92.0986,33.6175],[-92.0984,33.6209],[-92.0985,33.6212],[-92.1061,33.6212],[-92.1061,33.6242],[-92.1062,33.6242]]]]}},{"type":"Feature","id":"0561940","properties":{"name":"St. Charles","land_sqmi":0.89,"lat":34.3748,"lon":-91.1385},"geometry":{"type":"MultiPolygon","coordinates":[[[[-91.1543,34.3716],[-91.1515,34.3727],[-91.141,34.3742],[-91.1365,34.379],[-91.1329,34.3817],[-91.1309,34.3801],[-91.1258,34.3774],[-91.1225,34.3746],[-91.1259,34.3722],[-91.1332,34.3685],[-91.1371,34.368],[-91.1544,34.3681],[-91.1543,34.3716]]]]}},{"type":"Feature","id":"0567490","properties":{"name":"Stuttgart","land_sqmi":7.41,"lat":34.5012,"lon":-91.5477},"geometry":{"type":"MultiPolygon","coordinates":[[[[-91.5728,34.4867],[-91.5634,34.4943],[-91.5631,34.505],[-91.5658,34.5051],[-91.563,34.5082],[-91.5623,34.5087],[-91.562,34.515],[-91.5642,34.5151],[-91.5641,34.516],[-91.562,34.516],[-91.5619,34.5233],[-91.5603,34.5233],[-91.56,34.5354],[-91.5653,34.5355],[-91.5652,34.5379],[-91.5526,34.5376],[-91.553,34.5195],[-91.5486,34.5193],[-91.5488,34.5121],[-91.5472,34.5121],[-91.5471,34.5156],[-91.5449,34.5156],[-91.5439,34.5148],[-91.544,34.512],[-91.5408,34.5119],[-91.5397,34.5121],[-91.5311,34.5187],[-91.5312,34.5117],[-91.5225,34.5115],[-91.5226,34.5006],[-91.5312,34.5007],[-91.5358,34.5009],[-91.536,34.4936],[-91.5349,34.4936],[-91.5349,34.4899],[-91.536,34.4899],[-91.5362,34.4872],[-91.5318,34.4863],[-91.523,34.4862],[-91.5232,34.4789],[-91.5234,34.4788],[-91.5308,34.479],[-91.5322,34.4771],[-91.5354,34.4774],[-91.5343,34.4765],[-91.5351,34.4743],[-91.5365,34.4749],[-91.5449,34.4785],[-91.5455,34.4788],[-91.5431,34.4771],[-91.5435,34.4755],[-91.5427,34.4745],[-91.541,34.4753],[-91.5393,34.4758],[-91.5323,34.4728],[-91.5323,34.4716],[-91.5412,34.4717],[-91.5414,34.4659],[-91.5436,34.4659],[-91.5436,34.4645],[-91.5601,34.4648],[-91.5598,34.4775],[-91.5678,34.4777],[-91.5678,34.4764],[-91.5698,34.4765],[-91.5698,34.4778],[-91.5722,34.4778],[-91.5722,34.4797],[-91.5729,34.4797],[-91.5728,34.4867]]]]}},{"type":"Feature","id":"0574930","properties":{"name":"Whelen Springs","land_sqmi":0.23,"lat":33.8337,"lon":-93.126},"geometry":{"type":"MultiPolygon","coordinates":[[[[-93.13,33.8347],[-93.1277,33.8347],[-93.1276,33.8383],[-93.1264,33.8383],[-93.123,33.8382],[-93.1231,33.8326],[-93.1217,33.8319],[-93.1228,33.8308],[-93.1222,33.829],[-93.1302,33.8292],[-93.13,33.8347]]]]}},{"type":"Feature","id":"0537240","properties":{"name":"Knobel","land_sqmi":0.42,"lat":36.3193,"lon":-90.6028},"geometry":{"type":"MultiPolygon","coordinates":[[[[-90.6106,36.3167],[-90.6064,36.3166],[-90.6058,36.3253],[-90.5968,36.3246],[-90.5921,36.3245],[-90.5921,36.3237],[-90.5964,36.3238],[-90.5965,36.3164],[-90.601,36.3165],[-90.601,36.315],[-90.6096,36.3152],[-90.61,36.3132],[-90.6134,36.3147],[-90.6106,36.3167]]]]}},{"type":"Feature","id":"0542560","properties":{"name":"McDougal","land_sqmi":0.37,"lat":36.4363,"lon":-90.3911},"geometry":{"type":"MultiPolygon","coordinates":[[[[-90.3975,36.4345],[-90.3941,36.4378],[-90.3958,36.4381],[-90.3957,36.4418],[-90.3869,36.4418],[-90.387,36.4362],[-90.3847,36.4362],[-90.3848,36.4326],[-90.387,36.4326],[-90.387,36.4308],[-90.3914,36.4308],[-90.3914,36.4326],[-90.3958,36.4326],[-90.3958,36.4345],[-90.3975,36.4345]]]]}},{"type":"Feature","id":"0556600","properties":{"name":"Pollard","land_sqmi":0.3,"lat":36.4279,"lon":-90.2663},"geometry":{"type":"MultiPolygon","coordinates":[[[[-90.2736,36.4248],[-90.2708,36.4256],[-90.2703,36.4273],[-90.2737,36.4269],[-90.2736,36.4293],[-90.2715,36.4292],[-90.269,36.4309],[-90.2725,36.4338],[-90.2596,36.4338],[-90.2596,36.4328],[-90.2588,36.4328],[-90.2597,36.4292],[-90.2691,36.4292],[-90.2692,36.422],[-90.2737,36.422],[-90.2736,36.4248]]]]}},{"type":"Feature","id":"0531090","properties":{"name":"Heber Springs","land_sqmi":9.09,"lat":35.5067,"lon":-92.0383},"geometry":{"type":"MultiPolygon","coordinates":[[[[-92.0945,35.4932],[-92.0929,35.4932],[-92.0934,35.4941],[-92.0927,35.4969],[-92.0914,35.4978],[-92.0899,35.4977],[-92.0897,35.5027],[-92.0881,35.5022],[-92.0842,35.4986],[-92.0833,35.4967],[-92.0829,35.4939],[-92.0835,35.4921],[-92.0818,35.4929],[-92.0811,35.495],[-92.0789,35.4953],[-92.0781,35.4985],[-92.079,35.5008],[-92.0802,35.5019],[-92.08,35.5048],[-92.0789,35.5047],[-92.078,35.5028],[-92.0765,35.5018],[-92.0765,35.5008],[-92.0719,35.5007],[-92.0625,35.5003],[-92.062,35.4984],[-92.0643,35.4968],[-92.0665,35.4978],[-92.0676,35.496],[-92.0655,35.4944],[-92.0656,35.4931],[-92.0677,35.4928],[-92.0625,35.4915],[-92.0611,35.4905],[-92.0611,35.4893],[-92.0595,35.4886],[-92.0547,35.49],[-92.0536,35.4926],[-92.052,35.4926],[-92.051,35.4932],[-92.051,35.4952],[-92.0523,35.4962],[-92.0522,35.4994],[-92.0536,35.4998],[-92.0517,35.501],[-92.0513,35.5021],[-92.0478,35.5019],[-92.0462,35.5008],[-92.0461,35.5021],[-92.0435,35.5032],[-92.043,35.5054],[-92.0421,35.506],[-92.0415,35.5083],[-92.0397,35.5082],[-92.04,35.5093],[-92.0383,35.5096],[-92.0393,35.5115],[-92.0377,35.5114],[-92.0387,35.5133],[-92.036,35.5131],[-92.0351,35.5137],[-92.0371,35.5142],[-92.0367,35.5163],[-92.0386,35.5152],[-92.041,35.5155],[-92.041,35.5172],[-92.0397,35.5194],[-92.0412,35.5228],[-92.0407,35.5239],[-92.0419,35.5264],[-92.0407,35.5274],[-92.0418,35.529],[-92.0417,35.5312],[-92.0426,35.532],[-92.0418,35.5343],[-92.0408,35.5328],[-92.039,35.5327],[-92.0387,35.5353],[-92.0371,35.5357],[-92.0367,35.5341],[-92.0351,35.5334],[-92.0361,35.5323],[-92.0362,35.5302],[-92.0383,35.5293],[-92.0365,35.5276],[-92.0328,35.5268],[-92.0357,35.5254],[-92.0385,35.5245],[-92.0392,35.5224],[-92.0371,35.5231],[-92.0356,35.5228],[-92.0339,35.5211],[-92.0333,35.5232],[-92.0312,35.5224],[-92.0307,35.5239],[-92.0294,35.5219],[-92.0289,35.5231],[-92.0278,35.5219],[-92.0225,35.5206],[-92.0224,35.5198],[-92.0206,35.5196],[-92.0188,35.521],[-92.0182,35.5198],[-92.0159,35.5195],[-92.0157,35.5224],[-92.0141,35.524],[-92.0136,35.5221],[-92.0114,35.5229],[-92.0112,35.5193],[-92.0051,35.5188],[-92.0025,35.5198],[-92.0018,35.5198],[-92.0022,35.5127],[-91.9974,35.5126],[-91.9952,35.5098],[-91.9955,35.5015],[-91.9909,35.5015],[-91.9911,35.4965],[-91.9956,35.4963],[-91.9959,35.4883],[-91.9917,35.4884],[-91.9916,35.4947],[-91.9898,35.4947],[-91.9897,35.4965],[-91.9882,35.4966],[-91.9882,35.4957],[-91.9852,35.4957],[-91.9852,35.4967],[-91.9829,35.4967],[-91.9822,35.4956],[-91.9823,35.4887],[-91.9868,35.4872],[-91.9885,35.4841],[-91.9889,35.4821],[-91.9877,35.4807],[-91.9889,35.4796],[-91.9917,35.481],[-91.9917,35.4796],[-91.9962,35.4796],[-91.9961,35.4835],[-92.0005,35.4871],[-92.0008,35.4887],[-92.0003,35.4907],[-92.0009,35.4951],[-92.0027,35.495],[-92.0029,35.4912],[-92.0056,35.4925],[-92.0091,35.4934],[-92.0156,35.4942],[-92.0164,35.4925],[-92.0187,35.4926],[-92.0187,35.4911],[-92.0185,35.4908],[-92.0099,35.4903],[-92.01,35.4867],[-92.0189,35.4872],[-92.0189,35.4835],[-92.026,35.4839],[-92.0323,35.4843],[-92.0324,35.4806],[-92.0359,35.4808],[-92.0367,35.4796],[-92.0373,35.4796],[-92.0375,35.4803],[-92.0372,35.4805],[-92.0371,35.4803],[-92.0369,35.4799],[-92.0369,35.4801],[-92.0371,35.4807],[-92.0383,35.481],[-92.0414,35.4812],[-92.0458,35.4814],[-92.0459,35.4777],[-92.0536,35.4781],[-92.0559,35.4785],[-92.059,35.4779],[-92.0636,35.4781],[-92.0633,35.4902],[-92.0703,35.4921],[-92.0703,35.4933],[-92.0767,35.4936],[-92.0768,35.489],[-92.079,35.4891],[-92.079,35.49],[-92.0856,35.4902],[-92.0855,35.494],[-92.09,35.4941],[-92.0901,35.4904],[-92.0945,35.4904],[-92.0945,35.4932]]]]}},{"type":"Feature","id":"0557950","properties":{"name":"Quitman","land_sqmi":1.89,"lat":35.3782,"lon":-92.2106},"geometry":{"type":"MultiPolygon","coordinates":[[[[-92.2395,35.3566],[-92.235,35.3601],[-92.2345,35.3605],[-92.2324,35.3632],[-92.2308,35.3653],[-92.2289,35.3705],[-92.226,35.3757],[-92.2257,35.3776],[-92.2253,35.3921],[-92.2164,35.3922],[-92.2087,35.392],[-92.2088,35.3884],[-92.2073,35.3884],[-92.203,35.3909],[-92.1817,35.4006],[-92.1818,35.3986],[-92.1819,35.3967],[-92.2026,35.3872],[-92.2077,35.3841],[-92.2044,35.384],[-92.2047,35.3797],[-92.2064,35.3807],[-92.2064,35.3792],[-92.2045,35.3792],[-92.2046,35.3774],[-92.2213,35.3776],[-92.2223,35.3744],[-92.2251,35.3695],[-92.2264,35.3655],[-92.2277,35.3631],[-92.229,35.361],[-92.2286,35.359],[-92.2299,35.356],[-92.2319,35.3557],[-92.2318,35.356],[-92.2318,35.3561],[-92.2352,35.3562],[-92.2395,35.3563],[-92.2395,35.3566]]]]}},{"type":"Feature","id":"0543610","properties":{"name":"Malvern","land_sqmi":9.86,"lat":34.3744,"lon":-92.8198},"geometry":{"type":"MultiPolygon","coordinates":[[[[-92.8596,34.3372],[-92.8589,34.3378],[-92.8508,34.3374],[-92.8506,34.3447],[-92.8463,34.3442],[-92.846,34.3481],[-92.8418,34.3478],[-92.8417,34.3516],[-92.8338,34.3512],[-92.8348,34.3559],[-92.8336,34.3564],[-92.8307,34.3576],[-92.8304,34.3638],[-92.8323,34.364],[-92.8338,34.3646],[-92.8353,34.3632],[-92.8364,34.3612],[-92.8368,34.3613],[-92.8369,34.3619],[-92.8339,34.3657],[-92.8281,34.3656],[-92.8279,34.369],[-92.8311,34.3691],[-92.8306,34.3707],[-92.8335,34.3706],[-92.8353,34.3766],[-92.8387,34.3766],[-92.8388,34.373],[-92.8393,34.373],[-92.8499,34.3731],[-92.845,34.3755],[-92.8409,34.3792],[-92.8389,34.3831],[-92.8385,34.3853],[-92.8391,34.3853],[-92.839,34.3857],[-92.8401,34.3858],[-92.843,34.3848],[-92.8456,34.383],[-92.8466,34.3839],[-92.8473,34.3821],[-92.8474,34.3772],[-92.8519,34.3774],[-92.8541,34.3751],[-92.856,34.3741],[-92.8519,34.3785],[-92.8517,34.3864],[-92.8473,34.3863],[-92.8472,34.3916],[-92.8493,34.3948],[-92.847,34.3954],[-92.8468,34.3965],[-92.8428,34.3929],[-92.8432,34.3939],[-92.8449,34.3981],[-92.8457,34.3979],[-92.8468,34.4003],[-92.845,34.4009],[-92.8406,34.401],[-92.8406,34.4016],[-92.8449,34.4017],[-92.8455,34.4149],[-92.8297,34.4153],[-92.8298,34.4104],[-92.8236,34.415],[-92.8235,34.4101],[-92.8216,34.4109],[-92.8202,34.4109],[-92.8242,34.4056],[-92.8237,34.4053],[-92.824,34.4042],[-92.828,34.4042],[-92.828,34.4026],[-92.8267,34.4033],[-92.8242,34.4033],[-92.8241,34.4035],[-92.8187,34.4035],[-92.8187,34.402],[-92.8189,34.4019],[-92.8129,34.4018],[-92.8129,34.4001],[-92.8136,34.4001],[-92.8143,34.4001],[-92.8153,34.3982],[-92.8191,34.3982],[-92.8191,34.3946],[-92.8192,34.391],[-92.8198,34.3874],[-92.8216,34.3874],[-92.8212,34.3893],[-92.8223,34.3894],[-92.8218,34.3862],[-92.8228,34.3849],[-92.8171,34.3847],[-92.817,34.3842],[-92.8164,34.3836],[-92.8149,34.3836],[-92.8119,34.3835],[-92.8126,34.3854],[-92.8104,34.3853],[-92.8104,34.3835],[-92.8038,34.3834],[-92.8037,34.3841],[-92.8059,34.3841],[-92.8059,34.3852],[-92.8047,34.3852],[-92.8047,34.3856],[-92.8036,34.3856],[-92.8016,34.3855],[-92.803,34.3851],[-92.8027,34.3833],[-92.8002,34.3832],[-92.7972,34.3831],[-92.7973,34.3685],[-92.7974,34.3656],[-92.7951,34.3655],[-92.795,34.3686],[-92.7917,34.3685],[-92.7917,34.3667],[-92.7897,34.3667],[-92.7897,34.3648],[-92.7902,34.3648],[-92.791,34.3634],[-92.7854,34.3631],[-92.7854,34.3611],[-92.7848,34.3611],[-92.7842,34.3633],[-92.78,34.3628],[-92.7801,34.3609],[-92.7822,34.361],[-92.7829,34.3598],[-92.7843,34.3599],[-92.7844,34.3555],[-92.7879,34.3556],[-92.7887,34.3539],[-92.7887,34.351],[-92.7896,34.3502],[-92.7825,34.35],[-92.7825,34.3464],[-92.7835,34.3464],[-92.7836,34.3449],[-92.783,34.3449],[-92.7814,34.3454],[-92.7815,34.3427],[-92.7891,34.3429],[-92.7887,34.3463],[-92.7907,34.3467],[-92.7933,34.3467],[-92.7935,34.3394],[-92.7979,34.3395],[-92.7978,34.3432],[-92.8,34.3433],[-92.8022,34.3433],[-92.8021,34.3452],[-92.8043,34.3452],[-92.8043,34.347],[-92.8065,34.3471],[-92.8064,34.3489],[-92.8086,34.349],[-92.8087,34.3444],[-92.8065,34.3444],[-92.8065,34.3435],[-92.8102,34.3436],[-92.811,34.3417],[-92.8066,34.3421],[-92.8066,34.341],[-92.8104,34.3407],[-92.811,34.3386],[-92.8147,34.3377],[-92.8155,34.34],[-92.814,34.34],[-92.8133,34.3411],[-92.8117,34.3412],[-92.8129,34.3437],[-92.8109,34.3437],[-92.8108,34.3484],[-92.8122,34.3484],[-92.8129,34.3497],[-92.8108,34.3497],[-92.8108,34.3509],[-92.8152,34.3509],[-92.8152,34.3539],[-92.8196,34.354],[-92.8196,34.3546],[-92.8218,34.3546],[-92.8237,34.3548],[-92.8242,34.3554],[-92.824,34.3557],[-92.8239,34.3582],[-92.8293,34.3577],[-92.83,34.354],[-92.8325,34.3552],[-92.8343,34.3545],[-92.8337,34.3512],[-92.8306,34.3506],[-92.8308,34.3496],[-92.8329,34.3497],[-92.8332,34.3471],[-92.8315,34.3472],[-92.8326,34.3459],[-92.8341,34.3441],[-92.8375,34.3442],[-92.8375,34.3405],[-92.8463,34.3406],[-92.8464,34.3335],[-92.8596,34.3341],[-92.8596,34.3372]],[[-92.8363,34.3802],[-92.8338,34.3802],[-92.8337,34.3791],[-92.8321,34.3791],[-92.8321,34.3838],[-92.8346,34.3838],[-92.8356,34.382],[-92.8363,34.3802]],[[-92.8321,34.376],[-92.8308,34.376],[-92.8308,34.3754],[-92.8297,34.3754],[-92.8297,34.3766],[-92.8306,34.3766],[-92.8321,34.3766],[-92.8321,34.376]],[[-92.828,34.3995],[-92.8263,34.3995],[-92.8262,34.3992],[-92.8258,34.3999],[-92.8256,34.4004],[-92.828,34.4005],[-92.828,34.3995]],[[-92.828,34.4009],[-92.8253,34.4009],[-92.8249,34.4017],[-92.8246,34.4022],[-92.828,34.4022],[-92.828,34.4017],[-92.828,34.4009]],[[-92.8277,34.3921],[-92.8234,34.392],[-92.8234,34.3946],[-92.8255,34.3947],[-92.8255,34.3964],[-92.8276,34.3949],[-92.8277,34.3921]],[[-92.8189,34.4019],[-92.8232,34.4017],[-92.8233,34.3992],[-92.8189,34.4019]]]]}},{"type":"Feature","id":"0504720","properties":{"name":"Beedeville","land_sqmi":1.14,"lat":35.4275,"lon":-91.1122},"geometry":{"type":"MultiPolygon","coordinates":[[[[-91.1235,35.4369],[-91.1009,35.4363],[-91.101,35.4215],[-91.1116,35.4216],[-91.1133,35.418],[-91.1145,35.4181],[-91.1145,35.4218],[-91.1191,35.4221],[-91.119,35.433],[-91.1235,35.4332],[-91.1235,35.4369]]]]}},{"type":"Feature","id":"0549580","properties":{"name":"Newport","land_sqmi":13.55,"lat":35.6228,"lon":-91.2315},"geometry":{"type":"MultiPolygon","coordinates":[[[[-91.2967,35.6128],[-91.2923,35.6121],[-91.2883,35.6099],[-91.2882,35.6137],[-91.2878,35.616],[-91.2861,35.619],[-91.2852,35.6217],[-91.2851,35.6243],[-91.2858,35.6275],[-91.2852,35.6275],[-91.2742,35.6275],[-91.2743,35.6239],[-91.2668,35.6239],[-91.2657,35.6239],[-91.2647,35.6238],[-91.2609,35.6238],[-91.2608,35.6347],[-91.2575,35.6354],[-91.2519,35.6353],[-91.2518,35.6383],[-91.2417,35.6385],[-91.2416,35.6419],[-91.2413,35.6434],[-91.2389,35.6432],[-91.2392,35.6409],[-91.2403,35.6395],[-91.2407,35.6385],[-91.226,35.6388],[-91.2299,35.6411],[-91.2306,35.6433],[-91.2298,35.6439],[-91.2299,35.646],[-91.1975,35.6462],[-91.1974,35.6505],[-91.1663,35.6502],[-91.1668,35.624],[-91.2115,35.6241],[-91.2114,35.6314],[-91.217,35.6314],[-91.2294,35.6313],[-91.2294,35.6279],[-91.2297,35.6188],[-91.2299,35.6078],[-91.2258,35.6078],[-91.2228,35.6079],[-91.2117,35.608],[-91.2118,35.6007],[-91.2268,35.6006],[-91.2517,35.6007],[-91.2528,35.6016],[-91.2597,35.6012],[-91.2587,35.5981],[-91.2595,35.5961],[-91.2726,35.5984],[-91.2747,35.5989],[-91.2753,35.5965],[-91.2787,35.5958],[-91.2828,35.5959],[-91.2877,35.5952],[-91.289,35.597],[-91.2909,35.5982],[-91.2966,35.6007],[-91.2967,35.6081],[-91.2967,35.6128]]]]}},{"type":"Feature","id":"0568360","properties":{"name":"Swifton","land_sqmi":0.54,"lat":35.8248,"lon":-91.1312},"geometry":{"type":"MultiPolygon","coordinates":[[[[-91.1412,35.8255],[-91.1412,35.8261],[-91.1406,35.8261],[-91.1397,35.8251],[-91.1346,35.825],[-91.1345,35.8286],[-91.1334,35.8285],[-91.1333,35.8322],[-91.1274,35.8322],[-91.1289,35.8313],[-91.13,35.8293],[-91.1309,35.8291],[-91.1299,35.8287],[-91.1278,35.831],[-91.1263,35.8285],[-91.1239,35.8284],[-91.1239,35.8211],[-91.121,35.8212],[-91.1211,35.8173],[-91.1286,35.8175],[-91.1285,35.8212],[-91.137,35.8215],[-91.1346,35.8249],[-91.1397,35.825],[-91.1398,35.8227],[-91.1375,35.8224],[-91.1375,35.8215],[-91.1414,35.8217],[-91.1412,35.8255]]]]}},{"type":"Feature","id":"0555310","properties":{"name":"Pine Bluff","land_sqmi":44.18,"lat":34.2109,"lon":-92.0072},"geometry":{"type":"MultiPolygon","coordinates":[[[[-92.0932,34.1943],[-92.0912,34.1944],[-92.0912,34.1972],[-92.0869,34.1972],[-92.0868,34.2045],[-92.0868,34.2054],[-92.0725,34.2055],[-92.0696,34.2056],[-92.0694,34.2148],[-92.0708,34.2148],[-92.0707,34.2181],[-92.0715,34.2193],[-92.0813,34.2194],[-92.0813,34.2157],[-92.0781,34.2158],[-92.0782,34.212],[-92.0783,34.2084],[-92.0909,34.2082],[-92.0909,34.2139],[-92.0909,34.2176],[-92.0909,34.2194],[-92.0866,34.2194],[-92.0866,34.2231],[-92.0822,34.2231],[-92.0822,34.2254],[-92.0821,34.2273],[-92.0801,34.2275],[-92.0781,34.228],[-92.0743,34.2291],[-92.0742,34.2381],[-92.0872,34.2384],[-92.0896,34.2385],[-92.0896,34.2401],[-92.0895,34.2415],[-92.0895,34.2439],[-92.0893,34.253],[-92.0887,34.2549],[-92.0893,34.2551],[-92.0892,34.2566],[-92.087,34.2566],[-92.087,34.2602],[-92.0808,34.2597],[-92.0804,34.26],[-92.0809,34.2605],[-92.0782,34.2617],[-92.0775,34.2673],[-92.0617,34.2669],[-92.0591,34.2633],[-92.054,34.2632],[-92.054,34.2611],[-92.0517,34.2606],[-92.0517,34.2602],[-92.0518,34.2602],[-92.0519,34.2602],[-92.0519,34.2602],[-92.0519,34.2601],[-92.0519,34.2599],[-92.0517,34.2597],[-92.0502,34.2592],[-92.0498,34.2599],[-92.0492,34.2593],[-92.0478,34.259],[-92.0475,34.2558],[-92.0518,34.2558],[-92.054,34.2559],[-92.0466,34.2451],[-92.0374,34.242],[-92.0361,34.2411],[-92.0349,34.2376],[-92.0346,34.2386],[-92.0347,34.2456],[-92.0345,34.2483],[-92.0247,34.2481],[-92.0246,34.2536],[-92.019,34.2535],[-92.019,34.2571],[-92.0121,34.257],[-92.0102,34.2569],[-92.0103,34.2533],[-92.0146,34.2534],[-92.0147,34.2522],[-92.0147,34.2483],[-92.0147,34.246],[-91.9997,34.2413],[-91.9984,34.2442],[-91.9896,34.2598],[-91.9887,34.2628],[-91.9875,34.2628],[-91.9892,34.2656],[-91.994,34.2719],[-91.9961,34.2741],[-91.996,34.2755],[-91.9938,34.2759],[-91.9926,34.2732],[-91.9887,34.2682],[-91.9856,34.2628],[-91.981,34.2662],[-91.9805,34.2667],[-91.9733,34.2666],[-91.9727,34.2713],[-91.9674,34.2713],[-91.9633,34.272],[-91.9602,34.273],[-91.9577,34.269],[-91.9578,34.2606],[-91.9519,34.2591],[-91.9553,34.2528],[-91.9704,34.2531],[-91.9706,34.2442],[-91.9746,34.2443],[-91.9747,34.2418],[-91.9691,34.2417],[-91.9692,34.2385],[-91.9752,34.2348],[-91.9768,34.2345],[-91.9791,34.2351],[-91.9805,34.2371],[-91.9805,34.2386],[-91.9789,34.2428],[-91.9813,34.2429],[-91.9832,34.2429],[-91.985,34.238],[-91.9859,34.2373],[-91.9874,34.2366],[-91.9882,34.238],[-91.9889,34.2366],[-91.9872,34.2323],[-91.9863,34.2324],[-91.9843,34.2311],[-91.9811,34.231],[-91.9773,34.2315],[-91.9751,34.2326],[-91.9718,34.2333],[-91.9699,34.2331],[-91.9625,34.2362],[-91.9586,34.2381],[-91.9557,34.2416],[-91.9521,34.2441],[-91.9503,34.2465],[-91.9494,34.2488],[-91.9466,34.2535],[-91.942,34.2609],[-91.9407,34.2667],[-91.9421,34.2734],[-91.9382,34.2734],[-91.9383,34.2653],[-91.9342,34.2627],[-91.932,34.2582],[-91.9319,34.2546],[-91.9431,34.2433],[-91.9446,34.2415],[-91.9473,34.2394],[-91.959,34.228],[-91.9598,34.2256],[-91.9583,34.2252],[-91.9634,34.2253],[-91.9634,34.2154],[-91.9585,34.2152],[-91.9585,34.2131],[-91.9551,34.2131],[-91.9551,34.2129],[-91.9549,34.2019],[-91.9508,34.202],[-91.9392,34.202],[-91.9386,34.1973],[-91.9386,34.1948],[-91.9346,34.1948],[-91.9346,34.1911],[-91.9389,34.1911],[-91.939,34.193],[-91.9418,34.193],[-91.943,34.192],[-91.943,34.1875],[-91.9449,34.1875],[-91.9448,34.1849],[-91.9432,34.1849],[-91.9431,34.1811],[-91.9388,34.1811],[-91.9388,34.1838],[-91.9215,34.1839],[-91.9212,34.1675],[-91.9299,34.1675],[-91.9298,34.1657],[-91.9385,34.1656],[-91.9386,34.1784],[-91.9414,34.1785],[-91.9411,34.1751],[-91.9424,34.1748],[-91.9426,34.1773],[-91.9464,34.1805],[-91.9477,34.1824],[-91.9519,34.1871],[-91.9542,34.188],[-91.9547,34.1891],[-91.9602,34.1892],[-91.9602,34.1928],[-91.9774,34.1928],[-91.9784,34.191],[-91.9849,34.191],[-91.9849,34.1792],[-91.9867,34.1792],[-91.9871,34.1765],[-91.9958,34.1764],[-91.9958,34.1747],[-91.9974,34.1746],[-91.9969,34.1744],[-91.9976,34.1733],[-91.9997,34.1739],[-92.0007,34.173],[-92.0014,34.1708],[-92.0046,34.1707],[-92.0045,34.1636],[-92.0001,34.1637],[-92.0,34.1583],[-91.9978,34.1583],[-91.9976,34.1512],[-91.9981,34.1511],[-91.9981,34.149],[-91.998,34.149],[-91.9981,34.1477],[-92.0158,34.1476],[-92.0158,34.1459],[-92.0203,34.1462],[-92.0273,34.1462],[-92.0293,34.1474],[-92.0293,34.149],[-92.0294,34.1508],[-92.0282,34.1508],[-92.0284,34.1581],[-92.0414,34.158],[-92.0418,34.158],[-92.0491,34.1579],[-92.049,34.1543],[-92.0571,34.1542],[-92.0569,34.173],[-92.0568,34.1811],[-92.0851,34.1808],[-92.085,34.1885],[-92.085,34.1917],[-92.0932,34.1916],[-92.0932,34.1943]]]]}},{"type":"Feature","id":"0558580","properties":{"name":"Redfield","land_sqmi":3.09,"lat":34.4422,"lon":-92.1822},"geometry":{"type":"MultiPolygon","coordinates":[[[[-92.1995,34.4383],[-92.1957,34.4382],[-92.1953,34.4403],[-92.1954,34.4454],[-92.191,34.4453],[-92.191,34.4489],[-92.1997,34.449],[-92.1997,34.4564],[-92.1963,34.4563],[-92.1874,34.4561],[-92.1901,34.4595],[-92.1908,34.4635],[-92.1864,34.4633],[-92.1865,34.4561],[-92.1818,34.456],[-92.1821,34.459],[-92.1842,34.459],[-92.1845,34.4633],[-92.1836,34.4645],[-92.1813,34.4648],[-92.1809,34.4635],[-92.1798,34.4637],[-92.1797,34.4619],[-92.1771,34.4607],[-92.1759,34.4618],[-92.1733,34.4604],[-92.174,34.4593],[-92.1645,34.4592],[-92.1646,34.4555],[-92.1733,34.4558],[-92.1736,34.4485],[-92.1788,34.4485],[-92.18,34.4479],[-92.1801,34.4468],[-92.1779,34.4468],[-92.178,34.4413],[-92.1736,34.4412],[-92.1738,34.4267],[-92.1794,34.4268],[-92.1788,34.4231],[-92.1827,34.4232],[-92.1828,34.4196],[-92.1915,34.4197],[-92.1912,34.4344],[-92.2,34.4346],[-92.1995,34.4383]]]]}},{"type":"Feature","id":"0575170","properties":{"name":"White Hall","land_sqmi":7.06,"lat":34.2723,"lon":-92.0918},"geometry":{"type":"MultiPolygon","coordinates":[[[[-92.1215,34.2912],[-92.1213,34.301],[-92.117,34.3009],[-92.1169,34.3045],[-92.1082,34.3043],[-92.1083,34.2978],[-92.1068,34.2973],[-92.1057,34.2985],[-92.1039,34.2987],[-92.1038,34.2999],[-92.104,34.3006],[-92.0994,34.3005],[-92.0996,34.2932],[-92.096,34.2959],[-92.0947,34.2971],[-92.0887,34.289],[-92.0894,34.2866],[-92.0865,34.2865],[-92.0865,34.2856],[-92.0843,34.2856],[-92.0845,34.2765],[-92.0823,34.2765],[-92.0824,34.2746],[-92.0736,34.2744],[-92.0736,34.2723],[-92.0737,34.2708],[-92.0642,34.2706],[-92.0617,34.2669],[-92.0775,34.2673],[-92.0782,34.2617],[-92.0809,34.2605],[-92.0804,34.26],[-92.0808,34.2597],[-92.087,34.2602],[-92.087,34.2566],[-92.0892,34.2566],[-92.0893,34.2551],[-92.0887,34.2549],[-92.0893,34.253],[-92.0895,34.2439],[-92.0895,34.2415],[-92.0896,34.2401],[-92.0939,34.2442],[-92.0967,34.2459],[-92.1004,34.2459],[-92.1005,34.2477],[-92.1026,34.2487],[-92.1048,34.2487],[-92.1048,34.2482],[-92.1055,34.2488],[-92.1082,34.2487],[-92.1082,34.2497],[-92.1178,34.25],[-92.1177,34.2573],[-92.109,34.2571],[-92.1089,34.2634],[-92.1109,34.2643],[-92.1111,34.268],[-92.1088,34.2679],[-92.1088,34.2698],[-92.1132,34.2699],[-92.1132,34.2688],[-92.1148,34.2688],[-92.1149,34.266],[-92.122,34.269],[-92.1215,34.2912]]]]}},{"type":"Feature","id":"0524700","properties":{"name":"Fountain Lake","land_sqmi":4.25,"lat":34.6117,"lon":-92.9176},"geometry":{"type":"MultiPolygon","coordinates":[[[[-92.9596,34.6003],[-92.9507,34.6002],[-92.9506,34.6037],[-92.9463,34.6036],[-92.9464,34.6012],[-92.9477,34.6013],[-92.9478,34.6001],[-92.9421,34.6002],[-92.9418,34.6109],[-92.9332,34.6106],[-92.9332,34.6117],[-92.9368,34.6114],[-92.9374,34.6116],[-92.9366,34.6143],[-92.9331,34.6141],[-92.9331,34.6169],[-92.9331,34.6182],[-92.9331,34.6214],[-92.9288,34.6212],[-92.9285,34.6255],[-92.9264,34.625],[-92.9261,34.6293],[-92.9264,34.6312],[-92.9243,34.631],[-92.9239,34.6292],[-92.9244,34.6249],[-92.9113,34.6247],[-92.9115,34.621],[-92.9081,34.6209],[-92.9081,34.617],[-92.9057,34.6167],[-92.9057,34.6192],[-92.9044,34.6191],[-92.9044,34.6203],[-92.9057,34.6209],[-92.9025,34.6208],[-92.9026,34.6172],[-92.9007,34.6167],[-92.8995,34.6166],[-92.8999,34.6192],[-92.8982,34.6188],[-92.8965,34.6174],[-92.8954,34.6178],[-92.8942,34.6168],[-92.8848,34.6171],[-92.8845,34.6242],[-92.8757,34.6241],[-92.8757,34.6205],[-92.8759,34.6167],[-92.876,34.6133],[-92.8796,34.6133],[-92.8912,34.6133],[-92.8951,34.6133],[-92.9115,34.6136],[-92.9115,34.6064],[-92.9098,34.6063],[-92.9094,34.6031],[-92.9116,34.6031],[-92.9121,34.5922],[-92.9208,34.5924],[-92.9205,34.5993],[-92.929,34.5993],[-92.929,34.5957],[-92.9377,34.5957],[-92.9378,34.5928],[-92.94,34.5928],[-92.9399,34.5957],[-92.9404,34.5963],[-92.9563,34.5965],[-92.9596,34.5966],[-92.9596,34.6003]]]]}},{"type":"Feature","id":"0512280","properties":{"name":"Cave City","land_sqmi":2.56,"lat":35.949,"lon":-91.5458},"geometry":{"type":"MultiPolygon","coordinates":[[[[-91.5627,35.9568],[-91.5538,35.9566],[-91.5537,35.9604],[-91.5581,35.9604],[-91.558,35.9623],[-91.5502,35.9621],[-91.5502,35.963],[-91.5502,35.964],[-91.5398,35.9635],[-91.5399,35.9595],[-91.5354,35.9597],[-91.5358,35.9451],[-91.5289,35.9448],[-91.5291,35.9412],[-91.536,35.9414],[-91.5361,35.9376],[-91.5362,35.9341],[-91.5486,35.9344],[-91.5589,35.9347],[-91.5589,35.9382],[-91.5582,35.9529],[-91.5628,35.953],[-91.5627,35.9568]]]]}},{"type":"Feature","id":"0567730","properties":{"name":"Sulphur Rock","land_sqmi":1.26,"lat":35.7509,"lon":-91.4978},"geometry":{"type":"MultiPolygon","coordinates":[[[[-91.5131,35.7474],[-91.5092,35.7473],[-91.5091,35.7559],[-91.509,35.7608],[-91.5045,35.7607],[-91.5046,35.7589],[-91.5008,35.7589],[-91.5004,35.7612],[-91.4984,35.7607],[-91.4984,35.7588],[-91.4919,35.7587],[-91.4869,35.7589],[-91.4869,35.7552],[-91.4826,35.7553],[-91.4827,35.7515],[-91.4928,35.7515],[-91.4929,35.7498],[-91.4941,35.7501],[-91.4941,35.7515],[-91.4969,35.7515],[-91.4958,35.7504],[-91.4959,35.7461],[-91.4995,35.7465],[-91.5009,35.7462],[-91.5003,35.7444],[-91.5004,35.7406],[-91.5093,35.7407],[-91.5122,35.7424],[-91.5119,35.745],[-91.5131,35.7474]]]]}},{"type":"Feature","id":"0534150","properties":{"name":"Imboden","land_sqmi":1.27,"lat":36.1975,"lon":-91.1801},"geometry":{"type":"MultiPolygon","coordinates":[[[[-91.2061,36.2055],[-91.1971,36.2054],[-91.1971,36.2044],[-91.1937,36.2056],[-91.1952,36.2067],[-91.1924,36.2085],[-91.1915,36.2078],[-91.1939,36.2062],[-91.192,36.2048],[-91.1881,36.2043],[-91.188,36.2078],[-91.1853,36.2064],[-91.183,36.206],[-91.1779,36.2068],[-91.1755,36.208],[-91.1745,36.2079],[-91.1715,36.2046],[-91.1679,36.2035],[-91.1657,36.2039],[-91.1659,36.2004],[-91.163,36.1987],[-91.1617,36.197],[-91.1585,36.1905],[-91.1539,36.1866],[-91.1627,36.1865],[-91.1633,36.1885],[-91.1686,36.1975],[-91.1704,36.1965],[-91.1725,36.1977],[-91.1767,36.1978],[-91.1757,36.1959],[-91.1766,36.1957],[-91.1775,36.1973],[-91.1823,36.1971],[-91.1849,36.196],[-91.1883,36.1963],[-91.1881,36.2039],[-91.1923,36.2046],[-91.1949,36.2026],[-91.1949,36.2016],[-91.2062,36.2018],[-91.2061,36.2055]]]]}},{"type":"Feature","id":"0563110","properties":{"name":"Sedgwick","land_sqmi":0.52,"lat":35.9745,"lon":-90.8655},"geometry":{"type":"MultiPolygon","coordinates":[[[[-90.8813,35.9699],[-90.8773,35.9699],[-90.8755,35.9708],[-90.869,35.9759],[-90.867,35.9766],[-90.8669,35.9783],[-90.8652,35.9804],[-90.8649,35.9807],[-90.8639,35.9816],[-90.8642,35.9828],[-90.8634,35.9827],[-90.8634,35.9833],[-90.8624,35.9833],[-90.8623,35.9827],[-90.8623,35.9808],[-90.8497,35.972],[-90.852,35.9711],[-90.852,35.9679],[-90.8512,35.9673],[-90.8505,35.9658],[-90.8638,35.9749],[-90.8647,35.975],[-90.8656,35.9726],[-90.8665,35.9731],[-90.8664,35.975],[-90.8676,35.9747],[-90.8742,35.9696],[-90.877,35.9684],[-90.8813,35.9683],[-90.8813,35.9699]]]]}},{"type":"Feature","id":"0572890","properties":{"name":"Walnut Ridge","land_sqmi":16.7,"lat":36.0825,"lon":-90.953},"geometry":{"type":"MultiPolygon","coordinates":[[[[-90.9918,36.0625],[-90.9895,36.062],[-90.985,36.0619],[-90.9849,36.0646],[-90.9804,36.0645],[-90.9804,36.0626],[-90.976,36.0625],[-90.976,36.0635],[-90.9727,36.0662],[-90.9714,36.0661],[-90.9714,36.0642],[-90.9669,36.0675],[-90.9686,36.0686],[-90.9734,36.0687],[-90.9795,36.0648],[-90.9804,36.0647],[-90.9803,36.0669],[-90.9849,36.0671],[-90.9847,36.0755],[-90.9803,36.0753],[-90.9803,36.0777],[-90.9756,36.0776],[-90.9755,36.081],[-90.9752,36.1044],[-90.9653,36.104],[-90.9661,36.1079],[-90.9658,36.1114],[-90.957,36.111],[-90.9568,36.1258],[-90.9437,36.1251],[-90.9436,36.1326],[-90.9333,36.1323],[-90.9329,36.1358],[-90.9213,36.1355],[-90.9187,36.1356],[-90.9188,36.1317],[-90.9142,36.1317],[-90.9144,36.1167],[-90.9213,36.1167],[-90.9215,36.0929],[-90.9219,36.0876],[-90.9218,36.0767],[-90.9219,36.0586],[-90.9302,36.0588],[-90.9397,36.059],[-90.9402,36.0587],[-90.9398,36.0581],[-90.94,36.0489],[-90.9403,36.0332],[-90.9346,36.0292],[-90.9404,36.0296],[-90.9545,36.03],[-90.9722,36.0305],[-90.972,36.0361],[-90.9571,36.0353],[-90.9557,36.0373],[-90.9675,36.0377],[-90.9672,36.0451],[-90.9626,36.045],[-90.9581,36.0449],[-90.9581,36.0456],[-90.958,36.0484],[-90.9579,36.0595],[-90.9674,36.0599],[-90.976,36.0603],[-90.9919,36.0609],[-90.9918,36.0625]]]]}},{"type":"Feature","id":"0547900","properties":{"name":"Mount Pleasant","land_sqmi":3.5,"lat":35.985,"lon":-91.7718},"geometry":{"type":"MultiPolygon","coordinates":[[[[-91.806,36.0124],[-91.7971,36.0124],[-91.7969,36.016],[-91.7924,36.016],[-91.793,36.0014],[-91.7908,36.0014],[-91.7908,35.9977],[-91.7871,35.998],[-91.7872,35.9943],[-91.7857,35.9943],[-91.7858,35.9905],[-91.7791,35.9905],[-91.7792,35.9868],[-91.7783,35.9868],[-91.7784,35.9832],[-91.772,35.9833],[-91.7718,35.9797],[-91.7624,35.9796],[-91.7621,35.9759],[-91.7645,35.976],[-91.7643,35.9723],[-91.7617,35.9723],[-91.7618,35.9705],[-91.7569,35.9704],[-91.7571,35.9668],[-91.7547,35.9667],[-91.7548,35.9649],[-91.7481,35.9649],[-91.748,35.9676],[-91.749,35.9685],[-91.7373,35.9684],[-91.7377,35.9613],[-91.742,35.9605],[-91.7483,35.9605],[-91.7486,35.9539],[-91.7529,35.9539],[-91.7527,35.9576],[-91.7618,35.9576],[-91.7622,35.9596],[-91.772,35.9596],[-91.772,35.9614],[-91.7622,35.9613],[-91.762,35.965],[-91.7718,35.9723],[-91.7719,35.9724],[-91.7829,35.9723],[-91.7828,35.976],[-91.7893,35.9759],[-91.7891,35.9795],[-91.7848,35.9796],[-91.7848,35.9861],[-91.7868,35.9858],[-91.7867,35.9868],[-91.7888,35.9867],[-91.789,35.9831],[-91.8028,35.9832],[-91.8027,35.9868],[-91.7978,35.9868],[-91.7976,35.9941],[-91.8021,35.9942],[-91.8017,36.0088],[-91.8062,36.0088],[-91.806,36.0124]]]]}},{"type":"Feature","id":"0546580","properties":{"name":"Monticello","land_sqmi":10.73,"lat":33.6239,"lon":-91.7813},"geometry":{"type":"MultiPolygon","coordinates":[[[[-91.8264,33.6113],[-91.8232,33.6128],[-91.8163,33.6133],[-91.8163,33.6155],[-91.8176,33.6155],[-91.8176,33.6204],[-91.8089,33.6198],[-91.809,33.6139],[-91.8047,33.6175],[-91.8045,33.6228],[-91.8112,33.6204],[-91.8097,33.6246],[-91.8045,33.6242],[-91.8044,33.6293],[-91.8115,33.6295],[-91.8149,33.6289],[-91.8255,33.6296],[-91.8254,33.634],[-91.8225,33.6335],[-91.8223,33.6448],[-91.8178,33.6447],[-91.818,33.6418],[-91.8171,33.6417],[-91.8173,33.6385],[-91.8086,33.638],[-91.8086,33.6398],[-91.8042,33.6395],[-91.8041,33.6486],[-91.8085,33.6489],[-91.8084,33.6556],[-91.8099,33.6569],[-91.8127,33.657],[-91.8127,33.6583],[-91.8147,33.6584],[-91.8147,33.6594],[-91.8169,33.6596],[-91.8169,33.6611],[-91.8126,33.6613],[-91.8126,33.6637],[-91.8062,33.6633],[-91.8065,33.665],[-91.8083,33.6651],[-91.8083,33.667],[-91.8037,33.6668],[-91.8034,33.6631],[-91.7998,33.6628],[-91.7998,33.6581],[-91.8029,33.6584],[-91.8032,33.6612],[-91.8117,33.6618],[-91.81,33.661],[-91.8098,33.6582],[-91.8086,33.657],[-91.8051,33.6568],[-91.8052,33.6577],[-91.8029,33.6576],[-91.8027,33.6561],[-91.7998,33.6562],[-91.787,33.6553],[-91.787,33.6584],[-91.7828,33.6581],[-91.7828,33.6554],[-91.7772,33.655],[-91.7785,33.6542],[-91.7785,33.6469],[-91.7828,33.6472],[-91.7829,33.6435],[-91.7743,33.643],[-91.7743,33.6394],[-91.7699,33.6392],[-91.7699,33.6375],[-91.7717,33.6361],[-91.7714,33.6341],[-91.7729,33.6341],[-91.7729,33.632],[-91.7656,33.6315],[-91.7621,33.6315],[-91.7622,33.6387],[-91.7492,33.6388],[-91.7492,33.63],[-91.749,33.6243],[-91.7523,33.6242],[-91.7497,33.6216],[-91.749,33.6219],[-91.7463,33.6231],[-91.7448,33.6215],[-91.7448,33.6163],[-91.7419,33.6132],[-91.7361,33.6131],[-91.7361,33.6096],[-91.7393,33.6096],[-91.7459,33.6168],[-91.7489,33.6163],[-91.7489,33.6134],[-91.7532,33.6134],[-91.7533,33.6169],[-91.749,33.6169],[-91.746,33.6169],[-91.749,33.62],[-91.753,33.6242],[-91.7533,33.6205],[-91.7576,33.6205],[-91.7577,33.6224],[-91.7655,33.6224],[-91.7698,33.6227],[-91.7721,33.6228],[-91.7718,33.62],[-91.7717,33.6189],[-91.7719,33.6162],[-91.775,33.6118],[-91.7783,33.6088],[-91.7787,33.6077],[-91.7815,33.6088],[-91.7831,33.6102],[-91.7873,33.6113],[-91.7874,33.6165],[-91.7916,33.6168],[-91.7917,33.6163],[-91.7917,33.6113],[-91.7935,33.6115],[-91.8005,33.6119],[-91.8007,33.5979],[-91.8007,33.593],[-91.8008,33.5842],[-91.8048,33.5837],[-91.8173,33.5844],[-91.818,33.5808],[-91.8202,33.5809],[-91.82,33.5918],[-91.8179,33.5917],[-91.8178,33.5989],[-91.8178,33.6025],[-91.8264,33.603],[-91.8264,33.6113]]]]}},{"type":"Feature","id":"0521820","properties":{"name":"Enola","land_sqmi":2.71,"lat":35.201,"lon":-92.2087},"geometry":{"type":"MultiPolygon","coordinates":[[[[-92.2396,35.1958],[-92.2376,35.1953],[-92.2301,35.1926],[-92.2264,35.1919],[-92.2265,35.1896],[-92.2232,35.1895],[-92.2231,35.1922],[-92.2241,35.1927],[-92.2219,35.193],[-92.222,35.1894],[-92.2178,35.1893],[-92.2176,35.1976],[-92.2132,35.1975],[-92.2132,35.201],[-92.2126,35.2029],[-92.2065,35.2029],[-92.2062,35.2101],[-92.2041,35.21],[-92.2039,35.2136],[-92.2007,35.2136],[-92.2005,35.2172],[-92.1997,35.2185],[-92.1969,35.2208],[-92.1954,35.2208],[-92.1949,35.2197],[-92.1983,35.2166],[-92.1983,35.2121],[-92.1974,35.2099],[-92.1951,35.2098],[-92.1953,35.2043],[-92.1908,35.2043],[-92.1909,35.2006],[-92.1954,35.2007],[-92.1955,35.1972],[-92.1867,35.197],[-92.1822,35.199],[-92.1821,35.2042],[-92.1776,35.2042],[-92.1777,35.1989],[-92.1778,35.1989],[-92.1778,35.1969],[-92.1842,35.1939],[-92.1868,35.1934],[-92.2,35.1937],[-92.2,35.1864],[-92.2025,35.1865],[-92.2026,35.1838],[-92.2056,35.184],[-92.2056,35.1848],[-92.212,35.1849],[-92.2176,35.185],[-92.2178,35.1814],[-92.2225,35.1813],[-92.2312,35.1815],[-92.232,35.1829],[-92.2319,35.1851],[-92.2343,35.1852],[-92.2343,35.1858],[-92.2272,35.1856],[-92.2271,35.188],[-92.2296,35.1881],[-92.2303,35.1889],[-92.2354,35.1919],[-92.2354,35.1926],[-92.2398,35.194],[-92.2396,35.1958]]]]}},{"type":"Feature","id":"0529230","properties":{"name":"Guy","land_sqmi":6.78,"lat":35.3292,"lon":-92.3306},"geometry":{"type":"MultiPolygon","coordinates":[[[[-92.3671,35.3233],[-92.3582,35.3238],[-92.3581,35.3258],[-92.3604,35.3259],[-92.3603,35.3295],[-92.3669,35.3296],[-92.3667,35.3333],[-92.3579,35.3331],[-92.358,35.3315],[-92.3554,35.3315],[-92.3546,35.333],[-92.3544,35.3367],[-92.3644,35.3369],[-92.3642,35.3442],[-92.3664,35.3444],[-92.3664,35.3451],[-92.3648,35.345],[-92.3621,35.3457],[-92.3606,35.3457],[-92.3576,35.3443],[-92.3563,35.3426],[-92.3523,35.3403],[-92.352,35.3437],[-92.3486,35.3439],[-92.3485,35.3472],[-92.349,35.3475],[-92.3491,35.3476],[-92.3513,35.3493],[-92.3499,35.3509],[-92.3483,35.3511],[-92.3477,35.3511],[-92.3477,35.3465],[-92.3476,35.3439],[-92.3398,35.3438],[-92.3393,35.351],[-92.3349,35.3509],[-92.335,35.3473],[-92.3328,35.3472],[-92.3329,35.3436],[-92.3261,35.3435],[-92.3262,35.3399],[-92.3217,35.3398],[-92.3214,35.3439],[-92.3173,35.3438],[-92.3164,35.3449],[-92.3164,35.3438],[-92.315,35.3437],[-92.3151,35.3397],[-92.3152,35.3365],[-92.3196,35.3366],[-92.3197,35.333],[-92.3108,35.3328],[-92.3111,35.3255],[-92.3036,35.3253],[-92.3022,35.3252],[-92.3023,35.3231],[-92.2971,35.3233],[-92.2979,35.3223],[-92.2981,35.3173],[-92.2957,35.3168],[-92.2937,35.3175],[-92.2937,35.3141],[-92.3026,35.3144],[-92.3024,35.318],[-92.3042,35.318],[-92.3059,35.3181],[-92.3112,35.3182],[-92.3113,35.3147],[-92.3114,35.3109],[-92.3158,35.311],[-92.3158,35.3122],[-92.3157,35.3146],[-92.3227,35.3149],[-92.3229,35.3116],[-92.326,35.3117],[-92.3259,35.3143],[-92.3251,35.3161],[-92.3294,35.3162],[-92.3295,35.3143],[-92.3317,35.3144],[-92.3316,35.318],[-92.3338,35.3181],[-92.3341,35.3108],[-92.3378,35.3108],[-92.3377,35.3127],[-92.3407,35.3131],[-92.3407,35.3117],[-92.3473,35.3112],[-92.3462,35.3098],[-92.3408,35.3097],[-92.3409,35.3072],[-92.3498,35.3074],[-92.3496,35.3137],[-92.3524,35.3139],[-92.3586,35.3131],[-92.3586,35.3112],[-92.3676,35.3115],[-92.3671,35.3233]]]]}},{"type":"Feature","id":"0548020","properties":{"name":"Mount Vernon","land_sqmi":1.01,"lat":35.2238,"lon":-92.1239},"geometry":{"type":"MultiPolygon","coordinates":[[[[-92.133,35.2174],[-92.1328,35.229],[-92.1326,35.231],[-92.1294,35.2312],[-92.1261,35.2308],[-92.1148,35.2309],[-92.115,35.2269],[-92.1153,35.2163],[-92.1331,35.2163],[-92.133,35.2174]]]]}},{"type":"Feature","id":"0570540","properties":{"name":"Twin Groves","land_sqmi":4.6,"lat":35.319,"lon":-92.4272},"geometry":{"type":"MultiPolygon","coordinates":[[[[-92.4701,35.3064],[-92.4657,35.3063],[-92.4656,35.3099],[-92.4612,35.3098],[-92.4611,35.3134],[-92.4522,35.3132],[-92.4521,35.3168],[-92.4477,35.3166],[-92.4477,35.3149],[-92.4433,35.3148],[-92.4432,35.3202],[-92.4387,35.3201],[-92.4386,35.3238],[-92.4342,35.3239],[-92.4341,35.3274],[-92.4296,35.3273],[-92.4293,35.331],[-92.4113,35.3307],[-92.411,35.3342],[-92.4066,35.3341],[-92.4067,35.3305],[-92.4022,35.3304],[-92.4019,35.3377],[-92.4018,35.3378],[-92.3975,35.3376],[-92.3975,35.3382],[-92.3975,35.3395],[-92.3841,35.3392],[-92.3844,35.3337],[-92.3887,35.3338],[-92.3888,35.3317],[-92.3889,35.3301],[-92.3911,35.3302],[-92.3933,35.3302],[-92.3934,35.3284],[-92.3978,35.3285],[-92.3979,35.3229],[-92.4024,35.323],[-92.4027,35.3195],[-92.4072,35.3196],[-92.4074,35.316],[-92.403,35.3159],[-92.4035,35.3085],[-92.404,35.3085],[-92.404,35.3085],[-92.4091,35.3087],[-92.4092,35.3086],[-92.4144,35.3087],[-92.4169,35.3088],[-92.4165,35.3125],[-92.421,35.3126],[-92.4213,35.3097],[-92.4213,35.3089],[-92.4257,35.309],[-92.4257,35.3097],[-92.4254,35.3136],[-92.425,35.32],[-92.4266,35.3201],[-92.4297,35.3201],[-92.4299,35.3163],[-92.4344,35.3164],[-92.4345,35.3128],[-92.4306,35.3127],[-92.43,35.3127],[-92.4302,35.3091],[-92.4303,35.309],[-92.4371,35.3092],[-92.4434,35.3094],[-92.4437,35.2984],[-92.4481,35.2985],[-92.448,35.3022],[-92.4524,35.3023],[-92.4524,35.3059],[-92.4568,35.3061],[-92.4569,35.3024],[-92.4613,35.3025],[-92.4615,35.2989],[-92.4659,35.299],[-92.4703,35.2991],[-92.4701,35.3064]]]]}},{"type":"Feature","id":"0509460","properties":{"name":"Bryant","land_sqmi":20.52,"lat":34.6153,"lon":-92.4994},"geometry":{"type":"MultiPolygon","coordinates":[[[[-92.5526,34.6543],[-92.5478,34.6542],[-92.5478,34.6562],[-92.5477,34.6583],[-92.535,34.6579],[-92.5199,34.6576],[-92.5197,34.6612],[-92.5156,34.6611],[-92.5142,34.6606],[-92.5144,34.6575],[-92.4965,34.6573],[-92.4968,34.6506],[-92.4924,34.6514],[-92.4924,34.648],[-92.4881,34.6479],[-92.4882,34.6461],[-92.4921,34.6462],[-92.4923,34.6435],[-92.4934,34.6426],[-92.4927,34.6426],[-92.4929,34.6381],[-92.4913,34.6383],[-92.4866,34.6382],[-92.4865,34.6424],[-92.4796,34.6423],[-92.4794,34.6441],[-92.4818,34.6441],[-92.4817,34.6462],[-92.475,34.645],[-92.4718,34.6437],[-92.4707,34.6435],[-92.4706,34.6456],[-92.4652,34.6454],[-92.4618,34.6452],[-92.4581,34.6452],[-92.4574,34.6457],[-92.4573,34.6488],[-92.4607,34.6488],[-92.4616,34.6497],[-92.4616,34.6502],[-92.4572,34.6502],[-92.457,34.656],[-92.4527,34.656],[-92.4527,34.6524],[-92.4505,34.6524],[-92.4506,34.6514],[-92.4509,34.6453],[-92.4526,34.6449],[-92.4525,34.6432],[-92.4497,34.6426],[-92.4489,34.6426],[-92.4486,34.6393],[-92.4481,34.6379],[-92.4508,34.6379],[-92.4535,34.6368],[-92.4535,34.6359],[-92.4492,34.6358],[-92.4493,34.6306],[-92.4461,34.6294],[-92.4476,34.6277],[-92.4482,34.6271],[-92.4677,34.6128],[-92.4688,34.6128],[-92.4722,34.6129],[-92.4724,34.6094],[-92.4677,34.6092],[-92.4677,34.6055],[-92.4552,34.6052],[-92.4553,34.6017],[-92.4502,34.6016],[-92.4503,34.5995],[-92.4469,34.5995],[-92.4474,34.5907],[-92.4624,34.591],[-92.4627,34.5866],[-92.4649,34.5861],[-92.4642,34.5838],[-92.4655,34.5696],[-92.4655,34.5693],[-92.4779,34.5696],[-92.4871,34.5698],[-92.4955,34.57],[-92.4998,34.5702],[-92.4995,34.5772],[-92.5001,34.5774],[-92.5086,34.5775],[-92.5085,34.5845],[-92.5089,34.5845],[-92.509,34.5847],[-92.509,34.5883],[-92.5102,34.5885],[-92.5134,34.5861],[-92.5175,34.585],[-92.5173,34.5921],[-92.526,34.5922],[-92.5304,34.5922],[-92.5303,34.5942],[-92.5305,34.5984],[-92.5315,34.5995],[-92.5344,34.5996],[-92.5343,34.6014],[-92.5366,34.6015],[-92.5365,34.6032],[-92.5343,34.6032],[-92.5342,34.6041],[-92.5309,34.6055],[-92.5304,34.6071],[-92.5304,34.6073],[-92.5281,34.608],[-92.5277,34.6083],[-92.5276,34.6104],[-92.5266,34.6104],[-92.5266,34.6084],[-92.526,34.6085],[-92.5231,34.6094],[-92.5207,34.6101],[-92.5208,34.6121],[-92.5221,34.6135],[-92.5212,34.6138],[-92.5206,34.6155],[-92.526,34.6157],[-92.5248,34.6176],[-92.5244,34.6275],[-92.5233,34.6284],[-92.5199,34.6284],[-92.5198,34.632],[-92.5153,34.6326],[-92.5152,34.6356],[-92.5214,34.6357],[-92.5212,34.6393],[-92.5194,34.6393],[-92.5193,34.6466],[-92.5148,34.6475],[-92.5147,34.6478],[-92.5146,34.6501],[-92.5205,34.6502],[-92.5238,34.6503],[-92.5367,34.6507],[-92.5369,34.647],[-92.5412,34.6473],[-92.5411,34.6499],[-92.5455,34.65],[-92.5479,34.6509],[-92.5479,34.6523],[-92.5502,34.6523],[-92.5503,34.6505],[-92.5521,34.6505],[-92.5527,34.651],[-92.5526,34.6543]],[[-92.5037,34.5846],[-92.5039,34.581],[-92.5016,34.5811],[-92.5014,34.5846],[-92.5001,34.5846],[-92.4997,34.5918],[-92.5013,34.5918],[-92.5019,34.5903],[-92.5031,34.5926],[-92.5041,34.5914],[-92.5042,34.5895],[-92.5014,34.5894],[-92.5015,34.5882],[-92.5041,34.5883],[-92.503,34.5866],[-92.5043,34.5846],[-92.5037,34.5846]]]]}},{"type":"Feature","id":"0530640","properties":{"name":"Haskell","land_sqmi":4.89,"lat":34.5101,"lon":-92.6434},"geometry":{"type":"MultiPolygon","coordinates":[[[[-92.6653,34.5231],[-92.6649,34.5332],[-92.6626,34.5341],[-92.6615,34.5328],[-92.6628,34.5321],[-92.662,34.531],[-92.6608,34.5317],[-92.6607,34.5332],[-92.6575,34.5338],[-92.654,34.5308],[-92.6532,34.5316],[-92.6532,34.5308],[-92.6494,34.5306],[-92.6482,34.5302],[-92.6476,34.5304],[-92.6452,34.5315],[-92.645,34.5317],[-92.6444,34.5288],[-92.6368,34.528],[-92.6371,34.5268],[-92.6357,34.5244],[-92.6344,34.5243],[-92.6327,34.5231],[-92.6331,34.5217],[-92.6294,34.5214],[-92.6247,34.5219],[-92.6218,34.5206],[-92.6218,34.5168],[-92.6228,34.5154],[-92.6216,34.5153],[-92.6223,34.5007],[-92.6228,34.4928],[-92.625,34.4913],[-92.6251,34.4895],[-92.6273,34.4896],[-92.6274,34.4918],[-92.6317,34.4919],[-92.632,34.486],[-92.6486,34.4865],[-92.6497,34.4865],[-92.6494,34.4937],[-92.6515,34.4937],[-92.6515,34.4956],[-92.6537,34.4956],[-92.6534,34.5017],[-92.6539,34.5037],[-92.6529,34.5036],[-92.6528,34.5052],[-92.6482,34.5052],[-92.648,34.5126],[-92.6446,34.5124],[-92.6446,34.5139],[-92.6462,34.5148],[-92.6467,34.516],[-92.6608,34.5165],[-92.6604,34.5217],[-92.6605,34.5253],[-92.6626,34.5253],[-92.6627,34.5219],[-92.6619,34.5208],[-92.6636,34.5199],[-92.6651,34.5208],[-92.6653,34.5231]],[[-92.6594,34.5223],[-92.6555,34.5246],[-92.6518,34.5276],[-92.6529,34.5285],[-92.6547,34.5277],[-92.6577,34.5245],[-92.6594,34.5223]]]]}},{"type":"Feature","id":"0506610","properties":{"name":"Black Oak","land_sqmi":0.42,"lat":35.8383,"lon":-90.3675},"geometry":{"type":"MultiPolygon","coordinates":[[[[-90.3725,35.8415],[-90.3689,35.8415],[-90.3688,35.847],[-90.3672,35.8469],[-90.3672,35.8414],[-90.3635,35.8413],[-90.3636,35.8359],[-90.3625,35.8322],[-90.3631,35.8322],[-90.3632,35.8296],[-90.3711,35.8299],[-90.3711,35.8361],[-90.3725,35.8361],[-90.3725,35.8415]]]]}},{"type":"Feature","id":"0511920","properties":{"name":"Cash","land_sqmi":0.37,"lat":35.802,"lon":-90.9377},"geometry":{"type":"MultiPolygon","coordinates":[[[[-90.9507,35.7948],[-90.9382,35.7946],[-90.9374,35.7949],[-90.9361,35.7974],[-90.936,35.7997],[-90.935,35.7996],[-90.934,35.802],[-90.933,35.802],[-90.9315,35.805],[-90.9299,35.8063],[-90.9298,35.8097],[-90.927,35.8131],[-90.9238,35.8123],[-90.924,35.8088],[-90.9287,35.8089],[-90.9289,35.8062],[-90.9263,35.8066],[-90.929,35.8033],[-90.9287,35.8019],[-90.9325,35.7954],[-90.9267,35.7953],[-90.9267,35.7942],[-90.9312,35.7943],[-90.9312,35.7937],[-90.9363,35.7938],[-90.9377,35.7908],[-90.9407,35.7908],[-90.9393,35.7912],[-90.9382,35.7926],[-90.9377,35.7944],[-90.9517,35.7947],[-90.9507,35.7948]]]]}},{"type":"Feature","id":"0546400","properties":{"name":"Monette","land_sqmi":5.66,"lat":35.8975,"lon":-90.3391},"geometry":{"type":"MultiPolygon","coordinates":[[[[-90.3729,35.8983],[-90.3704,35.8985],[-90.3548,35.8981],[-90.3551,35.92],[-90.3506,35.9198],[-90.3505,35.9135],[-90.3495,35.9127],[-90.3471,35.9127],[-90.3462,35.9197],[-90.341,35.9197],[-90.3372,35.9195],[-90.3369,35.8989],[-90.334,35.8983],[-90.3324,35.8976],[-90.3256,35.8977],[-90.3256,35.8937],[-90.3053,35.8932],[-90.3053,35.8859],[-90.3097,35.886],[-90.3098,35.875],[-90.3106,35.875],[-90.3105,35.8769],[-90.3119,35.877],[-90.3119,35.875],[-90.3186,35.8752],[-90.3187,35.8862],[-90.3322,35.8866],[-90.3321,35.8828],[-90.3338,35.8829],[-90.348,35.8833],[-90.3479,35.8761],[-90.3502,35.8761],[-90.3568,35.8762],[-90.3622,35.8764],[-90.3622,35.8752],[-90.3626,35.8752],[-90.3626,35.8759],[-90.3636,35.8759],[-90.3636,35.8765],[-90.3725,35.8767],[-90.3729,35.8983]]]]}},{"type":"Feature","id":"0565900","properties":{"name":"Sparkman","land_sqmi":1.29,"lat":33.9183,"lon":-92.8502},"geometry":{"type":"MultiPolygon","coordinates":[[[[-92.8653,33.9213],[-92.8651,33.9213],[-92.8609,33.9212],[-92.8608,33.9241],[-92.8496,33.9239],[-92.8486,33.9244],[-92.8437,33.9243],[-92.8435,33.9285],[-92.8429,33.9285],[-92.843,33.9243],[-92.8351,33.9239],[-92.8394,33.9236],[-92.8395,33.9169],[-92.8376,33.9162],[-92.8396,33.9163],[-92.8396,33.9125],[-92.839,33.909],[-92.857,33.9095],[-92.8579,33.9081],[-92.8577,33.9168],[-92.861,33.9169],[-92.8611,33.916],[-92.8624,33.916],[-92.8623,33.917],[-92.8654,33.9171],[-92.8653,33.9213]]]]}},{"type":"Feature","id":"0545200","properties":{"name":"Menifee","land_sqmi":2.27,"lat":35.1467,"lon":-92.5567},"geometry":{"type":"MultiPolygon","coordinates":[[[[-92.5809,35.153],[-92.572,35.1529],[-92.5718,35.1577],[-92.5675,35.1567],[-92.5674,35.1599],[-92.5451,35.1594],[-92.5454,35.1522],[-92.5408,35.1521],[-92.541,35.1478],[-92.5324,35.1433],[-92.5327,35.1335],[-92.5371,35.1336],[-92.5393,35.1373],[-92.5538,35.1441],[-92.5617,35.1467],[-92.5736,35.1468],[-92.5804,35.1476],[-92.5809,35.153]]]]}},{"type":"Feature","id":"0552430","properties":{"name":"Oppelo","land_sqmi":2.47,"lat":35.0996,"lon":-92.7753},"geometry":{"type":"MultiPolygon","coordinates":[[[[-92.7541,35.1084],[-92.7529,35.1083],[-92.7529,35.1094],[-92.7496,35.1085],[-92.7496,35.1082],[-92.7541,35.1083],[-92.7541,35.1084]]],[[[-92.803,35.1021],[-92.7853,35.1017],[-92.7848,35.1155],[-92.7868,35.1161],[-92.7868,35.1197],[-92.7846,35.1197],[-92.785,35.1088],[-92.7763,35.1086],[-92.7762,35.1159],[-92.7674,35.1157],[-92.7674,35.1121],[-92.7629,35.112],[-92.763,35.1084],[-92.7541,35.1082],[-92.7541,35.1065],[-92.7586,35.1065],[-92.7587,35.1011],[-92.7565,35.101],[-92.7564,35.1036],[-92.752,35.1036],[-92.752,35.1009],[-92.7476,35.1009],[-92.7477,35.099],[-92.7654,35.0994],[-92.7632,35.0984],[-92.7633,35.0939],[-92.7657,35.0939],[-92.7661,35.0794],[-92.7768,35.0796],[-92.7768,35.0833],[-92.7724,35.0832],[-92.7721,35.0977],[-92.7832,35.0979],[-92.7832,35.0943],[-92.7876,35.0944],[-92.7876,35.098],[-92.7897,35.098],[-92.7961,35.0981],[-92.803,35.0953],[-92.803,35.1021]]]]}},{"type":"Feature","id":"0535140","properties":{"name":"Jericho","land_sqmi":0.31,"lat":35.2867,"lon":-90.2295},"geometry":{"type":"MultiPolygon","coordinates":[[[[-90.2367,35.2911],[-90.2276,35.2909],[-90.2276,35.2921],[-90.2222,35.2921],[-90.2222,35.2903],[-90.2276,35.2904],[-90.2278,35.2894],[-90.2257,35.2841],[-90.2257,35.2812],[-90.2279,35.2812],[-90.2278,35.2843],[-90.233,35.2844],[-90.2367,35.285],[-90.2367,35.2911]]]]}},{"type":"Feature","id":"0570430","properties":{"name":"Turrell","land_sqmi":5.35,"lat":35.3776,"lon":-90.2702},"geometry":{"type":"MultiPolygon","coordinates":[[[[-90.2883,35.3656],[-90.288,35.3949],[-90.2819,35.3948],[-90.2818,35.3909],[-90.2757,35.3909],[-90.2748,35.3915],[-90.2519,35.4032],[-90.2525,35.3798],[-90.254,35.3775],[-90.2525,35.3775],[-90.2529,35.3679],[-90.2551,35.3672],[-90.2541,35.3648],[-90.2561,35.3631],[-90.2567,35.3605],[-90.2569,35.3569],[-90.2588,35.3561],[-90.2604,35.3567],[-90.2618,35.3595],[-90.2645,35.3596],[-90.2693,35.3603],[-90.2714,35.3587],[-90.2731,35.3528],[-90.2756,35.352],[-90.2831,35.3531],[-90.2862,35.3553],[-90.2885,35.3561],[-90.2883,35.3656]]]]}},{"type":"Feature","id":"0519990","properties":{"name":"Dumas","land_sqmi":2.91,"lat":33.8817,"lon":-91.4832},"geometry":{"type":"MultiPolygon","coordinates":[[[[-91.5091,33.8917],[-91.5044,33.8915],[-91.5043,33.8945],[-91.5004,33.8944],[-91.5004,33.8913],[-91.4975,33.8943],[-91.4982,33.8955],[-91.4966,33.8955],[-91.4961,33.8951],[-91.4919,33.8969],[-91.4918,33.9012],[-91.4901,33.8992],[-91.4849,33.8991],[-91.4849,33.8979],[-91.4891,33.898],[-91.4874,33.896],[-91.483,33.8969],[-91.4831,33.8907],[-91.4828,33.8908],[-91.4746,33.8907],[-91.4747,33.8859],[-91.4741,33.8843],[-91.4706,33.8843],[-91.4706,33.8828],[-91.463,33.8825],[-91.4615,33.8839],[-91.4615,33.886],[-91.4573,33.885],[-91.4573,33.8824],[-91.4616,33.8825],[-91.4617,33.8753],[-91.4797,33.8759],[-91.479,33.8723],[-91.4813,33.8723],[-91.4806,33.8686],[-91.4794,33.8629],[-91.4862,33.8622],[-91.4879,33.8688],[-91.4894,33.8689],[-91.4902,33.8721],[-91.492,33.8722],[-91.4921,33.8762],[-91.4897,33.8761],[-91.4904,33.8798],[-91.5005,33.8801],[-91.5005,33.8837],[-91.5092,33.884],[-91.5091,33.8917]],[[-91.4894,33.8773],[-91.4832,33.8772],[-91.4832,33.8781],[-91.4846,33.8781],[-91.4846,33.8796],[-91.487,33.8801],[-91.4901,33.8802],[-91.4894,33.8773]],[[-91.4875,33.8688],[-91.4834,33.8687],[-91.4833,33.8722],[-91.4883,33.8724],[-91.4875,33.8688]]]]}},{"type":"Feature","id":"0506340","properties":{"name":"Birdsong","land_sqmi":0.2,"lat":35.4614,"lon":-90.2597},"geometry":{"type":"MultiPolygon","coordinates":[[[[-90.2643,35.4562],[-90.2642,35.4611],[-90.2599,35.461],[-90.2596,35.4672],[-90.2552,35.4671],[-90.2553,35.4624],[-90.2584,35.4625],[-90.2576,35.458],[-90.2598,35.4581],[-90.2598,35.4557],[-90.2643,35.4558],[-90.2643,35.4562]]]]}},{"type":"Feature","id":"0520230","properties":{"name":"Dyess","land_sqmi":0.96,"lat":35.59,"lon":-90.2141},"geometry":{"type":"MultiPolygon","coordinates":[[[[-90.2238,35.59],[-90.2219,35.5923],[-90.2156,35.596],[-90.215,35.5973],[-90.2044,35.5969],[-90.2045,35.5826],[-90.2227,35.5829],[-90.2239,35.5841],[-90.2238,35.59]]]]}},{"type":"Feature","id":"0542170","properties":{"name":"Luxora","land_sqmi":0.85,"lat":35.7587,"lon":-89.9281},"geometry":{"type":"MultiPolygon","coordinates":[[[[-89.937,35.7488],[-89.9349,35.7488],[-89.9348,35.7524],[-89.937,35.7524],[-89.9369,35.756],[-89.9368,35.761],[-89.9324,35.761],[-89.9324,35.7632],[-89.9368,35.7632],[-89.9367,35.7644],[-89.9328,35.7643],[-89.9327,35.7705],[-89.9276,35.7705],[-89.9265,35.7704],[-89.9266,35.7632],[-89.9279,35.7632],[-89.928,35.757],[-89.9192,35.7568],[-89.9192,35.7531],[-89.922,35.7518],[-89.9313,35.7473],[-89.9327,35.7469],[-89.9326,35.7496],[-89.9371,35.7473],[-89.937,35.7488]]]]}},{"type":"Feature","id":"0543820","properties":{"name":"Manila","land_sqmi":3.87,"lat":35.8876,"lon":-90.1718},"geometry":{"type":"MultiPolygon","coordinates":[[[[-90.2022,35.8877],[-90.1976,35.8877],[-90.1953,35.8878],[-90.1926,35.8876],[-90.1918,35.8948],[-90.1918,35.8894],[-90.1895,35.8894],[-90.1895,35.8875],[-90.1845,35.8873],[-90.1852,35.891],[-90.1781,35.891],[-90.1781,35.8947],[-90.1772,35.8947],[-90.1772,35.902],[-90.1772,35.9038],[-90.1818,35.9038],[-90.1818,35.9056],[-90.1772,35.9056],[-90.1771,35.9092],[-90.1768,35.902],[-90.1726,35.902],[-90.1727,35.8983],[-90.1769,35.8984],[-90.1769,35.8951],[-90.1727,35.8951],[-90.1727,35.891],[-90.1757,35.891],[-90.1757,35.8892],[-90.1684,35.8892],[-90.1684,35.891],[-90.1666,35.891],[-90.1666,35.8892],[-90.1605,35.8891],[-90.1603,35.8929],[-90.1674,35.8929],[-90.1684,35.8933],[-90.1685,35.8971],[-90.1638,35.8966],[-90.1638,35.8948],[-90.1599,35.8948],[-90.1593,35.8959],[-90.1592,35.9018],[-90.1415,35.9017],[-90.1417,35.8873],[-90.1549,35.8873],[-90.155,35.8809],[-90.1497,35.8811],[-90.1427,35.8808],[-90.1417,35.88],[-90.1417,35.8792],[-90.1516,35.8792],[-90.1517,35.8764],[-90.1528,35.8764],[-90.1528,35.8792],[-90.155,35.8792],[-90.1537,35.8764],[-90.1551,35.8764],[-90.1551,35.8728],[-90.1546,35.8707],[-90.1512,35.8672],[-90.1519,35.866],[-90.153,35.869],[-90.1717,35.8691],[-90.1711,35.8673],[-90.1743,35.8674],[-90.1742,35.8692],[-90.1775,35.8692],[-90.1819,35.8693],[-90.1819,35.8728],[-90.1864,35.8728],[-90.1864,35.8767],[-90.1818,35.8766],[-90.1818,35.8773],[-90.1795,35.8773],[-90.1795,35.8803],[-90.1864,35.8804],[-90.1863,35.8867],[-90.1952,35.8869],[-90.1952,35.884],[-90.1963,35.8841],[-90.1964,35.8869],[-90.198,35.8869],[-90.198,35.8841],[-90.1997,35.8841],[-90.1998,35.8873],[-90.201,35.8873],[-90.2009,35.8841],[-90.2021,35.8841],[-90.2022,35.8877]],[[-90.1841,35.8873],[-90.1826,35.8875],[-90.1806,35.8861],[-90.1818,35.8873],[-90.1818,35.8887],[-90.1841,35.8887],[-90.1841,35.8873]]]]}},{"type":"Feature","id":"0571900","properties":{"name":"Victoria","land_sqmi":0.32,"lat":35.7582,"lon":-90.0595},"geometry":{"type":"MultiPolygon","coordinates":[[[[-90.0672,35.7585],[-90.0626,35.762],[-90.061,35.7619],[-90.061,35.7603],[-90.0581,35.7593],[-90.0518,35.7592],[-90.0519,35.7565],[-90.0535,35.7565],[-90.0535,35.7545],[-90.0671,35.7545],[-90.0672,35.7585]]]]}},{"type":"Feature","id":"0575920","properties":{"name":"Wilson","land_sqmi":1.05,"lat":35.567,"lon":-90.0432},"geometry":{"type":"MultiPolygon","coordinates":[[[[-90.0566,35.5667],[-90.0486,35.5697],[-90.053,35.5727],[-90.0514,35.5742],[-90.0501,35.5732],[-90.044,35.5753],[-90.0391,35.5771],[-90.0365,35.5744],[-90.0396,35.5702],[-90.0298,35.5592],[-90.0304,35.5589],[-90.0359,35.5571],[-90.0413,35.5569],[-90.0447,35.5578],[-90.0437,35.5604],[-90.0479,35.5629],[-90.0518,35.5617],[-90.0527,35.5636],[-90.0548,35.5629],[-90.0566,35.5667]]]]}},{"type":"Feature","id":"0530400","properties":{"name":"Harrisburg","land_sqmi":2.43,"lat":35.5654,"lon":-90.7218},"geometry":{"type":"MultiPolygon","coordinates":[[[[-90.7338,35.5643],[-90.7317,35.5643],[-90.7317,35.5655],[-90.7272,35.5654],[-90.7271,35.5712],[-90.7271,35.5719],[-90.7272,35.5749],[-90.7317,35.575],[-90.7317,35.582],[-90.7295,35.582],[-90.7295,35.5839],[-90.7272,35.5838],[-90.7272,35.5819],[-90.723,35.5817],[-90.7229,35.5855],[-90.7211,35.5854],[-90.7212,35.5783],[-90.7209,35.5782],[-90.7209,35.5854],[-90.7139,35.585],[-90.7139,35.5793],[-90.717,35.5792],[-90.7171,35.578],[-90.7209,35.5781],[-90.7212,35.5782],[-90.7226,35.5776],[-90.7212,35.577],[-90.7212,35.5746],[-90.7228,35.571],[-90.7209,35.5709],[-90.7097,35.5706],[-90.7099,35.5525],[-90.7147,35.5526],[-90.7157,35.5521],[-90.7172,35.5454],[-90.7212,35.5456],[-90.7213,35.5511],[-90.7216,35.5481],[-90.7216,35.5456],[-90.7316,35.546],[-90.7316,35.5497],[-90.7273,35.5494],[-90.7273,35.5532],[-90.7316,35.5534],[-90.7316,35.557],[-90.7339,35.557],[-90.7338,35.5643]]]]}},{"type":"Feature","id":"0570010","properties":{"name":"Trumann","land_sqmi":5.86,"lat":35.6733,"lon":-90.5251},"geometry":{"type":"MultiPolygon","coordinates":[[[[-90.5623,35.6818],[-90.5579,35.6818],[-90.5579,35.6841],[-90.5529,35.684],[-90.5529,35.6903],[-90.5532,35.6927],[-90.5338,35.693],[-90.5191,35.6931],[-90.5179,35.6909],[-90.5179,35.6858],[-90.5146,35.6857],[-90.5126,35.6858],[-90.4992,35.6856],[-90.4991,35.6716],[-90.4991,35.6643],[-90.4894,35.6642],[-90.4894,35.6618],[-90.4901,35.6618],[-90.4894,35.6614],[-90.4894,35.6578],[-90.4878,35.6578],[-90.4878,35.655],[-90.4907,35.6547],[-90.4906,35.6608],[-90.4953,35.6609],[-90.4949,35.657],[-90.4974,35.657],[-90.4954,35.6536],[-90.5006,35.6537],[-90.5006,35.6567],[-90.5015,35.6567],[-90.5092,35.6639],[-90.5179,35.6641],[-90.5292,35.664],[-90.5292,35.6676],[-90.5359,35.6676],[-90.5403,35.6676],[-90.5403,35.6712],[-90.5501,35.6711],[-90.5502,35.6674],[-90.5511,35.6674],[-90.5515,35.6667],[-90.5522,35.6695],[-90.5525,35.6711],[-90.5528,35.6711],[-90.558,35.671],[-90.558,35.6747],[-90.5624,35.6747],[-90.5623,35.6818]]]]}},{"type":"Feature","id":"0570700","properties":{"name":"Tyronza","land_sqmi":1.56,"lat":35.4847,"lon":-90.3504},"geometry":{"type":"MultiPolygon","coordinates":[[[[-90.3718,35.4912],[-90.3673,35.4912],[-90.3672,35.4978],[-90.3494,35.4977],[-90.3497,35.4829],[-90.3452,35.4829],[-90.3452,35.4813],[-90.3452,35.4779],[-90.3423,35.4769],[-90.3362,35.474],[-90.3362,35.4775],[-90.33,35.4735],[-90.3282,35.4715],[-90.3362,35.4716],[-90.3362,35.4731],[-90.3424,35.4761],[-90.3542,35.4793],[-90.3577,35.4792],[-90.3577,35.4756],[-90.3597,35.4756],[-90.3597,35.4792],[-90.3631,35.4793],[-90.3632,35.482],[-90.3675,35.482],[-90.3674,35.4868],[-90.3686,35.4868],[-90.3726,35.4905],[-90.3718,35.4912]]]]}},{"type":"Feature","id":"0575570","properties":{"name":"Wiederkehr Village","land_sqmi":4.24,"lat":35.48,"lon":-93.7576},"geometry":{"type":"MultiPolygon","coordinates":[[[[-93.7898,35.5065],[-93.7854,35.5064],[-93.7854,35.5074],[-93.7853,35.51],[-93.7765,35.5097],[-93.7766,35.507],[-93.7766,35.5062],[-93.7676,35.5059],[-93.7676,35.5066],[-93.7675,35.5095],[-93.7525,35.5092],[-93.7453,35.5088],[-93.7454,35.5037],[-93.7456,35.4979],[-93.7493,35.498],[-93.7494,35.4962],[-93.7458,35.4957],[-93.7456,35.4966],[-93.7426,35.495],[-93.7434,35.4944],[-93.7434,35.492],[-93.746,35.4918],[-93.7459,35.4943],[-93.7494,35.4944],[-93.7495,35.491],[-93.7548,35.4909],[-93.755,35.4872],[-93.7512,35.4871],[-93.7506,35.4862],[-93.7508,35.4817],[-93.7552,35.4818],[-93.7553,35.4801],[-93.7556,35.4727],[-93.7602,35.4729],[-93.7645,35.473],[-93.7646,35.4694],[-93.7602,35.4693],[-93.7513,35.469],[-93.7515,35.4653],[-93.7492,35.4653],[-93.7494,35.4617],[-93.7427,35.4615],[-93.7383,35.4614],[-93.7386,35.4522],[-93.7341,35.4521],[-93.734,35.4575],[-93.7251,35.4573],[-93.7254,35.4499],[-93.7431,35.4505],[-93.7476,35.4506],[-93.7473,35.4579],[-93.7551,35.4582],[-93.7552,35.4558],[-93.7563,35.4556],[-93.7559,35.4654],[-93.7603,35.4655],[-93.7605,35.462],[-93.7649,35.4621],[-93.7651,35.4585],[-93.7695,35.4586],[-93.7736,35.4587],[-93.7773,35.4661],[-93.7761,35.4661],[-93.7738,35.466],[-93.7737,35.4679],[-93.7736,35.4697],[-93.7691,35.4695],[-93.769,35.4731],[-93.7735,35.4733],[-93.7733,35.4769],[-93.7688,35.4767],[-93.7686,35.4804],[-93.7642,35.4802],[-93.7634,35.4984],[-93.7679,35.4986],[-93.7676,35.5057],[-93.7766,35.506],[-93.7767,35.5024],[-93.79,35.5029],[-93.7898,35.5065]]]]}},{"type":"Feature","id":"0514140","properties":{"name":"Clarksville","land_sqmi":18.22,"lat":35.4602,"lon":-93.4767},"geometry":{"type":"MultiPolygon","coordinates":[[[[-93.5371,35.4354],[-93.5323,35.4352],[-93.5316,35.4336],[-93.5294,35.4336],[-93.5291,35.4505],[-93.5296,35.4518],[-93.533,35.454],[-93.5354,35.4566],[-93.531,35.4589],[-93.5306,35.4627],[-93.5261,35.4626],[-93.5261,35.4644],[-93.5283,35.4644],[-93.5283,35.4662],[-93.5327,35.4664],[-93.5326,35.4694],[-93.5301,35.4693],[-93.5239,35.4664],[-93.5237,35.4698],[-93.5216,35.4697],[-93.5214,35.4737],[-93.5191,35.4736],[-93.5189,35.4806],[-93.5139,35.4805],[-93.5141,35.4769],[-93.5013,35.4766],[-93.5012,35.4802],[-93.5028,35.4808],[-93.5002,35.4813],[-93.5002,35.4802],[-93.4967,35.4801],[-93.4968,35.4764],[-93.4923,35.4763],[-93.4921,35.4836],[-93.5011,35.4838],[-93.501,35.4875],[-93.492,35.4873],[-93.492,35.4884],[-93.4904,35.4897],[-93.4891,35.4934],[-93.4902,35.4952],[-93.4894,35.4973],[-93.4881,35.4966],[-93.4813,35.4914],[-93.4739,35.487],[-93.4737,35.4889],[-93.4736,35.4978],[-93.469,35.4977],[-93.4692,35.4933],[-93.4669,35.4933],[-93.465,35.494],[-93.4647,35.4921],[-93.4603,35.492],[-93.4603,35.4902],[-93.4629,35.4903],[-93.4629,35.4889],[-93.4647,35.4889],[-93.4648,35.4848],[-93.462,35.4847],[-93.462,35.4829],[-93.456,35.4828],[-93.456,35.4792],[-93.4513,35.4791],[-93.4501,35.4791],[-93.4471,35.4791],[-93.4471,35.4808],[-93.4449,35.4808],[-93.4449,35.4771],[-93.45,35.4772],[-93.4501,35.4754],[-93.4427,35.4752],[-93.4428,35.4716],[-93.44,35.4715],[-93.4383,35.4732],[-93.4383,35.4751],[-93.434,35.475],[-93.4339,35.472],[-93.4308,35.4715],[-93.4294,35.4717],[-93.4209,35.4713],[-93.4161,35.4712],[-93.4161,35.4691],[-93.4161,35.4675],[-93.4258,35.4676],[-93.4268,35.4668],[-93.4279,35.4677],[-93.4339,35.4678],[-93.434,35.4623],[-93.4341,35.4578],[-93.4344,35.4424],[-93.4388,35.4424],[-93.4394,35.4327],[-93.443,35.4328],[-93.4463,35.4321],[-93.4568,35.4276],[-93.4614,35.426],[-93.4674,35.4251],[-93.4703,35.425],[-93.4765,35.4242],[-93.4808,35.424],[-93.4824,35.4245],[-93.4815,35.4258],[-93.479,35.4256],[-93.478,35.426],[-93.4774,35.426],[-93.4779,35.4264],[-93.4779,35.4278],[-93.4787,35.4293],[-93.4791,35.4296],[-93.4813,35.4291],[-93.4813,35.4318],[-93.4774,35.4339],[-93.4752,35.4339],[-93.476,35.436],[-93.4782,35.436],[-93.4829,35.4361],[-93.4885,35.4362],[-93.4915,35.4331],[-93.4936,35.4306],[-93.4947,35.4292],[-93.4981,35.4292],[-93.4982,35.4256],[-93.5027,35.4259],[-93.5207,35.4261],[-93.5204,35.4368],[-93.5028,35.4365],[-93.5025,35.4364],[-93.5022,35.4459],[-93.5021,35.451],[-93.5058,35.4511],[-93.5073,35.4513],[-93.5202,35.4513],[-93.5203,35.4495],[-93.5245,35.4495],[-93.5253,35.4258],[-93.5253,35.4226],[-93.5298,35.4227],[-93.5295,35.4261],[-93.5374,35.4263],[-93.5371,35.4354]]]]}},{"type":"Feature","id":"0514500","properties":{"name":"Coal Hill","land_sqmi":2.8,"lat":35.4374,"lon":-93.6661},"geometry":{"type":"MultiPolygon","coordinates":[[[[-93.6951,35.4346],[-93.6884,35.4343],[-93.6883,35.4377],[-93.6823,35.4381],[-93.6816,35.4394],[-93.6813,35.4451],[-93.6725,35.4448],[-93.6723,35.4485],[-93.6634,35.4482],[-93.6635,35.4457],[-93.6629,35.4446],[-93.6591,35.4445],[-93.6587,35.4409],[-93.657,35.4408],[-93.6569,35.4444],[-93.6547,35.4444],[-93.6511,35.4442],[-93.6512,35.4406],[-93.6504,35.4406],[-93.6503,35.4424],[-93.6459,35.4423],[-93.6457,35.4478],[-93.6372,35.4477],[-93.6368,35.4477],[-93.637,35.4439],[-93.6414,35.444],[-93.6416,35.4404],[-93.6394,35.4403],[-93.6395,35.4394],[-93.6372,35.4394],[-93.6374,35.433],[-93.641,35.4331],[-93.655,35.436],[-93.6551,35.4334],[-93.6594,35.4335],[-93.6595,35.4299],[-93.6641,35.43],[-93.6642,35.4264],[-93.682,35.4269],[-93.6819,35.4305],[-93.6863,35.4306],[-93.6863,35.4317],[-93.6908,35.4318],[-93.6916,35.4297],[-93.6918,35.4271],[-93.6954,35.4274],[-93.6951,35.4346]]]]}},{"type":"Feature","id":"0538290","properties":{"name":"Lamar","land_sqmi":4.62,"lat":35.4363,"lon":-93.4042},"geometry":{"type":"MultiPolygon","coordinates":[[[[-93.434,35.4623],[-93.4324,35.4623],[-93.4303,35.4604],[-93.4256,35.4604],[-93.4256,35.462],[-93.4207,35.4587],[-93.4206,35.4584],[-93.4194,35.4575],[-93.4194,35.4603],[-93.418,35.4603],[-93.4229,35.4639],[-93.4257,35.464],[-93.4257,35.466],[-93.4268,35.4668],[-93.4258,35.4676],[-93.4161,35.4675],[-93.4187,35.4663],[-93.4188,35.4639],[-93.4117,35.4638],[-93.4117,35.4638],[-93.4072,35.4634],[-93.4072,35.46],[-93.4028,35.4599],[-93.4027,35.4635],[-93.401,35.4672],[-93.3938,35.4671],[-93.394,35.4562],[-93.3851,35.456],[-93.3843,35.455],[-93.3852,35.4534],[-93.3837,35.4531],[-93.3824,35.455],[-93.3807,35.455],[-93.3806,35.4487],[-93.3763,35.4486],[-93.3764,35.4395],[-93.3742,35.4395],[-93.3743,35.4385],[-93.3765,35.4385],[-93.3769,35.4231],[-93.3813,35.4232],[-93.3816,35.412],[-93.3795,35.4085],[-93.3789,35.4049],[-93.3819,35.405],[-93.3832,35.4074],[-93.384,35.4084],[-93.3862,35.4098],[-93.386,35.4156],[-93.3925,35.4202],[-93.3892,35.4233],[-93.3875,35.4261],[-93.3882,35.4306],[-93.3904,35.4306],[-93.3904,35.4278],[-93.3894,35.4278],[-93.3894,35.4242],[-93.3929,35.4242],[-93.3929,35.4278],[-93.3946,35.4278],[-93.3946,35.4302],[-93.3961,35.4303],[-93.3961,35.4318],[-93.3946,35.4331],[-93.3978,35.4331],[-93.3979,35.4307],[-93.4033,35.4308],[-93.4032,35.4345],[-93.4031,35.4381],[-93.4077,35.4382],[-93.4077,35.4413],[-93.397,35.4416],[-93.4015,35.4467],[-93.4036,35.4484],[-93.4074,35.4504],[-93.4073,35.4527],[-93.4117,35.4528],[-93.4179,35.4566],[-93.4207,35.4566],[-93.4296,35.4568],[-93.4296,35.4577],[-93.4341,35.4578],[-93.434,35.4623]]]]}},{"type":"Feature","id":"0533970","properties":{"name":"Huntsville","land_sqmi":5.4,"lat":36.0986,"lon":-93.7344},"geometry":{"type":"MultiPolygon","coordinates":[[[[-93.7656,36.0829],[-93.7522,36.0827],[-93.752,36.086],[-93.7523,36.0875],[-93.7524,36.0983],[-93.7378,36.098],[-93.7381,36.1017],[-93.7436,36.1018],[-93.7435,36.1054],[-93.739,36.1054],[-93.739,36.1044],[-93.7326,36.1043],[-93.7345,36.1089],[-93.7344,36.1126],[-93.7399,36.1126],[-93.7408,36.1115],[-93.7429,36.1114],[-93.7465,36.1091],[-93.7568,36.1093],[-93.7568,36.113],[-93.7553,36.1129],[-93.7537,36.1151],[-93.7562,36.116],[-93.7613,36.116],[-93.7613,36.1204],[-93.7413,36.1199],[-93.7388,36.1204],[-93.7388,36.1232],[-93.7356,36.1218],[-93.7346,36.1235],[-93.725,36.1232],[-93.7223,36.1217],[-93.7208,36.1201],[-93.7208,36.1188],[-93.7194,36.1176],[-93.7163,36.1175],[-93.7164,36.1157],[-93.7076,36.1154],[-93.7072,36.1139],[-93.7051,36.1144],[-93.7051,36.1121],[-93.7029,36.1125],[-93.7029,36.1113],[-93.703,36.1108],[-93.7036,36.1106],[-93.7067,36.1101],[-93.7094,36.1107],[-93.7115,36.1073],[-93.7132,36.1064],[-93.7133,36.1047],[-93.7165,36.1048],[-93.7176,36.104],[-93.7177,36.1012],[-93.7192,36.0986],[-93.7187,36.0976],[-93.7217,36.0977],[-93.7228,36.0941],[-93.7194,36.094],[-93.7177,36.0917],[-93.7198,36.0904],[-93.7226,36.0905],[-93.7239,36.0893],[-93.7243,36.0869],[-93.7253,36.0869],[-93.7255,36.082],[-93.7211,36.0819],[-93.7213,36.0771],[-93.7234,36.0771],[-93.7253,36.0779],[-93.7257,36.077],[-93.732,36.0772],[-93.7311,36.0754],[-93.7319,36.0749],[-93.7328,36.0785],[-93.7456,36.0789],[-93.7458,36.0747],[-93.7476,36.0748],[-93.7484,36.0738],[-93.7512,36.0754],[-93.766,36.0757],[-93.7656,36.0829]],[[-93.7364,36.1176],[-93.7334,36.1162],[-93.7327,36.1134],[-93.7327,36.1089],[-93.73,36.1088],[-93.7299,36.1125],[-93.7247,36.1123],[-93.7209,36.1135],[-93.7209,36.1158],[-93.7259,36.116],[-93.7264,36.1175],[-93.7252,36.1196],[-93.7304,36.1217],[-93.7345,36.1193],[-93.7364,36.1176]],[[-93.7252,36.0961],[-93.7237,36.0961],[-93.7236,36.0965],[-93.7235,36.0976],[-93.7257,36.0977],[-93.7252,36.0961]]]]}},{"type":"Feature","id":"0567760","properties":{"name":"Sulphur Springs","land_sqmi":1.01,"lat":36.4862,"lon":-94.4591},"geometry":{"type":"MultiPolygon","coordinates":[[[[-94.4709,36.4804],[-94.4672,36.4804],[-94.4672,36.4799],[-94.4665,36.4799],[-94.4665,36.4802],[-94.4665,36.4819],[-94.4675,36.4819],[-94.4675,36.4825],[-94.4677,36.4826],[-94.4676,36.4836],[-94.4677,36.484],[-94.4664,36.484],[-94.4663,36.4877],[-94.4619,36.4876],[-94.4641,36.4902],[-94.4619,36.4881],[-94.4616,36.4949],[-94.4595,36.4948],[-94.4593,36.4967],[-94.4572,36.4967],[-94.4571,36.4994],[-94.4526,36.4994],[-94.4526,36.4967],[-94.451,36.4964],[-94.4519,36.4954],[-94.451,36.4939],[-94.4528,36.4939],[-94.4527,36.4948],[-94.4574,36.4948],[-94.4575,36.4877],[-94.453,36.4876],[-94.4531,36.4838],[-94.4524,36.4838],[-94.4531,36.4832],[-94.4532,36.478],[-94.4507,36.4767],[-94.4472,36.473],[-94.4534,36.4731],[-94.4533,36.476],[-94.4547,36.4746],[-94.4581,36.4741],[-94.4606,36.4746],[-94.4621,36.4767],[-94.4666,36.4768],[-94.471,36.4768],[-94.4709,36.4804]]]]}},{"type":"Feature","id":"0500970","properties":{"name":"Alma","land_sqmi":5.73,"lat":35.4918,"lon":-94.2098},"geometry":{"type":"MultiPolygon","coordinates":[[[[-94.1813,35.5061],[-94.1813,35.5064],[-94.1791,35.5064],[-94.179,35.5056],[-94.1813,35.5056],[-94.1813,35.5061]]],[[[-94.2543,35.4964],[-94.2477,35.4962],[-94.2476,35.499],[-94.2521,35.4991],[-94.2519,35.5037],[-94.2497,35.5036],[-94.2497,35.5018],[-94.2477,35.5017],[-94.2476,35.5009],[-94.2437,35.5008],[-94.2434,35.5013],[-94.2452,35.5011],[-94.2452,35.5035],[-94.2472,35.5036],[-94.2474,35.5071],[-94.2442,35.5071],[-94.243,35.5059],[-94.2436,35.5027],[-94.2429,35.5008],[-94.2401,35.5007],[-94.2387,35.5033],[-94.2347,35.5032],[-94.2345,35.5104],[-94.2334,35.5086],[-94.2301,35.5086],[-94.2301,35.5068],[-94.2257,35.5066],[-94.2257,35.507],[-94.2254,35.507],[-94.2254,35.5072],[-94.2245,35.5072],[-94.2245,35.5081],[-94.2252,35.5086],[-94.2258,35.5086],[-94.2266,35.5117],[-94.2256,35.5104],[-94.2249,35.5106],[-94.2209,35.5065],[-94.2201,35.5093],[-94.2186,35.5111],[-94.2166,35.5122],[-94.2157,35.5139],[-94.2128,35.5162],[-94.2096,35.5179],[-94.2096,35.5202],[-94.2083,35.5207],[-94.207,35.5189],[-94.2064,35.5162],[-94.2081,35.5141],[-94.2054,35.5133],[-94.205,35.5126],[-94.2066,35.5115],[-94.2113,35.5123],[-94.2122,35.5102],[-94.2137,35.5101],[-94.2163,35.5085],[-94.2164,35.5068],[-94.2142,35.5051],[-94.2159,35.5019],[-94.2161,35.4975],[-94.2181,35.4963],[-94.2181,35.4946],[-94.2203,35.4937],[-94.2218,35.4937],[-94.222,35.4919],[-94.2203,35.4913],[-94.2188,35.4929],[-94.2172,35.4928],[-94.2074,35.4948],[-94.2038,35.4952],[-94.2038,35.4931],[-94.2003,35.4929],[-94.1883,35.4916],[-94.1854,35.4916],[-94.1812,35.4923],[-94.1821,35.4953],[-94.1773,35.4965],[-94.1772,35.4969],[-94.1819,35.4977],[-94.1856,35.4994],[-94.1837,35.5019],[-94.177,35.5018],[-94.177,35.5076],[-94.1812,35.5078],[-94.1812,35.5086],[-94.1772,35.5086],[-94.1769,35.509],[-94.1702,35.5088],[-94.1653,35.5012],[-94.1654,35.4968],[-94.1682,35.4965],[-94.1719,35.4956],[-94.1788,35.4928],[-94.181,35.4921],[-94.1849,35.4914],[-94.1892,35.4915],[-94.1896,35.4879],[-94.1962,35.4881],[-94.1966,35.4861],[-94.1974,35.4861],[-94.1986,35.4824],[-94.2037,35.482],[-94.2121,35.4815],[-94.2121,35.4806],[-94.2122,35.4795],[-94.21,35.4796],[-94.2104,35.4786],[-94.2105,35.4774],[-94.2078,35.4773],[-94.208,35.4701],[-94.2124,35.4702],[-94.2166,35.4702],[-94.2155,35.4684],[-94.2125,35.4683],[-94.2126,35.4629],[-94.2172,35.4629],[-94.2171,35.4652],[-94.2147,35.4652],[-94.2147,35.4666],[-94.2171,35.4666],[-94.217,35.4702],[-94.2304,35.4705],[-94.2302,35.4772],[-94.2326,35.4766],[-94.2344,35.4778],[-94.2352,35.4794],[-94.2352,35.4814],[-94.2392,35.4815],[-94.2391,35.4845],[-94.2391,35.4892],[-94.2415,35.4907],[-94.2414,35.4919],[-94.24,35.4925],[-94.2457,35.4926],[-94.2534,35.4927],[-94.2543,35.4939],[-94.2543,35.4964]]]]}},{"type":"Feature","id":"0520200","properties":{"name":"Dyer","land_sqmi":2.94,"lat":35.4955,"lon":-94.1404},"geometry":{"type":"MultiPolygon","coordinates":[[[[-94.1576,35.494],[-94.1551,35.4939],[-94.1548,35.5012],[-94.1503,35.5011],[-94.1501,35.5046],[-94.1435,35.5044],[-94.1435,35.5063],[-94.1412,35.5063],[-94.1411,35.5118],[-94.1322,35.5115],[-94.1321,35.5115],[-94.1322,35.5085],[-94.1324,35.5042],[-94.1257,35.5041],[-94.123,35.504],[-94.1232,35.4998],[-94.1235,35.4908],[-94.1238,35.4822],[-94.1332,35.4825],[-94.1401,35.4829],[-94.1403,35.4793],[-94.1492,35.4798],[-94.1491,35.4836],[-94.1544,35.4838],[-94.1543,35.4858],[-94.149,35.4856],[-94.1488,35.4895],[-94.1578,35.4879],[-94.1576,35.494]]]]}},{"type":"Feature","id":"0547300","properties":{"name":"Mountainburg","land_sqmi":1.47,"lat":35.6381,"lon":-94.1693},"geometry":{"type":"MultiPolygon","coordinates":[[[[-94.1829,35.6166],[-94.1774,35.6244],[-94.1772,35.6323],[-94.1727,35.6322],[-94.1726,35.6359],[-94.1681,35.6358],[-94.1677,35.6463],[-94.1656,35.6475],[-94.1654,35.6496],[-94.1653,35.6537],[-94.1675,35.6537],[-94.1673,35.6611],[-94.1629,35.661],[-94.1629,35.6575],[-94.1607,35.6575],[-94.1608,35.6538],[-94.1586,35.6538],[-94.1587,35.6524],[-94.1572,35.6527],[-94.1556,35.6509],[-94.1577,35.6495],[-94.1572,35.6464],[-94.1588,35.6464],[-94.159,35.6427],[-94.1634,35.6429],[-94.164,35.6247],[-94.1685,35.6248],[-94.1687,35.6176],[-94.1695,35.6176],[-94.1727,35.6177],[-94.1768,35.6178],[-94.1776,35.6178],[-94.1775,35.6194],[-94.1803,35.6151],[-94.1813,35.6159],[-94.1829,35.6166]]]]}},{"type":"Feature","id":"0571480","properties":{"name":"Van Buren","land_sqmi":15.48,"lat":35.4448,"lon":-94.3624},"geometry":{"type":"MultiPolygon","coordinates":[[[[-94.4187,35.4571],[-94.4143,35.457],[-94.4142,35.4626],[-94.4141,35.463],[-94.4141,35.4634],[-94.4075,35.4636],[-94.4096,35.4642],[-94.4096,35.4678],[-94.4051,35.4676],[-94.4049,35.4714],[-94.3976,35.4709],[-94.3956,35.4682],[-94.392,35.4659],[-94.3899,35.4679],[-94.3875,35.4695],[-94.3831,35.4694],[-94.3831,35.4686],[-94.3813,35.4686],[-94.3813,35.4698],[-94.383,35.4701],[-94.3829,35.4738],[-94.3822,35.4738],[-94.3828,35.4743],[-94.3797,35.4778],[-94.3739,35.4778],[-94.3737,35.4796],[-94.3739,35.4802],[-94.3737,35.4812],[-94.3724,35.4812],[-94.3719,35.4813],[-94.3713,35.4812],[-94.3567,35.4807],[-94.356,35.4813],[-94.3559,35.4826],[-94.3514,35.4823],[-94.3514,35.4832],[-94.3559,35.4834],[-94.3559,35.4843],[-94.3522,35.4842],[-94.3522,35.486],[-94.3513,35.486],[-94.3514,35.4841],[-94.3503,35.4841],[-94.3504,35.4812],[-94.3515,35.4812],[-94.3517,35.4732],[-94.3507,35.4732],[-94.3501,35.476],[-94.35,35.4789],[-94.34,35.478],[-94.3371,35.4779],[-94.3372,35.4693],[-94.3417,35.4694],[-94.3418,35.4658],[-94.3374,35.4657],[-94.3374,35.4621],[-94.333,35.462],[-94.3331,35.4603],[-94.3315,35.4597],[-94.3313,35.4601],[-94.3286,35.4601],[-94.3284,35.4674],[-94.3239,35.469],[-94.3238,35.4708],[-94.3194,35.4707],[-94.3195,35.4695],[-94.32,35.4689],[-94.3208,35.4689],[-94.3208,35.4678],[-94.3205,35.4618],[-94.3197,35.4552],[-94.3198,35.4525],[-94.311,35.4524],[-94.3109,35.4537],[-94.3154,35.4535],[-94.3153,35.4558],[-94.3153,35.4568],[-94.3149,35.4579],[-94.3148,35.4575],[-94.313,35.4574],[-94.313,35.4578],[-94.3123,35.4578],[-94.312,35.4568],[-94.3113,35.4569],[-94.3108,35.4578],[-94.3109,35.4563],[-94.3109,35.4541],[-94.3072,35.4541],[-94.3065,35.4522],[-94.3076,35.4504],[-94.3175,35.4507],[-94.3171,35.4495],[-94.3193,35.4498],[-94.32,35.4479],[-94.3202,35.4406],[-94.3194,35.441],[-94.3167,35.442],[-94.3128,35.4424],[-94.3112,35.4433],[-94.3112,35.4423],[-94.3114,35.436],[-94.3094,35.4359],[-94.3093,35.4396],[-94.3069,35.4395],[-94.307,35.4368],[-94.3078,35.4368],[-94.3078,35.4359],[-94.3059,35.4358],[-94.306,35.4323],[-94.3071,35.4323],[-94.3072,35.4286],[-94.3116,35.4287],[-94.3117,35.4253],[-94.3124,35.4254],[-94.3124,35.4251],[-94.3127,35.4251],[-94.3127,35.4245],[-94.3129,35.4245],[-94.3129,35.4242],[-94.3118,35.4242],[-94.3119,35.4214],[-94.312,35.4142],[-94.3209,35.4144],[-94.321,35.4083],[-94.3192,35.4089],[-94.3192,35.4071],[-94.3234,35.4072],[-94.3235,35.4035],[-94.3315,35.4037],[-94.3314,35.4074],[-94.3372,35.4074],[-94.3384,35.4112],[-94.3404,35.4149],[-94.3434,35.4189],[-94.3472,35.4227],[-94.3473,35.4228],[-94.3495,35.4244],[-94.3505,35.425],[-94.3572,35.4285],[-94.3582,35.4291],[-94.3583,35.4291],[-94.3647,35.4329],[-94.3712,35.4371],[-94.3746,35.44],[-94.3806,35.4455],[-94.3838,35.4477],[-94.3868,35.4489],[-94.3909,35.4498],[-94.3962,35.4501],[-94.4024,35.4499],[-94.4071,35.4494],[-94.4103,35.4487],[-94.4101,35.4532],[-94.4189,35.4535],[-94.4187,35.4571]],[[-94.38,35.4705],[-94.3775,35.4714],[-94.3764,35.4708],[-94.3741,35.4715],[-94.3741,35.4721],[-94.3795,35.4722],[-94.38,35.4705]],[[-94.3601,35.4654],[-94.3597,35.4651],[-94.3585,35.4647],[-94.3579,35.4638],[-94.3573,35.4638],[-94.3572,35.4648],[-94.3564,35.4648],[-94.3564,35.4662],[-94.3601,35.4663],[-94.3601,35.4654]],[[-94.3331,35.4583],[-94.3309,35.4583],[-94.3329,35.4592],[-94.3331,35.4592],[-94.3331,35.4583]]]]}},{"type":"Feature","id":"0501210","properties":{"name":"Altus","land_sqmi":1.89,"lat":35.4567,"lon":-93.7686},"geometry":{"type":"MultiPolygon","coordinates":[[[[-93.7892,35.4774],[-93.7877,35.4773],[-93.7834,35.4756],[-93.7832,35.4809],[-93.782,35.4808],[-93.7822,35.4772],[-93.7804,35.4757],[-93.7813,35.4739],[-93.7801,35.4738],[-93.78,35.4771],[-93.7777,35.477],[-93.7781,35.468],[-93.7737,35.4679],[-93.7738,35.466],[-93.7761,35.4661],[-93.7773,35.4661],[-93.7736,35.4587],[-93.7695,35.4586],[-93.7696,35.4568],[-93.7723,35.4569],[-93.7701,35.4525],[-93.769,35.4522],[-93.7689,35.455],[-93.7652,35.4549],[-93.7654,35.4512],[-93.752,35.4508],[-93.7524,35.4399],[-93.748,35.4398],[-93.7482,35.4325],[-93.7661,35.4331],[-93.7705,35.4332],[-93.7703,35.4404],[-93.7747,35.4405],[-93.7746,35.4442],[-93.7729,35.4441],[-93.7701,35.4457],[-93.7699,35.4507],[-93.7711,35.4519],[-93.7739,35.4569],[-93.7742,35.4547],[-93.7783,35.4578],[-93.7784,35.4589],[-93.7754,35.4588],[-93.7753,35.4599],[-93.7784,35.46],[-93.7783,35.4624],[-93.7765,35.4624],[-93.7784,35.4662],[-93.7802,35.4696],[-93.7817,35.4702],[-93.7804,35.472],[-93.7835,35.4735],[-93.7834,35.4747],[-93.7856,35.4756],[-93.7892,35.4759],[-93.7892,35.4774]]]]}},{"type":"Feature","id":"0513300","properties":{"name":"Charleston","land_sqmi":3.83,"lat":35.2946,"lon":-94.0453},"geometry":{"type":"MultiPolygon","coordinates":[[[[-94.0796,35.2953],[-94.0797,35.2955],[-94.0793,35.3013],[-94.0614,35.3011],[-94.061,35.3103],[-94.0566,35.3102],[-94.0567,35.3084],[-94.0544,35.3083],[-94.0545,35.3047],[-94.0412,35.3044],[-94.0391,35.3043],[-94.039,35.3052],[-94.0381,35.3043],[-94.03,35.3042],[-94.0302,35.2999],[-94.0258,35.2998],[-94.0257,35.3006],[-94.0199,35.3005],[-94.0199,35.2985],[-94.0212,35.2986],[-94.0212,35.2968],[-94.0177,35.2967],[-94.0177,35.3005],[-94.011,35.3003],[-94.0113,35.293],[-94.0131,35.2931],[-94.0129,35.2966],[-94.0158,35.2967],[-94.0168,35.2943],[-94.0194,35.2927],[-94.026,35.2931],[-94.0304,35.2938],[-94.0307,35.286],[-94.0352,35.2861],[-94.0353,35.2824],[-94.0442,35.2825],[-94.0443,35.2789],[-94.0532,35.2791],[-94.053,35.2864],[-94.0618,35.2865],[-94.0616,35.2902],[-94.0781,35.2902],[-94.0797,35.2904],[-94.0796,35.2953]]]]}},{"type":"Feature","id":"0507150","properties":{"name":"Blue Eye","land_sqmi":0.07,"lat":36.4964,"lon":-93.3976},"geometry":{"type":"MultiPolygon","coordinates":[[[[-93.4001,36.4987],[-93.3987,36.4987],[-93.3961,36.4987],[-93.3952,36.4986],[-93.3952,36.4986],[-93.3953,36.4946],[-93.3968,36.4952],[-93.3967,36.4946],[-93.3993,36.4946],[-93.4001,36.4942],[-93.4001,36.4987]]]]}},{"type":"Feature","id":"0528600","properties":{"name":"Green Forest","land_sqmi":2.46,"lat":36.3327,"lon":-93.4278},"geometry":{"type":"MultiPolygon","coordinates":[[[[-93.4596,36.3391],[-93.4593,36.342],[-93.4582,36.3419],[-93.4515,36.3408],[-93.4471,36.3394],[-93.4449,36.3393],[-93.4448,36.343],[-93.4361,36.3428],[-93.4223,36.3426],[-93.4224,36.3386],[-93.4045,36.3383],[-93.4047,36.3319],[-93.3958,36.3328],[-93.3959,36.3289],[-93.4004,36.329],[-93.4003,36.3309],[-93.4092,36.3311],[-93.4111,36.3315],[-93.4117,36.3328],[-93.4118,36.3318],[-93.4136,36.3324],[-93.4137,36.3312],[-93.4168,36.3312],[-93.4168,36.3275],[-93.4182,36.3266],[-93.4213,36.3267],[-93.4212,36.328],[-93.4225,36.3276],[-93.4296,36.3279],[-93.4297,36.3224],[-93.432,36.3245],[-93.4362,36.3253],[-93.437,36.3257],[-93.4407,36.3275],[-93.4407,36.3282],[-93.4427,36.3283],[-93.4451,36.3284],[-93.445,36.3298],[-93.4505,36.3327],[-93.4513,36.3343],[-93.4533,36.3349],[-93.4584,36.3354],[-93.4598,36.3359],[-93.4596,36.3391]]]]}},{"type":"Feature","id":"0550810","properties":{"name":"Oak Grove","land_sqmi":2.76,"lat":36.4701,"lon":-93.4281},"geometry":{"type":"MultiPolygon","coordinates":[[[[-93.4429,36.46],[-93.4406,36.46],[-93.4406,36.4673],[-93.4383,36.4672],[-93.438,36.4986],[-93.4334,36.4986],[-93.4336,36.4853],[-93.4313,36.4853],[-93.4314,36.4781],[-93.4269,36.4781],[-93.4269,36.4744],[-93.4132,36.474],[-93.4133,36.4704],[-93.4224,36.4706],[-93.4224,36.467],[-93.4289,36.4671],[-93.4301,36.4635],[-93.431,36.4635],[-93.4315,36.4607],[-93.4323,36.4599],[-93.418,36.4595],[-93.418,36.4632],[-93.4145,36.4631],[-93.4146,36.4594],[-93.4134,36.4594],[-93.4136,36.4485],[-93.4317,36.4489],[-93.4318,36.4416],[-93.4363,36.4416],[-93.4363,36.4453],[-93.4407,36.4454],[-93.4407,36.4527],[-93.4429,36.4527],[-93.4429,36.46]],[[-93.4338,36.4671],[-93.4299,36.4671],[-93.4284,36.4679],[-93.429,36.4707],[-93.4315,36.4715],[-93.4307,36.4762],[-93.4337,36.4762],[-93.4338,36.4671]]]]}},{"type":"Feature","id":"0552970","properties":{"name":"Ozark","land_sqmi":7.93,"lat":35.4963,"lon":-93.8441},"geometry":{"type":"MultiPolygon","coordinates":[[[[-93.8317,35.4813],[-93.825,35.4797],[-93.8211,35.4777],[-93.8183,35.475],[-93.8182,35.4713],[-93.8121,35.4658],[-93.8169,35.466],[-93.8194,35.4689],[-93.8226,35.4711],[-93.8209,35.4734],[-93.8195,35.4749],[-93.8237,35.4783],[-93.8296,35.4807],[-93.8328,35.481],[-93.8317,35.4813]]],[[[-93.8744,35.4974],[-93.8743,35.5026],[-93.8741,35.5107],[-93.8704,35.5106],[-93.8675,35.5106],[-93.8674,35.5126],[-93.8672,35.5158],[-93.8695,35.5161],[-93.8692,35.5213],[-93.8692,35.5234],[-93.8648,35.5232],[-93.8646,35.5245],[-93.8634,35.5269],[-93.8601,35.5268],[-93.8603,35.5231],[-93.8524,35.523],[-93.8502,35.522],[-93.8461,35.5182],[-93.8442,35.5174],[-93.8414,35.517],[-93.838,35.5193],[-93.8353,35.5192],[-93.8326,35.5178],[-93.8293,35.5179],[-93.8293,35.5185],[-93.8248,35.5184],[-93.8248,35.5173],[-93.8224,35.5169],[-93.8183,35.5168],[-93.8156,35.5145],[-93.8125,35.513],[-93.8128,35.5125],[-93.8163,35.513],[-93.8189,35.5122],[-93.819,35.511],[-93.8251,35.5111],[-93.825,35.5147],[-93.8294,35.5149],[-93.8297,35.5076],[-93.8208,35.5074],[-93.8207,35.5092],[-93.8163,35.5091],[-93.8162,35.5109],[-93.8118,35.5108],[-93.8119,35.5057],[-93.8122,35.4999],[-93.8162,35.4999],[-93.8161,35.4965],[-93.8123,35.4964],[-93.8125,35.4927],[-93.808,35.4926],[-93.808,35.4934],[-93.8053,35.4933],[-93.8045,35.4923],[-93.8017,35.493],[-93.8046,35.4906],[-93.8061,35.4905],[-93.8061,35.4889],[-93.8078,35.4889],[-93.8083,35.487],[-93.8127,35.4872],[-93.8129,35.4817],[-93.8183,35.4819],[-93.8194,35.4826],[-93.8215,35.4836],[-93.8236,35.4845],[-93.8292,35.4851],[-93.8369,35.4849],[-93.8432,35.486],[-93.8461,35.4862],[-93.8506,35.486],[-93.8577,35.4842],[-93.8628,35.4813],[-93.8663,35.478],[-93.866,35.4887],[-93.8684,35.4888],[-93.8706,35.4875],[-93.8722,35.4877],[-93.8723,35.4896],[-93.8705,35.4896],[-93.8705,35.4943],[-93.8744,35.4944],[-93.8744,35.4974]],[[-93.863,35.5122],[-93.8607,35.5122],[-93.8609,35.5086],[-93.8506,35.5083],[-93.8506,35.5064],[-93.8483,35.5064],[-93.848,35.5097],[-93.8475,35.5094],[-93.8473,35.5118],[-93.8504,35.5119],[-93.8563,35.5121],[-93.8561,35.5157],[-93.8524,35.5156],[-93.8383,35.5152],[-93.8383,35.5161],[-93.843,35.5158],[-93.8464,35.5168],[-93.8491,35.5188],[-93.8502,35.5184],[-93.8542,35.5198],[-93.8537,35.5211],[-93.8604,35.5205],[-93.8612,35.5188],[-93.8613,35.5166],[-93.8605,35.5168],[-93.8606,35.5158],[-93.8628,35.5159],[-93.863,35.5122]]],[[[-93.8794,35.4873],[-93.875,35.4872],[-93.8749,35.4908],[-93.8727,35.4907],[-93.8728,35.4871],[-93.8718,35.487],[-93.8714,35.4844],[-93.8743,35.485],[-93.8795,35.4852],[-93.8794,35.4873]]],[[[-93.8862,35.4838],[-93.8841,35.4837],[-93.8833,35.4837],[-93.8818,35.4837],[-93.8752,35.4834],[-93.8752,35.4825],[-93.8753,35.4804],[-93.8775,35.4799],[-93.8778,35.4727],[-93.88,35.4727],[-93.8799,35.4748],[-93.8844,35.4749],[-93.8843,35.4764],[-93.8821,35.4764],[-93.8819,35.48],[-93.8842,35.48],[-93.8864,35.4802],[-93.8862,35.4838]]]]}},{"type":"Feature","id":"0502590","properties":{"name":"Atkins","land_sqmi":6.13,"lat":35.2427,"lon":-92.9563},"geometry":{"type":"MultiPolygon","coordinates":[[[[-92.9873,35.2453],[-92.959,35.2448],[-92.9564,35.2449],[-92.9516,35.2458],[-92.9516,35.2468],[-92.9515,35.2538],[-92.9473,35.2537],[-92.947,35.2537],[-92.9462,35.2537],[-92.9427,35.2537],[-92.9426,35.2571],[-92.9425,35.2682],[-92.9355,35.2681],[-92.9249,35.2681],[-92.9252,35.2417],[-92.9254,35.2245],[-92.9298,35.2245],[-92.93,35.2172],[-92.9435,35.2176],[-92.9433,35.2184],[-92.9431,35.2247],[-92.9519,35.2248],[-92.9518,35.232],[-92.9612,35.2321],[-92.9612,35.2322],[-92.9876,35.2327],[-92.9873,35.2453]]]]}},{"type":"Feature","id":"0519600","properties":{"name":"Dover","land_sqmi":2.83,"lat":35.3845,"lon":-93.1113},"geometry":{"type":"MultiPolygon","coordinates":[[[[-93.1273,35.3586],[-93.1228,35.3585],[-93.1228,35.3605],[-93.1226,35.3696],[-93.1165,35.3696],[-93.1164,35.3729],[-93.1181,35.3729],[-93.1179,35.3795],[-93.1168,35.3795],[-93.1167,35.3832],[-93.1134,35.3831],[-93.1133,35.3868],[-93.1177,35.3868],[-93.1176,35.3904],[-93.1148,35.3904],[-93.1148,35.3937],[-93.1176,35.3941],[-93.1176,35.395],[-93.1265,35.3952],[-93.1262,35.4062],[-93.1262,35.4088],[-93.1239,35.4087],[-93.1239,35.4097],[-93.1217,35.4096],[-93.1216,35.416],[-93.1207,35.4169],[-93.1171,35.4177],[-93.1173,35.4095],[-93.0997,35.4092],[-93.0996,35.4119],[-93.0952,35.4119],[-93.0952,35.4105],[-93.0997,35.4084],[-93.0998,35.3956],[-93.0995,35.3955],[-93.0995,35.3938],[-93.1087,35.394],[-93.1089,35.3867],[-93.1101,35.3867],[-93.1104,35.3764],[-93.1136,35.3764],[-93.1137,35.3728],[-93.1093,35.3727],[-93.1094,35.3655],[-93.1172,35.3656],[-93.1183,35.3637],[-93.1184,35.3603],[-93.1211,35.3597],[-93.1211,35.3584],[-93.1184,35.3584],[-93.1184,35.356],[-93.1211,35.3561],[-93.1213,35.3512],[-93.123,35.3512],[-93.1274,35.3513],[-93.1273,35.3586]]]]}},{"type":"Feature","id":"0562240","properties":{"name":"Salesville","land_sqmi":4.51,"lat":36.2388,"lon":-92.2739},"geometry":{"type":"MultiPolygon","coordinates":[[[[-92.2972,36.2576],[-92.2791,36.2568],[-92.2792,36.2531],[-92.2656,36.2528],[-92.2656,36.249],[-92.2609,36.2489],[-92.2609,36.2526],[-92.2515,36.2522],[-92.2516,36.2477],[-92.25,36.246],[-92.2514,36.2458],[-92.2517,36.2452],[-92.2517,36.245],[-92.2522,36.245],[-92.254,36.2442],[-92.2538,36.2411],[-92.255,36.2391],[-92.2555,36.236],[-92.2567,36.2343],[-92.2559,36.2334],[-92.2567,36.23],[-92.2579,36.2321],[-92.2569,36.2287],[-92.2578,36.2245],[-92.2597,36.223],[-92.2619,36.2229],[-92.2619,36.2253],[-92.264,36.2253],[-92.2639,36.2262],[-92.2639,36.2288],[-92.2662,36.2289],[-92.2662,36.2298],[-92.2685,36.2299],[-92.2685,36.2307],[-92.2753,36.231],[-92.2753,36.2277],[-92.2798,36.2275],[-92.2799,36.224],[-92.2844,36.2239],[-92.2844,36.2201],[-92.286,36.224],[-92.2885,36.2255],[-92.2904,36.2276],[-92.2923,36.2284],[-92.2955,36.229],[-92.2979,36.2303],[-92.2972,36.2576]]]]}},{"type":"Feature","id":"0577330","properties":{"name":"Yellville","land_sqmi":2.48,"lat":36.2288,"lon":-92.6881},"geometry":{"type":"MultiPolygon","coordinates":[[[[-92.6809,36.2422],[-92.6808,36.2436],[-92.6798,36.2435],[-92.6799,36.2418],[-92.6805,36.2418],[-92.6809,36.2418],[-92.6809,36.2422]]],[[[-92.7071,36.2434],[-92.7042,36.2443],[-92.7025,36.2456],[-92.7016,36.2463],[-92.6999,36.2462],[-92.6905,36.2459],[-92.6865,36.2457],[-92.6865,36.2448],[-92.6866,36.2436],[-92.6866,36.242],[-92.6809,36.2418],[-92.6808,36.2365],[-92.682,36.2365],[-92.6822,36.2329],[-92.6733,36.2327],[-92.6735,36.2184],[-92.6711,36.2184],[-92.6691,36.2184],[-92.6691,36.2168],[-92.67,36.216],[-92.6704,36.2136],[-92.675,36.2114],[-92.6905,36.2113],[-92.6902,36.2224],[-92.6912,36.2222],[-92.6911,36.2258],[-92.6903,36.2311],[-92.6947,36.231],[-92.6948,36.2317],[-92.6972,36.2333],[-92.7017,36.2369],[-92.7021,36.2383],[-92.7057,36.2428],[-92.7071,36.2434]]]]}},{"type":"Feature","id":"0523680","properties":{"name":"Fifty-Six","land_sqmi":2.07,"lat":35.9655,"lon":-92.2283},"geometry":{"type":"MultiPolygon","coordinates":[[[[-92.2483,35.9768],[-92.2441,35.9766],[-92.244,35.9838],[-92.2394,35.9837],[-92.2396,35.9803],[-92.235,35.98],[-92.2354,35.9728],[-92.2308,35.9727],[-92.2305,35.9655],[-92.226,35.9654],[-92.2259,35.9618],[-92.217,35.9616],[-92.2169,35.9579],[-92.208,35.9579],[-92.208,35.9544],[-92.2125,35.9544],[-92.2125,35.9508],[-92.2167,35.9508],[-92.2169,35.9473],[-92.2336,35.9474],[-92.2335,35.9547],[-92.2393,35.9548],[-92.2393,35.9584],[-92.2346,35.9583],[-92.235,35.9655],[-92.2395,35.9656],[-92.2399,35.9695],[-92.2486,35.9698],[-92.2483,35.9768]]]]}},{"type":"Feature","id":"0538050","properties":{"name":"Lakeview","land_sqmi":1.04,"lat":36.3762,"lon":-92.5394},"geometry":{"type":"MultiPolygon","coordinates":[[[[-92.5584,36.367],[-92.5515,36.3669],[-92.5512,36.3724],[-92.5468,36.3722],[-92.5424,36.3707],[-92.5423,36.3749],[-92.5401,36.3748],[-92.54,36.3794],[-92.5392,36.38],[-92.5377,36.383],[-92.5335,36.3831],[-92.5332,36.3793],[-92.531,36.3793],[-92.531,36.3811],[-92.5289,36.3812],[-92.529,36.387],[-92.528,36.3871],[-92.5276,36.389],[-92.5249,36.3892],[-92.5249,36.3874],[-92.5203,36.3872],[-92.5203,36.3854],[-92.5245,36.3835],[-92.5274,36.3802],[-92.5289,36.3802],[-92.5289,36.3718],[-92.5323,36.3719],[-92.5333,36.3728],[-92.5333,36.3768],[-92.5371,36.375],[-92.5396,36.3722],[-92.5334,36.3719],[-92.5334,36.3683],[-92.5379,36.3684],[-92.5381,36.3648],[-92.5516,36.3651],[-92.5516,36.3633],[-92.5586,36.3634],[-92.5584,36.367]]]]}},{"type":"Feature","id":"0547390","properties":{"name":"Mountain Home","land_sqmi":11.97,"lat":36.3385,"lon":-92.3825},"geometry":{"type":"MultiPolygon","coordinates":[[[[-92.3973,36.3677],[-92.3927,36.3676],[-92.3928,36.3657],[-92.3974,36.3658],[-92.3973,36.3677]]],[[[-92.4396,36.3301],[-92.4307,36.3299],[-92.4308,36.3262],[-92.4264,36.3261],[-92.4126,36.3258],[-92.4124,36.3295],[-92.4079,36.3294],[-92.4078,36.333],[-92.4045,36.333],[-92.4044,36.3348],[-92.4032,36.3348],[-92.4031,36.3402],[-92.4077,36.3403],[-92.4077,36.3367],[-92.4122,36.3368],[-92.4119,36.3441],[-92.4108,36.3441],[-92.4106,36.3488],[-92.4102,36.3495],[-92.4087,36.3496],[-92.4088,36.3473],[-92.4073,36.3473],[-92.4075,36.343],[-92.4055,36.3429],[-92.4052,36.3511],[-92.404,36.3514],[-92.3999,36.351],[-92.4004,36.3515],[-92.4003,36.3536],[-92.4011,36.3536],[-92.401,36.3548],[-92.3999,36.3548],[-92.3999,36.3568],[-92.3994,36.3585],[-92.3976,36.3585],[-92.3975,36.3622],[-92.3962,36.3621],[-92.3962,36.3629],[-92.3929,36.3629],[-92.3928,36.3657],[-92.3888,36.3657],[-92.3888,36.3675],[-92.3859,36.3671],[-92.3855,36.3644],[-92.3838,36.3644],[-92.3838,36.3633],[-92.3814,36.3654],[-92.3791,36.3651],[-92.3792,36.3617],[-92.3838,36.3618],[-92.3839,36.3526],[-92.3826,36.3526],[-92.3826,36.3545],[-92.3752,36.3543],[-92.3737,36.3551],[-92.3749,36.356],[-92.3748,36.3579],[-92.3612,36.3577],[-92.3614,36.3543],[-92.3601,36.3538],[-92.3607,36.3523],[-92.3588,36.3529],[-92.3595,36.3542],[-92.3577,36.3546],[-92.3569,36.3541],[-92.3567,36.3576],[-92.3556,36.3576],[-92.3557,36.356],[-92.354,36.3556],[-92.354,36.3549],[-92.3519,36.3553],[-92.3521,36.3612],[-92.3514,36.3612],[-92.3477,36.3609],[-92.3477,36.3573],[-92.3463,36.3574],[-92.3464,36.3584],[-92.3454,36.3584],[-92.3452,36.3598],[-92.3454,36.3602],[-92.3448,36.3602],[-92.3443,36.3592],[-92.3443,36.3585],[-92.3433,36.3585],[-92.3433,36.3576],[-92.3412,36.3577],[-92.3404,36.361],[-92.3386,36.361],[-92.3385,36.3643],[-92.334,36.3643],[-92.3341,36.3615],[-92.3344,36.3612],[-92.3342,36.3606],[-92.3342,36.3572],[-92.3285,36.3572],[-92.3251,36.3571],[-92.326,36.3534],[-92.331,36.3535],[-92.3298,36.3528],[-92.33,36.3499],[-92.336,36.35],[-92.3381,36.3503],[-92.3391,36.35],[-92.3393,36.3464],[-92.3401,36.3429],[-92.3439,36.343],[-92.3438,36.345],[-92.3452,36.3451],[-92.3453,36.3443],[-92.3484,36.3445],[-92.3485,36.3432],[-92.3507,36.3433],[-92.351,36.3359],[-92.357,36.336],[-92.3571,36.3342],[-92.3592,36.3321],[-92.3581,36.3301],[-92.3582,36.3276],[-92.355,36.3275],[-92.355,36.325],[-92.3583,36.325],[-92.3583,36.3261],[-92.3619,36.3262],[-92.3624,36.3251],[-92.3606,36.3251],[-92.3606,36.3232],[-92.3653,36.32],[-92.3652,36.3215],[-92.3719,36.3216],[-92.372,36.3189],[-92.3705,36.3181],[-92.3684,36.3179],[-92.3672,36.3179],[-92.3647,36.3198],[-92.3625,36.3212],[-92.3625,36.3184],[-92.3647,36.3179],[-92.3505,36.3176],[-92.3506,36.3163],[-92.3472,36.31],[-92.3633,36.3104],[-92.3632,36.3141],[-92.3794,36.3144],[-92.3826,36.3138],[-92.3855,36.3147],[-92.3875,36.3139],[-92.3893,36.3145],[-92.3899,36.3136],[-92.3906,36.3108],[-92.4067,36.3109],[-92.4075,36.31],[-92.4088,36.311],[-92.4133,36.3111],[-92.4155,36.3102],[-92.4157,36.3101],[-92.4179,36.3098],[-92.4178,36.3102],[-92.4178,36.3109],[-92.4176,36.3109],[-92.4164,36.3142],[-92.4177,36.3149],[-92.4263,36.3151],[-92.4268,36.313],[-92.4277,36.3101],[-92.4359,36.3093],[-92.4355,36.319],[-92.4354,36.3226],[-92.4398,36.3228],[-92.4396,36.3301]],[[-92.3869,36.3154],[-92.3859,36.3155],[-92.3858,36.3171],[-92.3822,36.3199],[-92.3824,36.3199],[-92.3828,36.3196],[-92.3868,36.3166],[-92.3869,36.3154]],[[-92.3752,36.3524],[-92.3724,36.3523],[-92.3723,36.3537],[-92.3745,36.3538],[-92.3752,36.3541],[-92.3752,36.3524]],[[-92.3703,36.3531],[-92.3703,36.3521],[-92.3687,36.3524],[-92.3685,36.3537],[-92.371,36.3537],[-92.3703,36.3531]],[[-92.3525,36.3523],[-92.3481,36.3521],[-92.3483,36.3467],[-92.3449,36.3466],[-92.3438,36.3474],[-92.3419,36.3485],[-92.3418,36.3503],[-92.3426,36.3549],[-92.3447,36.3538],[-92.3524,36.354],[-92.3525,36.3523]]]]}},{"type":"Feature","id":"0508950","properties":{"name":"Brinkley","land_sqmi":5.69,"lat":34.8924,"lon":-91.1928},"geometry":{"type":"MultiPolygon","coordinates":[[[[-91.2231,34.9062],[-91.2143,34.9081],[-91.2141,34.9115],[-91.2133,34.9115],[-91.2098,34.9115],[-91.2073,34.9114],[-91.2055,34.9116],[-91.2054,34.9158],[-91.2051,34.926],[-91.1981,34.9259],[-91.1907,34.9258],[-91.1909,34.9112],[-91.1759,34.9109],[-91.1811,34.9099],[-91.1878,34.9093],[-91.1909,34.9097],[-91.1909,34.9092],[-91.191,34.9037],[-91.1868,34.9036],[-91.1869,34.8964],[-91.178,34.8963],[-91.1747,34.8886],[-91.1735,34.8871],[-91.1717,34.8872],[-91.1708,34.8874],[-91.169,34.8882],[-91.1679,34.8891],[-91.1661,34.8891],[-91.1662,34.8816],[-91.1625,34.8814],[-91.1627,34.8671],[-91.1713,34.8671],[-91.1711,34.8743],[-91.1761,34.8743],[-91.1876,34.8745],[-91.1878,34.8674],[-91.1817,34.8672],[-91.1802,34.8665],[-91.1804,34.86],[-91.1809,34.859],[-91.1815,34.8588],[-91.1849,34.8601],[-91.1892,34.8601],[-91.19,34.8601],[-91.1913,34.8603],[-91.1921,34.8613],[-91.2051,34.8667],[-91.2066,34.866],[-91.2063,34.8676],[-91.2021,34.8706],[-91.2017,34.882],[-91.2061,34.8821],[-91.2061,34.8834],[-91.206,34.8843],[-91.2017,34.8856],[-91.2013,34.9028],[-91.2028,34.9022],[-91.2028,34.904],[-91.2056,34.904],[-91.2056,34.9056],[-91.21,34.9057],[-91.21,34.904],[-91.2231,34.9043],[-91.2231,34.9062]]]]}},{"type":"Feature","id":"0560380","properties":{"name":"Roe","land_sqmi":0.18,"lat":34.6316,"lon":-91.3859},"geometry":{"type":"MultiPolygon","coordinates":[[[[-91.3894,34.6335],[-91.3861,34.6334],[-91.3846,34.637],[-91.3836,34.637],[-91.3838,34.6307],[-91.3823,34.6306],[-91.3838,34.6297],[-91.3838,34.6262],[-91.3874,34.6262],[-91.3874,34.6283],[-91.3895,34.6289],[-91.3894,34.6335]]]]}},{"type":"Feature","id":"0572140","properties":{"name":"Viola","land_sqmi":1.57,"lat":36.3985,"lon":-91.9861},"geometry":{"type":"MultiPolygon","coordinates":[[[[-92.006,36.3949],[-92.0015,36.3947],[-92.0013,36.4002],[-91.9922,36.4],[-91.9862,36.4004],[-91.9858,36.4114],[-91.9826,36.4113],[-91.9813,36.4113],[-91.9816,36.404],[-91.9794,36.404],[-91.9794,36.402],[-91.966,36.4021],[-91.9662,36.3966],[-91.9751,36.3966],[-91.9752,36.3948],[-91.9797,36.3948],[-91.9801,36.3867],[-91.9799,36.3857],[-91.9837,36.3857],[-91.9843,36.3894],[-91.9927,36.3896],[-92.0017,36.3893],[-92.0016,36.3911],[-92.0061,36.3912],[-92.006,36.3949]]]]}},{"type":"Feature","id":"0521190","properties":{"name":"Elkins","land_sqmi":3.87,"lat":36.0162,"lon":-94.0291},"geometry":{"type":"MultiPolygon","coordinates":[[[[-94.0554,36.0343],[-94.0525,36.0354],[-94.0481,36.0332],[-94.0479,36.0385],[-94.0496,36.0388],[-94.0496,36.0413],[-94.0456,36.042],[-94.0433,36.042],[-94.0434,36.0386],[-94.0422,36.0386],[-94.0422,36.0417],[-94.0398,36.041],[-94.0399,36.036],[-94.0369,36.0345],[-94.0302,36.0344],[-94.0301,36.0326],[-94.0258,36.0325],[-94.0258,36.0307],[-94.018,36.0306],[-94.0185,36.0268],[-94.0168,36.0247],[-94.0153,36.0238],[-94.0147,36.0246],[-94.006,36.0158],[-94.0064,36.0043],[-94.0029,36.0041],[-94.0033,36.0036],[-94.0044,36.0026],[-94.0043,36.0003],[-94.0065,35.9997],[-94.0068,35.9928],[-94.0083,35.9928],[-94.0088,35.9941],[-94.0096,35.9923],[-94.0134,35.9923],[-94.0135,35.9905],[-94.018,35.9906],[-94.0179,35.9924],[-94.0223,35.9925],[-94.0222,35.9942],[-94.0178,35.9942],[-94.0134,35.995],[-94.0133,35.9977],[-94.0172,35.9978],[-94.0173,35.9955],[-94.0198,35.996],[-94.0203,35.9979],[-94.0194,35.9989],[-94.0255,35.9954],[-94.0254,36.0016],[-94.0207,36.0015],[-94.0228,36.0043],[-94.0264,36.0045],[-94.0273,36.0057],[-94.0272,36.009],[-94.0309,36.0091],[-94.0308,36.0109],[-94.0267,36.0108],[-94.027,36.0146],[-94.0286,36.0175],[-94.0296,36.0214],[-94.0306,36.0222],[-94.0307,36.0163],[-94.0397,36.0165],[-94.0396,36.0201],[-94.0325,36.02],[-94.0323,36.0223],[-94.0349,36.0236],[-94.0378,36.0238],[-94.0438,36.0238],[-94.0438,36.026],[-94.0483,36.0266],[-94.0532,36.0264],[-94.0524,36.0297],[-94.0539,36.0298],[-94.0522,36.0312],[-94.0526,36.0313],[-94.0526,36.0324],[-94.0554,36.0343]]]]}},{"type":"Feature","id":"0518520","properties":{"name":"Dermott","land_sqmi":3.42,"lat":33.5287,"lon":-91.4178},"geometry":{"type":"MultiPolygon","coordinates":[[[[-91.4542,33.5246],[-91.4539,33.5339],[-91.4446,33.5338],[-91.4444,33.541],[-91.4444,33.5413],[-91.4357,33.5411],[-91.4357,33.5463],[-91.4321,33.5421],[-91.4298,33.5412],[-91.427,33.5412],[-91.4274,33.5302],[-91.4223,33.5302],[-91.42,33.5308],[-91.4201,33.53],[-91.4063,33.5311],[-91.4035,33.5335],[-91.3918,33.5409],[-91.3878,33.5445],[-91.3859,33.5487],[-91.3848,33.5486],[-91.3843,33.5509],[-91.3834,33.5487],[-91.3813,33.5449],[-91.3848,33.545],[-91.3875,33.5415],[-91.3894,33.5399],[-91.409,33.5275],[-91.4101,33.5281],[-91.4118,33.5288],[-91.4127,33.5296],[-91.4201,33.5291],[-91.4204,33.5216],[-91.4205,33.5192],[-91.4143,33.5195],[-91.4118,33.5192],[-91.4119,33.5161],[-91.4142,33.5165],[-91.4227,33.5167],[-91.4229,33.5135],[-91.4252,33.5135],[-91.4249,33.5188],[-91.4289,33.5187],[-91.429,33.5162],[-91.4291,33.5134],[-91.4322,33.5135],[-91.4364,33.5137],[-91.4365,33.5101],[-91.4379,33.5101],[-91.4379,33.5064],[-91.4465,33.5066],[-91.4465,33.509],[-91.4388,33.5089],[-91.4394,33.5102],[-91.4394,33.5138],[-91.4465,33.5139],[-91.4465,33.5192],[-91.4536,33.5192],[-91.4544,33.5205],[-91.4542,33.5246]]]]}},{"type":"Feature","id":"0527670","properties":{"name":"Goshen","land_sqmi":11.31,"lat":36.1026,"lon":-94.0047},"geometry":{"type":"MultiPolygon","coordinates":[[[[-93.9692,36.084],[-93.9621,36.0837],[-93.962,36.0871],[-93.962,36.0874],[-93.9611,36.0873],[-93.9531,36.0872],[-93.9533,36.0799],[-93.9622,36.0801],[-93.9629,36.0778],[-93.9691,36.0817],[-93.9692,36.084]]],[[[-94.056,36.1022],[-94.056,36.1041],[-94.0515,36.104],[-94.0515,36.1077],[-94.0512,36.1219],[-94.0341,36.1218],[-94.0336,36.1218],[-94.0339,36.1131],[-94.0252,36.113],[-94.0227,36.1127],[-94.0207,36.1116],[-94.019,36.1115],[-94.0184,36.1114],[-94.0172,36.1108],[-94.0157,36.1102],[-94.0157,36.1107],[-94.0152,36.1213],[-94.0094,36.1212],[-94.0078,36.1201],[-94.0057,36.1202],[-94.0018,36.1212],[-93.9971,36.1211],[-93.9971,36.1244],[-93.9621,36.1241],[-93.9593,36.1261],[-93.9571,36.1273],[-93.9572,36.122],[-93.9616,36.1221],[-93.9626,36.0914],[-93.962,36.0874],[-93.982,36.0878],[-93.9807,36.0861],[-93.9839,36.0839],[-93.9839,36.086],[-93.9883,36.0861],[-93.9884,36.0833],[-93.9898,36.0833],[-93.9958,36.086],[-93.9962,36.0876],[-93.9975,36.0885],[-93.9974,36.0921],[-94.0002,36.0921],[-94.0251,36.0925],[-94.025,36.0905],[-94.026,36.0889],[-94.0289,36.0886],[-94.0307,36.089],[-94.0414,36.0901],[-94.0443,36.0896],[-94.0461,36.091],[-94.0505,36.0911],[-94.0506,36.0897],[-94.0563,36.0896],[-94.056,36.1022]]]]}},{"type":"Feature","id":"0539970","properties":{"name":"Lincoln","land_sqmi":2.87,"lat":35.9523,"lon":-94.408},"geometry":{"type":"MultiPolygon","coordinates":[[[[-94.4392,35.9491],[-94.4351,35.9493],[-94.435,35.952],[-94.4384,35.952],[-94.4383,35.9543],[-94.4348,35.9541],[-94.4331,35.9526],[-94.4303,35.9525],[-94.4292,35.9554],[-94.4271,35.9556],[-94.4268,35.959],[-94.4267,35.9617],[-94.43,35.9617],[-94.4311,35.9682],[-94.431,35.9706],[-94.4287,35.9709],[-94.4287,35.9711],[-94.4248,35.9707],[-94.4249,35.9698],[-94.4276,35.9699],[-94.4278,35.9635],[-94.4246,35.9635],[-94.4246,35.9599],[-94.4143,35.9597],[-94.4144,35.9551],[-94.4122,35.9551],[-94.4122,35.9542],[-94.4105,35.955],[-94.4078,35.9549],[-94.4078,35.9523],[-94.3989,35.9521],[-94.3954,35.9521],[-94.3945,35.9538],[-94.3909,35.9537],[-94.3909,35.9546],[-94.3766,35.9545],[-94.3766,35.9521],[-94.3769,35.95],[-94.3876,35.95],[-94.3876,35.951],[-94.3921,35.9511],[-94.3921,35.9501],[-94.3946,35.9492],[-94.3975,35.9471],[-94.4024,35.9467],[-94.4035,35.9454],[-94.4036,35.9432],[-94.4125,35.9433],[-94.4126,35.9406],[-94.4171,35.9407],[-94.4157,35.9398],[-94.4157,35.9384],[-94.4194,35.9389],[-94.4194,35.9371],[-94.4196,35.9335],[-94.4229,35.9335],[-94.4228,35.9372],[-94.4385,35.9375],[-94.4388,35.9375],[-94.4385,35.9448],[-94.4394,35.9448],[-94.4392,35.9491]]]]}},{"type":"Feature","id":"0516240","properties":{"name":"Crossett","land_sqmi":7.16,"lat":33.1153,"lon":-91.955},"geometry":{"type":"MultiPolygon","coordinates":[[[[-91.9858,33.1395],[-91.9836,33.1397],[-91.9836,33.1405],[-91.9814,33.1405],[-91.9813,33.146],[-91.9797,33.1477],[-91.9774,33.1479],[-91.9716,33.1479],[-91.9716,33.1516],[-91.9586,33.1515],[-91.9585,33.1439],[-91.9544,33.1438],[-91.9485,33.1437],[-91.9483,33.1399],[-91.9373,33.1399],[-91.9372,33.1346],[-91.9404,33.1351],[-91.9404,33.1284],[-91.9382,33.1269],[-91.948,33.1271],[-91.9478,33.1336],[-91.9486,33.1328],[-91.9489,33.1219],[-91.949,33.1132],[-91.9467,33.112],[-91.9473,33.1111],[-91.945,33.11],[-91.9451,33.1072],[-91.9492,33.1072],[-91.9492,33.1032],[-91.9421,33.1063],[-91.9414,33.1056],[-91.9414,33.0997],[-91.9371,33.0997],[-91.9371,33.0942],[-91.9328,33.0941],[-91.9328,33.1069],[-91.93,33.1068],[-91.9242,33.1067],[-91.9242,33.0963],[-91.9259,33.0963],[-91.9289,33.0957],[-91.9285,33.0949],[-91.9285,33.0922],[-91.9245,33.0921],[-91.9246,33.092],[-91.9286,33.0882],[-91.9306,33.085],[-91.933,33.0851],[-91.933,33.0819],[-91.934,33.081],[-91.937,33.0791],[-91.9419,33.0792],[-91.9459,33.0879],[-91.9328,33.0877],[-91.9328,33.0922],[-91.9328,33.0936],[-91.9374,33.0936],[-91.9398,33.0924],[-91.9398,33.0942],[-91.9414,33.0943],[-91.9414,33.0961],[-91.9448,33.0962],[-91.9448,33.0924],[-91.9452,33.0924],[-91.9487,33.094],[-91.9492,33.0951],[-91.9493,33.0998],[-91.9588,33.1],[-91.9587,33.111],[-91.9774,33.1116],[-91.9838,33.1115],[-91.9838,33.1135],[-91.9838,33.1206],[-91.9838,33.1228],[-91.9817,33.1233],[-91.9816,33.1258],[-91.9836,33.1259],[-91.9835,33.1294],[-91.9813,33.1294],[-91.9815,33.1367],[-91.9815,33.1367],[-91.9836,33.1395],[-91.9836,33.1387],[-91.9858,33.1388],[-91.9858,33.1395]]]]}},{"type":"Feature","id":"0510720","properties":{"name":"Camden","land_sqmi":16.53,"lat":33.5683,"lon":-92.8524},"geometry":{"type":"MultiPolygon","coordinates":[[[[-92.8974,33.6169],[-92.8887,33.6167],[-92.8888,33.613],[-92.8909,33.6131],[-92.89,33.6108],[-92.8889,33.6107],[-92.8888,33.6126],[-92.8848,33.6125],[-92.8825,33.6158],[-92.879,33.6141],[-92.873,33.6133],[-92.868,33.611],[-92.8641,33.612],[-92.8621,33.6114],[-92.8594,33.608],[-92.8594,33.6043],[-92.8562,33.6043],[-92.8547,33.6029],[-92.8537,33.6006],[-92.8352,33.6003],[-92.8221,33.6],[-92.8168,33.5956],[-92.816,33.5939],[-92.8165,33.5928],[-92.8209,33.5915],[-92.8216,33.5887],[-92.8245,33.5871],[-92.8264,33.5857],[-92.8271,33.5839],[-92.8263,33.5825],[-92.8233,33.5808],[-92.8218,33.5805],[-92.819,33.5809],[-92.8155,33.58],[-92.8135,33.5787],[-92.8118,33.5797],[-92.8119,33.5831],[-92.8103,33.584],[-92.8072,33.5837],[-92.8072,33.5813],[-92.8076,33.5632],[-92.8212,33.5635],[-92.8214,33.5562],[-92.8236,33.5562],[-92.8251,33.5551],[-92.825,33.5503],[-92.8282,33.5502],[-92.8279,33.5491],[-92.8252,33.5454],[-92.8252,33.5441],[-92.8236,33.546],[-92.8237,33.5411],[-92.8208,33.541],[-92.8207,33.5429],[-92.8165,33.5428],[-92.8164,33.5446],[-92.815,33.5445],[-92.8144,33.5377],[-92.8151,33.5352],[-92.8204,33.5261],[-92.8184,33.526],[-92.8184,33.5246],[-92.8213,33.5247],[-92.8256,33.5247],[-92.8256,33.5283],[-92.8387,33.5287],[-92.8387,33.5269],[-92.8399,33.5269],[-92.84,33.5252],[-92.8431,33.5253],[-92.8416,33.5288],[-92.8473,33.529],[-92.8474,33.5276],[-92.8486,33.5272],[-92.8486,33.5254],[-92.8475,33.5253],[-92.8476,33.5218],[-92.8506,33.5198],[-92.851,33.5203],[-92.8518,33.5255],[-92.8604,33.5256],[-92.8605,33.5237],[-92.8626,33.5238],[-92.8625,33.5275],[-92.8603,33.5274],[-92.8603,33.5283],[-92.856,33.5283],[-92.8557,33.5356],[-92.8565,33.5355],[-92.8583,33.5361],[-92.8598,33.5366],[-92.8862,33.5374],[-92.8859,33.5447],[-92.8856,33.5507],[-92.8694,33.5503],[-92.8692,33.5576],[-92.8605,33.5573],[-92.8603,33.5682],[-92.869,33.5684],[-92.8685,33.5852],[-92.8714,33.5849],[-92.8713,33.5862],[-92.8686,33.5862],[-92.8683,33.5995],[-92.8692,33.5994],[-92.8709,33.5985],[-92.8709,33.6009],[-92.8723,33.6009],[-92.8722,33.6046],[-92.8741,33.6046],[-92.8736,33.6059],[-92.8763,33.6074],[-92.8763,33.6083],[-92.885,33.6084],[-92.8849,33.6012],[-92.8893,33.6014],[-92.8893,33.605],[-92.8919,33.6051],[-92.891,33.6086],[-92.8976,33.6089],[-92.8974,33.6169]]]]}},{"type":"Feature","id":"0524430","properties":{"name":"Forrest City","land_sqmi":20.24,"lat":35.0122,"lon":-90.7864},"geometry":{"type":"MultiPolygon","coordinates":[[[[-90.827,34.9953],[-90.8257,34.9959],[-90.8255,35.0158],[-90.8255,35.0211],[-90.8255,35.0234],[-90.8253,35.0382],[-90.825,35.0529],[-90.825,35.0604],[-90.8162,35.0605],[-90.8108,35.06],[-90.807,35.0599],[-90.7983,35.0523],[-90.7805,35.052],[-90.7807,35.0445],[-90.7681,35.0443],[-90.7628,35.0441],[-90.763,35.0374],[-90.7633,35.0222],[-90.7544,35.0221],[-90.7545,35.0202],[-90.7512,35.0197],[-90.75,35.0202],[-90.75,35.022],[-90.7456,35.022],[-90.7457,35.0171],[-90.7489,35.0162],[-90.7494,35.0154],[-90.7479,35.0146],[-90.7457,35.0146],[-90.7458,35.011],[-90.7483,35.0105],[-90.7483,35.0096],[-90.7546,35.0099],[-90.7547,35.0005],[-90.7548,34.9931],[-90.7636,34.9932],[-90.7638,34.9785],[-90.7768,34.9785],[-90.7783,34.9785],[-90.7783,34.9762],[-90.7795,34.9763],[-90.7795,34.974],[-90.7817,34.974],[-90.7816,34.9772],[-90.7905,34.9773],[-90.7907,34.964],[-90.8084,34.9643],[-90.8081,34.9777],[-90.817,34.9778],[-90.8187,34.9778],[-90.8186,34.9792],[-90.8185,34.9865],[-90.8258,34.9866],[-90.8257,34.9932],[-90.8271,34.9931],[-90.827,34.9953]]]]}},{"type":"Feature","id":"0574840","properties":{"name":"Wheatley","land_sqmi":3.07,"lat":34.9167,"lon":-91.1037},"geometry":{"type":"MultiPolygon","coordinates":[[[[-91.1257,34.9335],[-91.1124,34.9335],[-91.1124,34.9372],[-91.0816,34.9372],[-91.0816,34.9346],[-91.0861,34.9331],[-91.0904,34.9322],[-91.0905,34.9264],[-91.1037,34.9263],[-91.1039,34.919],[-91.0995,34.919],[-91.0995,34.9116],[-91.0992,34.9116],[-91.0994,34.8961],[-91.1079,34.8962],[-91.1078,34.9036],[-91.1167,34.9038],[-91.1166,34.9106],[-91.1172,34.9118],[-91.117,34.9226],[-91.1126,34.9226],[-91.1125,34.9262],[-91.1258,34.926],[-91.1257,34.9335]]]]}},{"type":"Feature","id":"0575560","properties":{"name":"Widener","land_sqmi":0.54,"lat":35.0391,"lon":-90.6808},"geometry":{"type":"MultiPolygon","coordinates":[[[[-90.6895,35.0588],[-90.6894,35.0591],[-90.6892,35.0595],[-90.689,35.0598],[-90.6875,35.0596],[-90.6877,35.0583],[-90.6895,35.0584],[-90.6895,35.0588]]],[[[-90.6903,35.0223],[-90.6903,35.0256],[-90.6878,35.0256],[-90.6846,35.0267],[-90.6839,35.0256],[-90.6726,35.0255],[-90.6727,35.0236],[-90.6702,35.0231],[-90.6714,35.0215],[-90.6727,35.0222],[-90.6728,35.0184],[-90.6904,35.0184],[-90.6903,35.0223]]],[[[-90.6913,35.0518],[-90.6906,35.052],[-90.6908,35.054],[-90.6897,35.054],[-90.6897,35.0518],[-90.6907,35.0511],[-90.6913,35.0518]]]]}},{"type":"Feature","id":"0543880","properties":{"name":"Mansfield","land_sqmi":2.31,"lat":35.0646,"lon":-94.2325},"geometry":{"type":"MultiPolygon","coordinates":[[[[-94.2606,35.0581],[-94.2604,35.0656],[-94.253,35.0654],[-94.2537,35.0662],[-94.2526,35.0668],[-94.2508,35.0654],[-94.2507,35.0656],[-94.2507,35.0672],[-94.2457,35.0671],[-94.2456,35.0689],[-94.2412,35.0688],[-94.2412,35.068],[-94.2346,35.0697],[-94.2324,35.0705],[-94.2279,35.0721],[-94.2232,35.0722],[-94.2185,35.0721],[-94.2184,35.0757],[-94.2091,35.0755],[-94.209,35.0791],[-94.2043,35.0791],[-94.2044,35.0722],[-94.2357,35.0615],[-94.2358,35.0577],[-94.2327,35.0577],[-94.2328,35.0541],[-94.2372,35.0541],[-94.2463,35.051],[-94.2463,35.0501],[-94.2551,35.0502],[-94.255,35.0548],[-94.2606,35.0549],[-94.2606,35.0581]]]]}},{"type":"Feature","id":"0505440","properties":{"name":"Bergman","land_sqmi":1.3,"lat":36.3118,"lon":-93.0062},"geometry":{"type":"MultiPolygon","coordinates":[[[[-93.0249,36.3199],[-93.0223,36.3199],[-93.0223,36.3236],[-93.0179,36.3235],[-93.018,36.32],[-93.0052,36.3197],[-93.0053,36.3161],[-93.003,36.3161],[-93.003,36.3143],[-93.0008,36.3143],[-93.0002,36.3134],[-92.9965,36.3133],[-92.9965,36.3142],[-92.9898,36.3142],[-92.9898,36.316],[-92.9876,36.316],[-92.9876,36.3147],[-92.9876,36.3097],[-93.0004,36.3098],[-93.0008,36.3107],[-93.0052,36.3107],[-93.0052,36.3125],[-93.0063,36.3126],[-93.0063,36.3107],[-93.0139,36.3109],[-93.014,36.3054],[-93.0163,36.3054],[-93.0164,36.3018],[-93.0185,36.3018],[-93.0186,36.3],[-93.0221,36.3],[-93.0231,36.3],[-93.0231,36.3019],[-93.0241,36.3019],[-93.0241,36.3055],[-93.0207,36.3055],[-93.0206,36.3091],[-93.0229,36.3091],[-93.0228,36.3141],[-93.0241,36.3122],[-93.024,36.3184],[-93.0249,36.3199]]]]}},{"type":"Feature","id":"0539040","properties":{"name":"Lead Hill","land_sqmi":0.58,"lat":36.4125,"lon":-92.9071},"geometry":{"type":"MultiPolygon","coordinates":[[[[-92.9179,36.4239],[-92.9136,36.4225],[-92.9092,36.4219],[-92.9094,36.4142],[-92.9075,36.4142],[-92.9075,36.4171],[-92.8968,36.4169],[-92.8982,36.4122],[-92.897,36.4112],[-92.8978,36.4105],[-92.8957,36.4085],[-92.8967,36.4078],[-92.8988,36.4096],[-92.9007,36.41],[-92.9031,36.4079],[-92.9069,36.4079],[-92.9071,36.4059],[-92.904,36.4059],[-92.9014,36.4048],[-92.9015,36.4032],[-92.9028,36.4032],[-92.9049,36.4011],[-92.9049,36.4022],[-92.905,36.4042],[-92.9094,36.4042],[-92.9094,36.408],[-92.908,36.408],[-92.9079,36.413],[-92.9125,36.4134],[-92.9125,36.415],[-92.9132,36.4133],[-92.9131,36.4166],[-92.9139,36.4183],[-92.9184,36.4184],[-92.9179,36.4239]]]]}},{"type":"Feature","id":"0571390","properties":{"name":"Valley Springs","land_sqmi":0.51,"lat":36.1542,"lon":-92.9878},"geometry":{"type":"MultiPolygon","coordinates":[[[[-92.9978,36.1596],[-92.9976,36.1595],[-92.9889,36.1595],[-92.9889,36.1562],[-92.9849,36.1549],[-92.9831,36.1552],[-92.9829,36.1524],[-92.9778,36.1524],[-92.9779,36.1488],[-92.9861,36.1489],[-92.9889,36.1519],[-92.9889,36.1505],[-92.9978,36.1505],[-92.9978,36.1596]]]]}},{"type":"Feature","id":"0510780","properties":{"name":"Cammack Village","land_sqmi":0.28,"lat":34.7804,"lon":-92.3446},"geometry":{"type":"MultiPolygon","coordinates":[[[[-92.3491,34.7779],[-92.3491,34.7797],[-92.3489,34.7851],[-92.34,34.7848],[-92.3403,34.7803],[-92.3403,34.7785],[-92.3415,34.7776],[-92.3447,34.7775],[-92.3448,34.7756],[-92.3492,34.7758],[-92.3491,34.7779]]]]}},{"type":"Feature","id":"0576970","properties":{"name":"Wrightsville","land_sqmi":2.12,"lat":34.6128,"lon":-92.2098},"geometry":{"type":"MultiPolygon","coordinates":[[[[-92.2303,34.6314],[-92.224,34.6314],[-92.2178,34.6313],[-92.2178,34.6284],[-92.2213,34.6285],[-92.2213,34.6264],[-92.2203,34.6247],[-92.2178,34.6243],[-92.2179,34.6109],[-92.2159,34.6109],[-92.2158,34.6094],[-92.1891,34.609],[-92.1897,34.6054],[-92.1915,34.5942],[-92.1926,34.5944],[-92.1963,34.595],[-92.195,34.6021],[-92.2131,34.6024],[-92.2131,34.5984],[-92.215,34.5984],[-92.2148,34.5948],[-92.2178,34.5947],[-92.2178,34.5984],[-92.2198,34.5985],[-92.2197,34.6004],[-92.2219,34.6005],[-92.2219,34.6023],[-92.2257,34.6023],[-92.2257,34.6169],[-92.2257,34.6205],[-92.2305,34.6206],[-92.2303,34.6314]]]]}},{"type":"Feature","id":"0512340","properties":{"name":"Cave Springs","land_sqmi":7.74,"lat":36.2814,"lon":-94.2217},"geometry":{"type":"MultiPolygon","coordinates":[[[[-94.1987,36.2917],[-94.1986,36.2917],[-94.1942,36.2916],[-94.1943,36.2844],[-94.1988,36.2844],[-94.1987,36.2917]]],[[[-94.2278,36.3062],[-94.2277,36.3064],[-94.2277,36.3067],[-94.2273,36.3067],[-94.2273,36.3067],[-94.2263,36.3075],[-94.2263,36.3076],[-94.2266,36.3103],[-94.2247,36.3103],[-94.2248,36.3117],[-94.2267,36.312],[-94.2267,36.3129],[-94.2257,36.314],[-94.2231,36.3139],[-94.2231,36.3162],[-94.2275,36.3163],[-94.2274,36.3212],[-94.2211,36.3211],[-94.2194,36.3211],[-94.2192,36.3229],[-94.216,36.3229],[-94.216,36.3226],[-94.2148,36.3226],[-94.2148,36.3247],[-94.2136,36.3247],[-94.2137,36.321],[-94.2139,36.321],[-94.2139,36.3195],[-94.216,36.3195],[-94.216,36.3175],[-94.2116,36.3173],[-94.2116,36.3138],[-94.2072,36.3134],[-94.2072,36.311],[-94.211,36.3111],[-94.2162,36.3102],[-94.2163,36.308],[-94.2163,36.3066],[-94.2186,36.3067],[-94.2187,36.3031],[-94.221,36.3031],[-94.2211,36.2995],[-94.228,36.2995],[-94.2278,36.3062]]],[[[-94.253,36.2409],[-94.251,36.2418],[-94.2503,36.2421],[-94.2492,36.2429],[-94.248,36.2431],[-94.2477,36.2417],[-94.2476,36.2413],[-94.2456,36.2421],[-94.2444,36.2428],[-94.2432,36.2431],[-94.2431,36.2463],[-94.2429,36.2526],[-94.2473,36.2526],[-94.2472,36.2563],[-94.2434,36.2562],[-94.2428,36.2544],[-94.2425,36.2657],[-94.247,36.265],[-94.2515,36.2629],[-94.2515,36.2636],[-94.2514,36.2673],[-94.2491,36.2672],[-94.249,36.271],[-94.2479,36.2709],[-94.2468,36.2708],[-94.2466,36.2721],[-94.2399,36.272],[-94.24,36.2708],[-94.2378,36.2707],[-94.2376,36.278],[-94.2389,36.278],[-94.2387,36.2816],[-94.2374,36.2816],[-94.2374,36.2842],[-94.2373,36.2861],[-94.2371,36.2924],[-94.2326,36.2924],[-94.2327,36.2905],[-94.2282,36.2905],[-94.2282,36.2859],[-94.2283,36.2849],[-94.226,36.2849],[-94.2254,36.2877],[-94.2238,36.2876],[-94.2238,36.2856],[-94.224,36.2809],[-94.2229,36.2812],[-94.214,36.2811],[-94.2139,36.282],[-94.213,36.282],[-94.2131,36.2811],[-94.2102,36.281],[-94.2105,36.2738],[-94.2082,36.2738],[-94.208,36.281],[-94.2035,36.2809],[-94.2033,36.2791],[-94.199,36.279],[-94.1956,36.2789],[-94.1945,36.2779],[-94.1943,36.2844],[-94.1899,36.2843],[-94.1899,36.2831],[-94.1901,36.277],[-94.1946,36.2771],[-94.1991,36.2772],[-94.2036,36.2773],[-94.2038,36.27],[-94.2039,36.263],[-94.1995,36.2629],[-94.1995,36.2592],[-94.1998,36.2496],[-94.2014,36.2483],[-94.2043,36.2484],[-94.2045,36.2447],[-94.2066,36.2448],[-94.2066,36.2453],[-94.2088,36.2449],[-94.216,36.245],[-94.2161,36.2422],[-94.2217,36.2414],[-94.2252,36.2415],[-94.2323,36.2416],[-94.2322,36.2452],[-94.2341,36.245],[-94.2358,36.2451],[-94.2388,36.2439],[-94.2384,36.2411],[-94.2377,36.24],[-94.2387,36.24],[-94.2418,36.2397],[-94.2451,36.2409],[-94.2477,36.2403],[-94.2487,36.2393],[-94.2505,36.2386],[-94.2514,36.2381],[-94.2535,36.2406],[-94.253,36.2409]]]]}},{"type":"Feature","id":"0512820","properties":{"name":"Centerton","land_sqmi":14.27,"lat":36.3562,"lon":-94.2979},"geometry":{"type":"MultiPolygon","coordinates":[[[[-94.2796,36.3917],[-94.275,36.3945],[-94.2734,36.394],[-94.2726,36.397],[-94.2702,36.398],[-94.2613,36.3978],[-94.2614,36.3942],[-94.2705,36.3944],[-94.2706,36.3908],[-94.2751,36.3909],[-94.2752,36.3872],[-94.2782,36.3873],[-94.2797,36.3873],[-94.2796,36.3917]]],[[[-94.3414,36.3649],[-94.3399,36.3657],[-94.3371,36.3649],[-94.3312,36.3648],[-94.331,36.3593],[-94.3322,36.3593],[-94.3322,36.3557],[-94.3345,36.3557],[-94.3344,36.3594],[-94.3407,36.3595],[-94.3413,36.3594],[-94.3414,36.3649]]],[[[-94.3447,36.3522],[-94.3424,36.3521],[-94.3422,36.3549],[-94.3401,36.3558],[-94.3396,36.3521],[-94.3368,36.3521],[-94.3357,36.3511],[-94.3357,36.3521],[-94.3312,36.352],[-94.331,36.3593],[-94.3268,36.3592],[-94.3267,36.3556],[-94.3253,36.3556],[-94.3252,36.3592],[-94.3234,36.3592],[-94.3234,36.3628],[-94.3251,36.3628],[-94.3251,36.3657],[-94.325,36.3664],[-94.3206,36.3664],[-94.3205,36.37],[-94.3182,36.3699],[-94.3182,36.3735],[-94.3167,36.3735],[-94.316,36.3724],[-94.3159,36.3772],[-94.315,36.3779],[-94.3159,36.3779],[-94.3114,36.378],[-94.3115,36.3734],[-94.307,36.3733],[-94.3067,36.3878],[-94.3011,36.3877],[-94.3011,36.3841],[-94.2978,36.3841],[-94.2976,36.3913],[-94.3021,36.3914],[-94.302,36.3932],[-94.3066,36.3933],[-94.3066,36.3949],[-94.3064,36.3987],[-94.3019,36.3986],[-94.3018,36.4022],[-94.3019,36.4022],[-94.3017,36.4069],[-94.2996,36.4077],[-94.2989,36.4071],[-94.2972,36.4063],[-94.2928,36.4043],[-94.2893,36.4027],[-94.2878,36.4012],[-94.287,36.3999],[-94.287,36.3984],[-94.2929,36.3985],[-94.2929,36.4003],[-94.2975,36.4003],[-94.2975,36.395],[-94.293,36.3949],[-94.293,36.3931],[-94.292,36.3943],[-94.291,36.3952],[-94.2879,36.3952],[-94.2882,36.3901],[-94.2897,36.3901],[-94.2907,36.3921],[-94.2931,36.3921],[-94.2931,36.3894],[-94.2954,36.3895],[-94.2954,36.3886],[-94.2946,36.3885],[-94.2946,36.3876],[-94.2932,36.3876],[-94.2932,36.384],[-94.2887,36.3839],[-94.2888,36.3803],[-94.2866,36.3802],[-94.2864,36.3875],[-94.2806,36.3873],[-94.2797,36.3862],[-94.2798,36.3812],[-94.2786,36.3801],[-94.2722,36.38],[-94.271,36.3797],[-94.2683,36.3772],[-94.2664,36.3763],[-94.2663,36.3834],[-94.2528,36.3822],[-94.2529,36.3796],[-94.2546,36.3796],[-94.2581,36.3778],[-94.2595,36.3779],[-94.2596,36.3761],[-94.2618,36.3761],[-94.2619,36.3743],[-94.2646,36.3728],[-94.264,36.3726],[-94.2665,36.3726],[-94.2665,36.3715],[-94.271,36.3716],[-94.2689,36.3697],[-94.2709,36.3668],[-94.2756,36.3685],[-94.2756,36.3677],[-94.2756,36.3655],[-94.2712,36.3654],[-94.2713,36.3618],[-94.2624,36.3616],[-94.2628,36.358],[-94.2579,36.3579],[-94.2538,36.3578],[-94.2538,36.3593],[-94.2509,36.3591],[-94.251,36.3579],[-94.251,36.3578],[-94.2517,36.3578],[-94.2527,36.3578],[-94.2527,36.3561],[-94.2536,36.3561],[-94.2536,36.3525],[-94.2537,36.3507],[-94.2538,36.3471],[-94.2538,36.3451],[-94.2553,36.3451],[-94.2554,36.3442],[-94.2538,36.3441],[-94.2539,36.3429],[-94.254,36.3399],[-94.2625,36.34],[-94.2674,36.3401],[-94.2675,36.3365],[-94.2693,36.3365],[-94.2693,36.3393],[-94.2718,36.3394],[-94.2719,36.3365],[-94.2738,36.3366],[-94.2738,36.3355],[-94.2719,36.3354],[-94.2764,36.3355],[-94.277,36.3386],[-94.2775,36.3403],[-94.2852,36.3404],[-94.2897,36.3405],[-94.2897,36.3369],[-94.2943,36.3369],[-94.2944,36.3333],[-94.2971,36.3334],[-94.2971,36.3355],[-94.2999,36.3355],[-94.3002,36.3386],[-94.3032,36.3386],[-94.3032,36.339],[-94.3077,36.3391],[-94.3076,36.3408],[-94.3032,36.3407],[-94.3009,36.3407],[-94.3009,36.3443],[-94.303,36.3444],[-94.3143,36.3445],[-94.3144,36.3372],[-94.3122,36.3372],[-94.3122,36.3354],[-94.3077,36.3354],[-94.3078,36.3299],[-94.3168,36.3301],[-94.3167,36.3373],[-94.3178,36.3373],[-94.3179,36.3355],[-94.3212,36.3356],[-94.3213,36.3301],[-94.3215,36.3229],[-94.317,36.3228],[-94.3171,36.3156],[-94.3082,36.3154],[-94.3083,36.3118],[-94.3217,36.312],[-94.3219,36.3048],[-94.3262,36.3048],[-94.3261,36.3157],[-94.3317,36.3158],[-94.3317,36.3165],[-94.3316,36.3194],[-94.326,36.3193],[-94.326,36.3212],[-94.331,36.3213],[-94.331,36.3231],[-94.3361,36.3231],[-94.336,36.3285],[-94.3315,36.3284],[-94.3315,36.3303],[-94.3359,36.3303],[-94.3359,36.334],[-94.3358,36.3376],[-94.3351,36.3376],[-94.3314,36.3375],[-94.3314,36.3413],[-94.3358,36.3412],[-94.3358,36.3448],[-94.3403,36.3449],[-94.3403,36.3412],[-94.3449,36.3413],[-94.3447,36.3522]],[[-94.3219,36.3592],[-94.3208,36.3591],[-94.3207,36.3626],[-94.3194,36.3626],[-94.3195,36.3606],[-94.3189,36.3606],[-94.3184,36.3604],[-94.3185,36.3591],[-94.3174,36.3591],[-94.3173,36.3627],[-94.3218,36.3628],[-94.3219,36.3592]]]]}},{"type":"Feature","id":"0526110","properties":{"name":"Gateway","land_sqmi":6.56,"lat":36.4835,"lon":-93.9347},"geometry":{"type":"MultiPolygon","coordinates":[[[[-93.9671,36.4972],[-93.9671,36.4987],[-93.9639,36.4987],[-93.9622,36.4987],[-93.9592,36.4987],[-93.9266,36.4987],[-93.9218,36.4987],[-93.9061,36.4987],[-93.9019,36.4987],[-93.9018,36.4822],[-93.9043,36.4821],[-93.9043,36.4808],[-93.9133,36.4808],[-93.9111,36.4794],[-93.9134,36.4786],[-93.9136,36.4712],[-93.9272,36.4715],[-93.9498,36.4719],[-93.9498,36.4683],[-93.9529,36.4684],[-93.954,36.4685],[-93.9554,36.4684],[-93.9633,36.4684],[-93.9631,36.4755],[-93.9676,36.4756],[-93.9671,36.4972]]]]}},{"type":"Feature","id":"0526290","properties":{"name":"Gentry","land_sqmi":5.66,"lat":36.2564,"lon":-94.4878},"geometry":{"type":"MultiPolygon","coordinates":[[[[-94.4673,36.26],[-94.4662,36.26],[-94.4661,36.2636],[-94.4628,36.2635],[-94.4629,36.2599],[-94.4584,36.2598],[-94.4583,36.2633],[-94.4538,36.2632],[-94.4539,36.2606],[-94.4501,36.2605],[-94.45,36.2597],[-94.4517,36.2597],[-94.4517,36.2578],[-94.45,36.2578],[-94.4495,36.2564],[-94.4492,36.256],[-94.4488,36.2559],[-94.4483,36.2523],[-94.4508,36.2523],[-94.4511,36.255],[-94.4513,36.256],[-94.4541,36.2552],[-94.4586,36.2553],[-94.4585,36.258],[-94.4629,36.2581],[-94.4631,36.2526],[-94.4676,36.2527],[-94.4673,36.26]]],[[[-94.489,36.2829],[-94.489,36.2845],[-94.4845,36.2844],[-94.4846,36.282],[-94.489,36.282],[-94.489,36.2829]]],[[[-94.527,36.243],[-94.5214,36.2429],[-94.5213,36.2486],[-94.519,36.2501],[-94.5167,36.25],[-94.5168,36.2471],[-94.5123,36.247],[-94.512,36.2561],[-94.5077,36.2534],[-94.5037,36.2533],[-94.5035,36.2642],[-94.5073,36.2642],[-94.5071,36.2679],[-94.5083,36.2679],[-94.5083,36.2673],[-94.5094,36.2678],[-94.5116,36.2678],[-94.513,36.2684],[-94.5179,36.2714],[-94.5209,36.2714],[-94.5209,36.2718],[-94.5182,36.2718],[-94.5124,36.2682],[-94.5116,36.268],[-94.5071,36.268],[-94.5071,36.2697],[-94.5027,36.2697],[-94.4993,36.2696],[-94.4993,36.2714],[-94.497,36.2713],[-94.4971,36.2694],[-94.4959,36.2694],[-94.4958,36.2749],[-94.4938,36.2749],[-94.4937,36.2759],[-94.4923,36.2758],[-94.4923,36.2748],[-94.4854,36.2747],[-94.4847,36.2747],[-94.4846,36.282],[-94.4801,36.2819],[-94.4802,36.2782],[-94.4757,36.2781],[-94.4758,36.2761],[-94.4758,36.2745],[-94.4729,36.2744],[-94.4713,36.2763],[-94.4713,36.2771],[-94.4712,36.278],[-94.4695,36.2798],[-94.4712,36.2799],[-94.4711,36.2817],[-94.4667,36.2816],[-94.4624,36.2851],[-94.4608,36.2851],[-94.4607,36.2852],[-94.4531,36.285],[-94.4533,36.2813],[-94.4652,36.2816],[-94.4685,36.2789],[-94.4695,36.278],[-94.4668,36.278],[-94.4669,36.2743],[-94.4672,36.2636],[-94.4673,36.26],[-94.4762,36.2602],[-94.4764,36.2566],[-94.4808,36.2566],[-94.4809,36.253],[-94.4846,36.253],[-94.4848,36.2477],[-94.4853,36.2462],[-94.484,36.245],[-94.4843,36.2399],[-94.4855,36.2386],[-94.4863,36.2384],[-94.4866,36.2388],[-94.487,36.2403],[-94.4859,36.2403],[-94.4859,36.2422],[-94.4869,36.2422],[-94.487,36.2424],[-94.4929,36.2418],[-94.4949,36.2407],[-94.4948,36.2388],[-94.495,36.2314],[-94.4941,36.2314],[-94.4885,36.2313],[-94.4886,36.2277],[-94.4951,36.2278],[-94.4949,36.2308],[-94.4946,36.2312],[-94.495,36.2314],[-94.4973,36.2315],[-94.4972,36.2351],[-94.4995,36.2352],[-94.5008,36.2374],[-94.5044,36.2367],[-94.5038,36.2384],[-94.5038,36.2389],[-94.5272,36.2394],[-94.527,36.243]]]]}},{"type":"Feature","id":"0541720","properties":{"name":"Lowell","land_sqmi":9.64,"lat":36.261,"lon":-94.1558},"geometry":{"type":"MultiPolygon","coordinates":[[[[-94.1998,36.2496],[-94.1995,36.2592],[-94.1995,36.2629],[-94.1994,36.2665],[-94.177,36.266],[-94.177,36.266],[-94.1725,36.2659],[-94.1634,36.2657],[-94.1525,36.2654],[-94.1524,36.2688],[-94.1456,36.2688],[-94.1454,36.2741],[-94.1408,36.274],[-94.1416,36.2772],[-94.1415,36.2794],[-94.1451,36.2795],[-94.145,36.2828],[-94.145,36.2831],[-94.1433,36.2831],[-94.1432,36.2831],[-94.1406,36.283],[-94.1299,36.2827],[-94.1271,36.2826],[-94.1227,36.2824],[-94.1227,36.2807],[-94.1236,36.2789],[-94.1183,36.2787],[-94.1183,36.2767],[-94.1219,36.2757],[-94.1229,36.2754],[-94.1232,36.2627],[-94.12,36.2626],[-94.1188,36.2617],[-94.1188,36.2608],[-94.1232,36.2609],[-94.1233,36.2591],[-94.1208,36.259],[-94.1208,36.2572],[-94.12,36.2572],[-94.1199,36.2605],[-94.1189,36.2604],[-94.1189,36.2602],[-94.1146,36.2602],[-94.1147,36.2571],[-94.1175,36.2572],[-94.118,36.2574],[-94.1179,36.2572],[-94.1173,36.2557],[-94.1147,36.2557],[-94.1147,36.2535],[-94.1141,36.2508],[-94.1103,36.2507],[-94.1104,36.2462],[-94.112,36.2462],[-94.112,36.2448],[-94.1164,36.2449],[-94.1156,36.239],[-94.1155,36.2389],[-94.1192,36.239],[-94.1276,36.2393],[-94.1282,36.2393],[-94.1327,36.2394],[-94.137,36.2396],[-94.1431,36.2398],[-94.1446,36.2398],[-94.1446,36.2388],[-94.1456,36.2398],[-94.1508,36.24],[-94.1537,36.2401],[-94.1551,36.2399],[-94.1556,36.2399],[-94.1686,36.2403],[-94.1699,36.2406],[-94.1731,36.2405],[-94.1911,36.2408],[-94.191,36.2444],[-94.1977,36.2446],[-94.1976,36.2482],[-94.2014,36.2483],[-94.1998,36.2496]]]]}},{"type":"Feature","id":"0518640","properties":{"name":"De Valls Bluff","land_sqmi":1.09,"lat":34.7858,"lon":-91.4645},"geometry":{"type":"MultiPolygon","coordinates":[[[[-91.4788,34.7852],[-91.4723,34.788],[-91.4721,34.7917],[-91.459,34.7913],[-91.4588,34.7949],[-91.4501,34.7947],[-91.4502,34.7932],[-91.4509,34.7829],[-91.4532,34.7831],[-91.4533,34.7803],[-91.4545,34.7789],[-91.4574,34.7775],[-91.4576,34.7766],[-91.4655,34.7769],[-91.4653,34.7805],[-91.4681,34.7806],[-91.468,34.7843],[-91.4788,34.7846],[-91.4788,34.7852]]]]}},{"type":"Feature","id":"0530940","properties":{"name":"Hazen","land_sqmi":3.52,"lat":34.8045,"lon":-91.5859},"geometry":{"type":"MultiPolygon","coordinates":[[[[-91.6972,34.8023],[-91.6971,34.8031],[-91.6943,34.803],[-91.6938,34.803],[-91.6918,34.8035],[-91.6882,34.805],[-91.6636,34.8159],[-91.6596,34.8173],[-91.6552,34.8181],[-91.6531,34.8182],[-91.6036,34.8186],[-91.5869,34.8194],[-91.5798,34.8194],[-91.5755,34.8198],[-91.5754,34.822],[-91.5688,34.8218],[-91.5688,34.8231],[-91.5653,34.8229],[-91.5645,34.8211],[-91.5654,34.8197],[-91.5645,34.8193],[-91.5307,34.8192],[-91.5231,34.8192],[-91.5198,34.8197],[-91.5131,34.8218],[-91.5127,34.8235],[-91.5126,34.822],[-91.4931,34.8282],[-91.4883,34.8305],[-91.4829,34.8335],[-91.4786,34.835],[-91.4747,34.8354],[-91.4825,34.8321],[-91.4878,34.8291],[-91.495,34.8259],[-91.495,34.8253],[-91.4956,34.8256],[-91.5029,34.8237],[-91.5215,34.8179],[-91.5307,34.8178],[-91.5459,34.8178],[-91.5603,34.818],[-91.5603,34.816],[-91.5645,34.8162],[-91.5645,34.8136],[-91.5667,34.8137],[-91.5671,34.7969],[-91.5627,34.7968],[-91.5632,34.7822],[-91.55,34.7819],[-91.5502,34.7783],[-91.5622,34.7778],[-91.5643,34.7779],[-91.5643,34.7786],[-91.5677,34.7787],[-91.5678,34.7752],[-91.5765,34.7754],[-91.5766,34.7736],[-91.5888,34.774],[-91.5899,34.7745],[-91.5897,34.7794],[-91.5974,34.7794],[-91.5974,34.7816],[-91.5885,34.7819],[-91.588,34.7938],[-91.5803,34.7936],[-91.5796,34.7936],[-91.5695,34.7934],[-91.5691,34.8142],[-91.5713,34.8142],[-91.5713,34.8163],[-91.5755,34.8164],[-91.5756,34.8185],[-91.5761,34.8185],[-91.5761,34.8188],[-91.5845,34.8189],[-91.6036,34.8179],[-91.6557,34.8177],[-91.6574,34.8174],[-91.6588,34.8171],[-91.692,34.8028],[-91.6921,34.8028],[-91.6938,34.8024],[-91.6972,34.8019],[-91.6972,34.8023]]]]}},{"type":"Feature","id":"0551560","properties":{"name":"Ola","land_sqmi":1.7,"lat":35.0306,"lon":-93.2252},"geometry":{"type":"MultiPolygon","coordinates":[[[[-93.2416,35.0327],[-93.2395,35.0327],[-93.2394,35.0364],[-93.2313,35.0363],[-93.2312,35.0399],[-93.2121,35.0398],[-93.2116,35.0361],[-93.2088,35.0361],[-93.2091,35.0247],[-93.2201,35.0249],[-93.2202,35.0213],[-93.2269,35.0213],[-93.229,35.0213],[-93.2289,35.0252],[-93.2309,35.0237],[-93.2313,35.0232],[-93.2322,35.0229],[-93.2333,35.0229],[-93.2332,35.0232],[-93.237,35.0233],[-93.2374,35.0251],[-93.2397,35.0252],[-93.2396,35.0289],[-93.2417,35.029],[-93.2416,35.0327]]]]}},{"type":"Feature","id":"0541090","properties":{"name":"Lockesburg","land_sqmi":3.48,"lat":33.9715,"lon":-94.1799},"geometry":{"type":"MultiPolygon","coordinates":[[[[-94.2072,33.9772],[-94.2043,33.9792],[-94.2028,33.981],[-94.2019,33.9808],[-94.202,33.9827],[-94.1927,33.9825],[-94.161,33.9821],[-94.1612,33.9747],[-94.1526,33.9744],[-94.1531,33.9603],[-94.1923,33.9607],[-94.1919,33.9684],[-94.1918,33.9752],[-94.2011,33.9754],[-94.205,33.975],[-94.2054,33.9767],[-94.2072,33.9772]]]]}},{"type":"Feature","id":"0521070","properties":{"name":"El Dorado","land_sqmi":16.2,"lat":33.222,"lon":-92.6618},"geometry":{"type":"MultiPolygon","coordinates":[[[[-92.7088,33.1995],[-92.7089,33.208],[-92.7089,33.2116],[-92.7045,33.2115],[-92.7045,33.2224],[-92.7002,33.2224],[-92.7002,33.2258],[-92.7003,33.2297],[-92.6916,33.2296],[-92.6911,33.2369],[-92.6903,33.2369],[-92.6862,33.2368],[-92.683,33.2367],[-92.6832,33.2451],[-92.6832,33.2491],[-92.6833,33.2513],[-92.681,33.2513],[-92.6657,33.2511],[-92.6655,33.2622],[-92.6636,33.2621],[-92.6616,33.2621],[-92.6516,33.2619],[-92.6483,33.2618],[-92.6483,33.2542],[-92.6483,33.2509],[-92.6444,33.2509],[-92.6431,33.2498],[-92.6367,33.2445],[-92.6399,33.2417],[-92.6418,33.2393],[-92.6462,33.2237],[-92.6467,33.2217],[-92.6137,33.2211],[-92.6138,33.2176],[-92.6138,33.2138],[-92.6309,33.214],[-92.6309,33.2104],[-92.6358,33.2105],[-92.6374,33.2105],[-92.6374,33.2087],[-92.6374,33.207],[-92.6352,33.207],[-92.6352,33.1995],[-92.6309,33.1994],[-92.6309,33.1958],[-92.6223,33.1957],[-92.6223,33.19],[-92.6223,33.1888],[-92.6264,33.189],[-92.6308,33.1891],[-92.6309,33.1878],[-92.6309,33.1819],[-92.6481,33.1823],[-92.6481,33.1856],[-92.6481,33.1895],[-92.6526,33.1896],[-92.6526,33.1925],[-92.6613,33.1927],[-92.6613,33.1875],[-92.661,33.1861],[-92.6689,33.1865],[-92.6716,33.1862],[-92.674,33.1863],[-92.6747,33.1876],[-92.6745,33.1898],[-92.6743,33.1985],[-92.6786,33.1985],[-92.6829,33.1986],[-92.683,33.1968],[-92.6907,33.1969],[-92.6921,33.195],[-92.6951,33.1969],[-92.7002,33.197],[-92.7002,33.1952],[-92.7002,33.1951],[-92.7045,33.1952],[-92.7045,33.197],[-92.7099,33.197],[-92.7088,33.1995]]]]}},{"type":"Feature","id":"0550060","properties":{"name":"Norphlet","land_sqmi":2.04,"lat":33.319,"lon":-92.6618},"geometry":{"type":"MultiPolygon","coordinates":[[[[-92.6789,33.3365],[-92.6724,33.3365],[-92.6724,33.3346],[-92.6637,33.3345],[-92.6637,33.3364],[-92.6594,33.3363],[-92.6594,33.3303],[-92.6594,33.3235],[-92.6487,33.3233],[-92.6486,33.3263],[-92.6453,33.3262],[-92.6452,33.3257],[-92.6448,33.3244],[-92.6459,33.3244],[-92.6459,33.3233],[-92.6463,33.3233],[-92.6463,33.322],[-92.6487,33.3217],[-92.6487,33.3209],[-92.6486,33.3196],[-92.6508,33.3197],[-92.6507,33.3139],[-92.6529,33.3139],[-92.6529,33.311],[-92.6528,33.307],[-92.652,33.3051],[-92.6529,33.3051],[-92.6529,33.3048],[-92.6529,33.3015],[-92.6572,33.3015],[-92.6572,33.305],[-92.6572,33.3088],[-92.6613,33.3089],[-92.6614,33.3089],[-92.6617,33.3071],[-92.6637,33.3071],[-92.6637,33.3016],[-92.6681,33.3017],[-92.6681,33.3056],[-92.668,33.3145],[-92.6702,33.3145],[-92.6702,33.3168],[-92.6702,33.32],[-92.6681,33.32],[-92.6681,33.3236],[-92.6702,33.3237],[-92.6702,33.3273],[-92.6714,33.3283],[-92.6789,33.3347],[-92.6789,33.3365]]]]}},{"type":"Feature","id":"0503640","properties":{"name":"Barling","land_sqmi":10.27,"lat":35.3285,"lon":-94.2832},"geometry":{"type":"MultiPolygon","coordinates":[[[[-94.3231,35.3404],[-94.3208,35.3404],[-94.3053,35.34],[-94.3053,35.3447],[-94.3049,35.3529],[-94.2987,35.3492],[-94.2978,35.3502],[-94.2977,35.3501],[-94.2986,35.3491],[-94.296,35.3476],[-94.296,35.3468],[-94.2924,35.3448],[-94.2874,35.3429],[-94.2852,35.3422],[-94.2789,35.342],[-94.2753,35.3424],[-94.2699,35.344],[-94.2646,35.3476],[-94.2617,35.3508],[-94.2607,35.3508],[-94.2597,35.3519],[-94.2529,35.3546],[-94.2503,35.3566],[-94.2502,35.3566],[-94.2501,35.3541],[-94.243,35.3542],[-94.2431,35.3491],[-94.2428,35.3495],[-94.2428,35.3461],[-94.2434,35.3255],[-94.2538,35.3216],[-94.2589,35.3205],[-94.2587,35.3181],[-94.257,35.3184],[-94.257,35.3156],[-94.2525,35.3155],[-94.2527,35.3046],[-94.2529,35.3004],[-94.256,35.301],[-94.2742,35.3015],[-94.2767,35.302],[-94.2822,35.3048],[-94.2837,35.3051],[-94.283,35.3078],[-94.2818,35.3107],[-94.2893,35.3128],[-94.2884,35.315],[-94.2914,35.3159],[-94.2929,35.3163],[-94.2914,35.3195],[-94.2952,35.3195],[-94.3019,35.3163],[-94.3024,35.317],[-94.3067,35.3152],[-94.3108,35.3131],[-94.3218,35.3134],[-94.3182,35.3162],[-94.3168,35.3176],[-94.3163,35.3185],[-94.3156,35.3207],[-94.3212,35.3228],[-94.3237,35.3227],[-94.3231,35.3404]]]]}},{"type":"Feature","id":"0513120","properties":{"name":"Central City","land_sqmi":2.22,"lat":35.334,"lon":-94.2352},"geometry":{"type":"MultiPolygon","coordinates":[[[[-94.2589,35.3205],[-94.2538,35.3216],[-94.2434,35.3255],[-94.2428,35.3461],[-94.2428,35.3495],[-94.2387,35.3517],[-94.2361,35.3525],[-94.2301,35.3525],[-94.2297,35.3519],[-94.2367,35.3485],[-94.2374,35.3489],[-94.239,35.3479],[-94.2376,35.3482],[-94.2375,35.3468],[-94.235,35.3461],[-94.233,35.3462],[-94.2316,35.3438],[-94.233,35.3438],[-94.2342,35.3457],[-94.2364,35.345],[-94.2378,35.342],[-94.2364,35.3422],[-94.2354,35.3411],[-94.2335,35.3404],[-94.231,35.3389],[-94.2316,35.3374],[-94.2305,35.337],[-94.2294,35.338],[-94.2281,35.3376],[-94.2288,35.3331],[-94.2272,35.3312],[-94.2248,35.3302],[-94.2228,35.3311],[-94.221,35.3302],[-94.2191,35.3311],[-94.2182,35.33],[-94.2166,35.3296],[-94.2178,35.3283],[-94.2174,35.3275],[-94.2154,35.3272],[-94.2153,35.3261],[-94.2141,35.3258],[-94.2121,35.3266],[-94.2115,35.3242],[-94.2123,35.323],[-94.2157,35.3251],[-94.2193,35.3248],[-94.2205,35.3223],[-94.2194,35.3218],[-94.2184,35.3228],[-94.217,35.323],[-94.2156,35.3218],[-94.2163,35.3209],[-94.2178,35.3208],[-94.2173,35.3196],[-94.2158,35.3201],[-94.2157,35.3175],[-94.2207,35.3184],[-94.2225,35.319],[-94.2226,35.319],[-94.2226,35.3183],[-94.2243,35.3183],[-94.2243,35.3196],[-94.2282,35.3206],[-94.2491,35.3196],[-94.2514,35.3193],[-94.2524,35.318],[-94.2525,35.3155],[-94.257,35.3156],[-94.257,35.3184],[-94.2587,35.3181],[-94.2589,35.3205]]]]}},{"type":"Feature","id":"0502470","properties":{"name":"Ash Flat","land_sqmi":6.37,"lat":36.2334,"lon":-91.5977},"geometry":{"type":"MultiPolygon","coordinates":[[[[-91.6291,36.2524],[-91.6235,36.2522],[-91.6234,36.2529],[-91.6212,36.2529],[-91.6204,36.2521],[-91.6199,36.2521],[-91.6198,36.2594],[-91.6005,36.2587],[-91.6008,36.2575],[-91.5996,36.2553],[-91.5999,36.2538],[-91.5987,36.253],[-91.5983,36.2513],[-91.5868,36.2508],[-91.5874,36.2521],[-91.5857,36.2513],[-91.5791,36.2544],[-91.5792,36.2578],[-91.5704,36.2575],[-91.566,36.2573],[-91.566,36.2573],[-91.5663,36.2559],[-91.5688,36.256],[-91.5729,36.2543],[-91.5746,36.2525],[-91.574,36.2503],[-91.584,36.2507],[-91.5841,36.2474],[-91.5883,36.2475],[-91.5885,36.2402],[-91.5843,36.2401],[-91.5845,36.2336],[-91.5858,36.2328],[-91.5895,36.2334],[-91.5899,36.2345],[-91.5932,36.2353],[-91.5933,36.2312],[-91.5976,36.2314],[-91.5977,36.2296],[-91.5888,36.2292],[-91.5891,36.2224],[-91.5935,36.2219],[-91.5934,36.2147],[-91.5977,36.2148],[-91.5977,36.2109],[-91.6023,36.2109],[-91.6023,36.2075],[-91.6115,36.2076],[-91.6114,36.2093],[-91.6094,36.2112],[-91.6159,36.2114],[-91.6145,36.2128],[-91.6124,36.2136],[-91.6124,36.2151],[-91.6158,36.2151],[-91.6159,36.2229],[-91.6249,36.2231],[-91.6248,36.2278],[-91.6294,36.2282],[-91.6291,36.2524]]]]}},{"type":"Feature","id":"0532257","properties":{"name":"Highland","land_sqmi":8.74,"lat":36.2659,"lon":-91.5225},"geometry":{"type":"MultiPolygon","coordinates":[[[[-91.5661,36.25],[-91.566,36.2573],[-91.566,36.2573],[-91.566,36.2574],[-91.5539,36.2602],[-91.5476,36.2601],[-91.5431,36.2599],[-91.5423,36.2613],[-91.5424,36.2628],[-91.5408,36.2635],[-91.5386,36.2623],[-91.5385,36.2641],[-91.5339,36.2639],[-91.533,36.2703],[-91.5339,36.2725],[-91.536,36.2749],[-91.5348,36.2749],[-91.5337,36.2747],[-91.5335,36.2785],[-91.5335,36.2849],[-91.5304,36.2848],[-91.529,36.2857],[-91.5127,36.2854],[-91.5127,36.2872],[-91.5104,36.2871],[-91.5102,36.2926],[-91.5102,36.2942],[-91.5101,36.2978],[-91.5051,36.2978],[-91.5049,36.294],[-91.5053,36.2925],[-91.5011,36.2923],[-91.4895,36.2921],[-91.4808,36.292],[-91.4805,36.292],[-91.4813,36.2907],[-91.4806,36.2899],[-91.4798,36.289],[-91.479,36.2877],[-91.4792,36.2775],[-91.4926,36.2776],[-91.493,36.2631],[-91.5112,36.2635],[-91.5115,36.249],[-91.5116,36.234],[-91.5293,36.2344],[-91.534,36.2345],[-91.5337,36.2417],[-91.5381,36.2419],[-91.5382,36.2436],[-91.5378,36.2495],[-91.5478,36.2497],[-91.5661,36.2499],[-91.5661,36.25]]]]}},{"type":"Feature","id":"0560410","properties":{"name":"Rogers","land_sqmi":38.9,"lat":36.3345,"lon":-94.1661},"geometry":{"type":"MultiPolygon","coordinates":[[[[-94.2506,36.2908],[-94.2505,36.2927],[-94.2427,36.2925],[-94.2426,36.2943],[-94.246,36.2944],[-94.2459,36.298],[-94.2459,36.2998],[-94.2458,36.3034],[-94.2413,36.3034],[-94.2414,36.2997],[-94.2325,36.2996],[-94.2324,36.3032],[-94.2357,36.3032],[-94.2356,36.3069],[-94.2277,36.3067],[-94.2277,36.3064],[-94.2278,36.3062],[-94.228,36.2995],[-94.2211,36.2995],[-94.221,36.3031],[-94.2187,36.3031],[-94.2186,36.3067],[-94.2163,36.3066],[-94.2163,36.308],[-94.2162,36.3102],[-94.211,36.3111],[-94.2072,36.311],[-94.2072,36.3134],[-94.2116,36.3138],[-94.2116,36.3173],[-94.216,36.3175],[-94.216,36.3195],[-94.2139,36.3195],[-94.2139,36.321],[-94.2137,36.321],[-94.2136,36.3247],[-94.2148,36.3247],[-94.2159,36.3247],[-94.2157,36.332],[-94.2112,36.332],[-94.2067,36.3319],[-94.2067,36.3332],[-94.1976,36.3331],[-94.1931,36.3334],[-94.1932,36.3316],[-94.1902,36.3316],[-94.1886,36.3321],[-94.1886,36.3332],[-94.1879,36.3331],[-94.1849,36.3338],[-94.1842,36.333],[-94.1835,36.335],[-94.1794,36.3495],[-94.179,36.3494],[-94.1702,36.3492],[-94.17,36.3562],[-94.1701,36.3562],[-94.17,36.3592],[-94.1655,36.3579],[-94.1654,36.3616],[-94.161,36.3614],[-94.1579,36.3614],[-94.1572,36.3577],[-94.1554,36.3587],[-94.1519,36.3585],[-94.1517,36.3585],[-94.1517,36.3576],[-94.1386,36.3573],[-94.1385,36.3591],[-94.143,36.3593],[-94.143,36.362],[-94.1385,36.3619],[-94.1385,36.3609],[-94.134,36.3609],[-94.1341,36.3591],[-94.1184,36.3588],[-94.1183,36.3608],[-94.1223,36.3598],[-94.1222,36.3624],[-94.1183,36.3623],[-94.1181,36.3696],[-94.1192,36.3696],[-94.1191,36.3733],[-94.1185,36.3732],[-94.1185,36.3767],[-94.1184,36.3806],[-94.12,36.3806],[-94.1199,36.3842],[-94.1186,36.3842],[-94.1185,36.3878],[-94.1198,36.3906],[-94.1153,36.3904],[-94.1153,36.3903],[-94.1153,36.3914],[-94.1157,36.3914],[-94.1193,36.3931],[-94.1196,36.3939],[-94.1195,36.3944],[-94.1192,36.3947],[-94.1175,36.3957],[-94.117,36.3963],[-94.117,36.3978],[-94.1168,36.3986],[-94.1167,36.399],[-94.1171,36.4014],[-94.115,36.4013],[-94.115,36.3976],[-94.1122,36.3976],[-94.1111,36.4012],[-94.1108,36.4053],[-94.1108,36.4061],[-94.1086,36.406],[-94.1086,36.4057],[-94.1061,36.4056],[-94.1062,36.4021],[-94.1076,36.402],[-94.1092,36.3973],[-94.1063,36.3972],[-94.1065,36.3909],[-94.113,36.3911],[-94.1133,36.3766],[-94.107,36.3765],[-94.1059,36.3806],[-94.1046,36.3814],[-94.1044,36.3837],[-94.1022,36.3837],[-94.1025,36.3764],[-94.098,36.3762],[-94.098,36.3745],[-94.0981,36.3691],[-94.0983,36.3655],[-94.1026,36.3656],[-94.1027,36.362],[-94.0984,36.3619],[-94.0986,36.3546],[-94.1037,36.3548],[-94.1039,36.3498],[-94.0904,36.3496],[-94.0859,36.3494],[-94.0859,36.3465],[-94.0859,36.3463],[-94.0859,36.3438],[-94.0859,36.3415],[-94.0858,36.3387],[-94.0833,36.3366],[-94.0815,36.334],[-94.0836,36.3289],[-94.0828,36.3257],[-94.0862,36.3257],[-94.0862,36.3184],[-94.0862,36.3148],[-94.084,36.3148],[-94.084,36.3111],[-94.0863,36.3112],[-94.0853,36.3087],[-94.0835,36.3085],[-94.0818,36.3073],[-94.0861,36.3055],[-94.0818,36.3055],[-94.082,36.3021],[-94.0836,36.3014],[-94.0843,36.303],[-94.0832,36.3042],[-94.0862,36.305],[-94.0864,36.3038],[-94.0891,36.3038],[-94.0888,36.3094],[-94.092,36.3095],[-94.092,36.3072],[-94.0932,36.3074],[-94.0938,36.3095],[-94.0954,36.3095],[-94.0954,36.3077],[-94.1,36.3077],[-94.1,36.3082],[-94.1022,36.3082],[-94.1011,36.3067],[-94.1,36.3067],[-94.1,36.3059],[-94.1056,36.3059],[-94.1056,36.3041],[-94.108,36.3041],[-94.1078,36.3045],[-94.1085,36.3046],[-94.1086,36.3041],[-94.1135,36.3041],[-94.1135,36.3042],[-94.1135,36.3051],[-94.1165,36.3051],[-94.1165,36.3041],[-94.1165,36.3024],[-94.1113,36.3024],[-94.1113,36.3034],[-94.1085,36.3034],[-94.1099,36.3],[-94.1103,36.2987],[-94.1044,36.2986],[-94.1061,36.2977],[-94.1044,36.2958],[-94.1045,36.2932],[-94.1108,36.2932],[-94.1116,36.2896],[-94.1127,36.286],[-94.1167,36.286],[-94.1165,36.2896],[-94.118,36.2896],[-94.1182,36.2825],[-94.1182,36.2823],[-94.121,36.2824],[-94.1211,36.2806],[-94.1227,36.2807],[-94.1227,36.2824],[-94.1271,36.2826],[-94.1299,36.2827],[-94.1406,36.283],[-94.1432,36.2831],[-94.1433,36.2831],[-94.145,36.2831],[-94.145,36.2828],[-94.1451,36.2795],[-94.1415,36.2794],[-94.1416,36.2772],[-94.1408,36.274],[-94.1454,36.2741],[-94.1456,36.2688],[-94.1524,36.2688],[-94.1525,36.2654],[-94.1634,36.2657],[-94.1725,36.2659],[-94.177,36.266],[-94.177,36.266],[-94.1994,36.2665],[-94.1995,36.2629],[-94.2039,36.263],[-94.2038,36.27],[-94.2036,36.2773],[-94.1991,36.2772],[-94.1946,36.2771],[-94.1901,36.277],[-94.1899,36.2831],[-94.1899,36.2843],[-94.1943,36.2844],[-94.1945,36.2779],[-94.1956,36.2789],[-94.199,36.279],[-94.2033,36.2791],[-94.2035,36.2809],[-94.208,36.281],[-94.2082,36.2738],[-94.2105,36.2738],[-94.2102,36.281],[-94.2131,36.2811],[-94.213,36.282],[-94.2139,36.282],[-94.214,36.2811],[-94.2229,36.2812],[-94.224,36.2809],[-94.2238,36.2856],[-94.2238,36.2876],[-94.2254,36.2877],[-94.226,36.2849],[-94.2283,36.2849],[-94.2282,36.2859],[-94.2282,36.2905],[-94.2327,36.2905],[-94.2326,36.2924],[-94.2371,36.2924],[-94.2416,36.2925],[-94.2417,36.2889],[-94.2484,36.2891],[-94.2485,36.2854],[-94.2507,36.2854],[-94.2506,36.2908]],[[-94.1175,36.3753],[-94.1156,36.3753],[-94.1156,36.3762],[-94.1159,36.3762],[-94.1164,36.3763],[-94.1167,36.3765],[-94.1169,36.3766],[-94.1171,36.3766],[-94.1174,36.3767],[-94.1175,36.3753]],[[-94.1129,36.2969],[-94.1108,36.2969],[-94.1107,36.2971],[-94.1104,36.2982],[-94.1129,36.2982],[-94.1129,36.2969]],[[-94.1038,36.3088],[-94.1022,36.3088],[-94.1022,36.3091],[-94.0999,36.3091],[-94.0999,36.3095],[-94.0999,36.3095],[-94.1038,36.3096],[-94.1038,36.3088]],[[-94.1943,36.2844],[-94.1942,36.2916],[-94.1986,36.2917],[-94.1987,36.2917],[-94.1988,36.2844],[-94.1943,36.2844]]]]}},{"type":"Feature","id":"0503280","properties":{"name":"Bald Knob","land_sqmi":4.95,"lat":35.3163,"lon":-91.5713},"geometry":{"type":"MultiPolygon","coordinates":[[[[-91.5978,35.3083],[-91.597,35.3116],[-91.5974,35.3134],[-91.5973,35.3158],[-91.5954,35.3169],[-91.5935,35.3167],[-91.5901,35.3191],[-91.5907,35.3199],[-91.5826,35.3199],[-91.5794,35.3179],[-91.5774,35.3193],[-91.575,35.3199],[-91.5704,35.3198],[-91.5703,35.3256],[-91.5761,35.3257],[-91.5781,35.3252],[-91.5792,35.324],[-91.5792,35.3258],[-91.5816,35.3258],[-91.5816,35.3295],[-91.5703,35.3292],[-91.5614,35.3292],[-91.5611,35.3353],[-91.5568,35.3364],[-91.5568,35.3359],[-91.5606,35.3349],[-91.5607,35.3327],[-91.5446,35.3325],[-91.5456,35.3319],[-91.5456,35.3297],[-91.5481,35.3298],[-91.5481,35.3289],[-91.5452,35.3289],[-91.5527,35.3219],[-91.553,35.3071],[-91.5485,35.307],[-91.5486,35.3034],[-91.553,35.3034],[-91.5532,35.2962],[-91.571,35.2965],[-91.5891,35.2968],[-91.589,35.3007],[-91.5979,35.3007],[-91.5978,35.3083]]]]}},{"type":"Feature","id":"0535500","properties":{"name":"Johnson","land_sqmi":3.61,"lat":36.1335,"lon":-94.1752},"geometry":{"type":"MultiPolygon","coordinates":[[[[-94.2026,36.1321],[-94.2024,36.1346],[-94.2016,36.1352],[-94.198,36.1353],[-94.198,36.1353],[-94.1979,36.1394],[-94.1973,36.1394],[-94.1979,36.1402],[-94.1978,36.1429],[-94.171,36.1425],[-94.1707,36.1497],[-94.1663,36.1497],[-94.1664,36.1461],[-94.1632,36.146],[-94.1632,36.1424],[-94.1598,36.1423],[-94.1575,36.1431],[-94.1577,36.1399],[-94.1589,36.1386],[-94.1575,36.1387],[-94.1532,36.1386],[-94.1533,36.1333],[-94.1511,36.1333],[-94.1479,36.1335],[-94.1478,36.1313],[-94.1526,36.1316],[-94.1534,36.1304],[-94.155,36.1305],[-94.1576,36.1296],[-94.158,36.1296],[-94.1582,36.1206],[-94.1583,36.12],[-94.1607,36.1201],[-94.1609,36.1218],[-94.1633,36.1232],[-94.1635,36.1201],[-94.1672,36.1194],[-94.1672,36.1206],[-94.1761,36.1207],[-94.1763,36.1173],[-94.1774,36.1173],[-94.1806,36.1173],[-94.1806,36.1183],[-94.1806,36.121],[-94.1894,36.1211],[-94.1891,36.1283],[-94.1977,36.1285],[-94.1976,36.1297],[-94.201,36.1298],[-94.2018,36.1293],[-94.2025,36.1303],[-94.2026,36.1321]]]]}},{"type":"Feature","id":"0552880","properties":{"name":"Oxford","land_sqmi":6.54,"lat":36.2086,"lon":-91.9084},"geometry":{"type":"MultiPolygon","coordinates":[[[[-91.953,36.2095],[-91.9351,36.2092],[-91.9349,36.2193],[-91.946,36.2194],[-91.9458,36.2204],[-91.9439,36.2212],[-91.9349,36.2211],[-91.9346,36.2349],[-91.9279,36.2348],[-91.9276,36.2475],[-91.9344,36.2476],[-91.9343,36.2512],[-91.9275,36.2511],[-91.9274,36.2565],[-91.9249,36.2565],[-91.9229,36.2565],[-91.9233,36.2348],[-91.9256,36.2348],[-91.9258,36.2276],[-91.8895,36.227],[-91.8894,36.2307],[-91.8729,36.2302],[-91.8726,36.2339],[-91.8638,36.2338],[-91.8639,36.2265],[-91.8727,36.2266],[-91.8819,36.2268],[-91.8819,36.2195],[-91.8966,36.2197],[-91.8969,36.2068],[-91.9015,36.2069],[-91.9011,36.2198],[-91.9169,36.2201],[-91.917,36.2164],[-91.9215,36.2164],[-91.9217,36.2091],[-91.9172,36.209],[-91.9171,36.2107],[-91.9161,36.2097],[-91.9134,36.209],[-91.9082,36.2089],[-91.9082,36.2052],[-91.9218,36.2054],[-91.9221,36.1871],[-91.9132,36.187],[-91.9133,36.1797],[-91.9223,36.1798],[-91.9227,36.1688],[-91.917,36.1686],[-91.9171,36.1607],[-91.9349,36.1609],[-91.9349,36.1689],[-91.9317,36.1689],[-91.9308,36.2018],[-91.9442,36.2021],[-91.944,36.2057],[-91.953,36.2058],[-91.953,36.2095]]]]}},{"type":"Feature","id":"0532470","properties":{"name":"Hindsville","land_sqmi":0.37,"lat":36.1458,"lon":-93.8627},"geometry":{"type":"MultiPolygon","coordinates":[[[[-93.8671,36.1514],[-93.8581,36.1511],[-93.8584,36.1403],[-93.8671,36.1405],[-93.8673,36.1405],[-93.8671,36.1514]]]]}},{"type":"Feature","id":"0527970","properties":{"name":"Grannis","land_sqmi":7.93,"lat":34.2348,"lon":-94.318},"geometry":{"type":"MultiPolygon","coordinates":[[[[-94.3658,34.2625],[-94.357,34.2629],[-94.357,34.2703],[-94.3527,34.2704],[-94.3527,34.2712],[-94.3395,34.271],[-94.3355,34.2709],[-94.3345,34.2672],[-94.314,34.2676],[-94.314,34.264],[-94.3053,34.2642],[-94.3052,34.261],[-94.3057,34.261],[-94.3097,34.2605],[-94.3096,34.2495],[-94.3139,34.2495],[-94.3139,34.2458],[-94.3227,34.2457],[-94.3226,34.242],[-94.3052,34.2424],[-94.3052,34.2387],[-94.3008,34.2388],[-94.3008,34.2352],[-94.3052,34.2352],[-94.3051,34.2315],[-94.2702,34.232],[-94.2701,34.2283],[-94.2745,34.2283],[-94.2744,34.2246],[-94.2963,34.2244],[-94.2963,34.2262],[-94.3007,34.2261],[-94.3007,34.2279],[-94.3139,34.2277],[-94.3139,34.2204],[-94.3095,34.2205],[-94.3094,34.2169],[-94.3138,34.2168],[-94.309,34.2122],[-94.308,34.2097],[-94.305,34.2097],[-94.3049,34.1987],[-94.3224,34.1984],[-94.3226,34.2202],[-94.3269,34.2201],[-94.327,34.2274],[-94.3315,34.2274],[-94.3315,34.231],[-94.3357,34.231],[-94.3358,34.2346],[-94.3401,34.2346],[-94.3401,34.2359],[-94.338,34.236],[-94.338,34.2382],[-94.3402,34.2382],[-94.3402,34.2441],[-94.3413,34.2439],[-94.3446,34.2448],[-94.3446,34.2529],[-94.3446,34.2563],[-94.3483,34.256],[-94.357,34.2557],[-94.3571,34.2594],[-94.3657,34.2591],[-94.3658,34.2625]],[[-94.3358,34.2455],[-94.3314,34.2455],[-94.3315,34.2528],[-94.3227,34.253],[-94.3228,34.2639],[-94.3333,34.2637],[-94.3327,34.2613],[-94.3335,34.2581],[-94.3354,34.2553],[-94.336,34.2534],[-94.3358,34.2455]]]]}},{"type":"Feature","id":"0506730","properties":{"name":"Black Springs","land_sqmi":0.45,"lat":34.4606,"lon":-93.7106},"geometry":{"type":"MultiPolygon","coordinates":[[[[-93.7228,34.4579],[-93.7215,34.4589],[-93.7215,34.4606],[-93.7205,34.4607],[-93.7205,34.4624],[-93.7149,34.4624],[-93.7148,34.467],[-93.7104,34.4669],[-93.7104,34.4624],[-93.6984,34.4621],[-93.6984,34.4594],[-93.7127,34.4597],[-93.7127,34.4543],[-93.7138,34.4556],[-93.7149,34.4556],[-93.7149,34.458],[-93.7164,34.4581],[-93.7162,34.4564],[-93.7226,34.4563],[-93.7228,34.4579]]]]}},{"type":"Feature","id":"0527310","properties":{"name":"Glenwood","land_sqmi":8.91,"lat":34.3205,"lon":-93.5261},"geometry":{"type":"MultiPolygon","coordinates":[[[[-93.5737,34.3401],[-93.5722,34.343],[-93.5718,34.3434],[-93.5682,34.3433],[-93.5684,34.345],[-93.5602,34.3448],[-93.5599,34.343],[-93.5544,34.3428],[-93.5527,34.3428],[-93.5526,34.3464],[-93.5491,34.3463],[-93.5492,34.3449],[-93.5447,34.3449],[-93.5444,34.3426],[-93.5447,34.3426],[-93.5448,34.3384],[-93.5407,34.3383],[-93.5405,34.3425],[-93.505,34.3415],[-93.5049,34.3433],[-93.5029,34.343],[-93.5023,34.3426],[-93.502,34.3414],[-93.5006,34.3412],[-93.5006,34.3395],[-93.4962,34.3394],[-93.4961,34.3412],[-93.4932,34.3411],[-93.4927,34.3434],[-93.4915,34.3432],[-93.4915,34.3448],[-93.4894,34.3461],[-93.4894,34.3448],[-93.4828,34.3446],[-93.4828,34.3409],[-93.4785,34.3408],[-93.4789,34.3261],[-93.4921,34.3266],[-93.4921,34.3237],[-93.4943,34.324],[-93.4978,34.3232],[-93.5045,34.3233],[-93.5045,34.3247],[-93.5067,34.3247],[-93.5077,34.3259],[-93.5098,34.327],[-93.5123,34.327],[-93.5124,34.3233],[-93.5277,34.3234],[-93.5268,34.3208],[-93.5249,34.3199],[-93.5277,34.3199],[-93.5275,34.3127],[-93.5323,34.3127],[-93.5323,34.3091],[-93.537,34.309],[-93.5367,34.3067],[-93.5352,34.3046],[-93.5323,34.3033],[-93.53,34.3018],[-93.5324,34.3018],[-93.5324,34.2981],[-93.5302,34.2981],[-93.5303,34.2945],[-93.5456,34.2947],[-93.5456,34.2983],[-93.5499,34.2983],[-93.5499,34.3057],[-93.5454,34.3056],[-93.5455,34.3092],[-93.544,34.3093],[-93.544,34.3104],[-93.5455,34.3105],[-93.5452,34.3152],[-93.5459,34.3129],[-93.5499,34.313],[-93.5498,34.3166],[-93.5542,34.3167],[-93.555,34.3154],[-93.5577,34.3166],[-93.5591,34.3188],[-93.5572,34.3204],[-93.5628,34.3204],[-93.5628,34.317],[-93.5669,34.3168],[-93.5695,34.3169],[-93.5693,34.3207],[-93.5715,34.3207],[-93.5714,34.3237],[-93.5692,34.324],[-93.567,34.3238],[-93.5668,34.3317],[-93.5706,34.3349],[-93.573,34.3362],[-93.5737,34.3401]]]]}},{"type":"Feature","id":"0566320","properties":{"name":"Stamps","land_sqmi":3.05,"lat":33.3474,"lon":-93.4948},"geometry":{"type":"MultiPolygon","coordinates":[[[[-93.5122,33.3627],[-93.5101,33.3626],[-93.5098,33.3698],[-93.5077,33.3698],[-93.5076,33.3716],[-93.5017,33.3713],[-93.5016,33.3713],[-93.4926,33.3709],[-93.4925,33.3727],[-93.4855,33.3724],[-93.4863,33.3711],[-93.4878,33.3712],[-93.4878,33.3707],[-93.4886,33.3707],[-93.4887,33.3691],[-93.4875,33.369],[-93.4828,33.3687],[-93.4816,33.3723],[-93.4793,33.3722],[-93.4773,33.3721],[-93.4774,33.3685],[-93.4785,33.3685],[-93.4787,33.3649],[-93.4798,33.365],[-93.482,33.365],[-93.4826,33.3494],[-93.4827,33.3469],[-93.4914,33.3473],[-93.4916,33.3401],[-93.4959,33.3402],[-93.4962,33.333],[-93.4959,33.333],[-93.4963,33.3258],[-93.4951,33.3246],[-93.4966,33.3247],[-93.4968,33.3221],[-93.4979,33.3221],[-93.4985,33.3256],[-93.4998,33.3287],[-93.501,33.3332],[-93.4984,33.3331],[-93.4982,33.3388],[-93.4982,33.3402],[-93.5003,33.3403],[-93.5,33.3477],[-93.5085,33.3479],[-93.5082,33.3553],[-93.5103,33.3553],[-93.5102,33.3591],[-93.5123,33.3591],[-93.5122,33.3627]]]]}},{"type":"Feature","id":"0507450","properties":{"name":"Bodcaw","land_sqmi":3.0,"lat":33.5627,"lon":-93.4015},"geometry":{"type":"MultiPolygon","coordinates":[[[[-93.4276,33.5662],[-93.4096,33.5659],[-93.4094,33.5695],[-93.3921,33.5692],[-93.392,33.5728],[-93.3832,33.5726],[-93.3837,33.5616],[-93.3751,33.5614],[-93.3754,33.5527],[-93.428,33.5535],[-93.4276,33.5662]]]]}},{"type":"Feature","id":"0575770","properties":{"name":"Willisville","land_sqmi":1.6,"lat":33.5228,"lon":-93.296},"geometry":{"type":"MultiPolygon","coordinates":[[[[-93.3131,33.5235],[-93.3003,33.5232],[-93.3001,33.5269],[-93.2958,33.5267],[-93.2956,33.5304],[-93.2913,33.5302],[-93.2911,33.5338],[-93.2889,33.5338],[-93.2885,33.5431],[-93.2845,33.543],[-93.2848,33.5334],[-93.2867,33.5335],[-93.2869,33.53],[-93.2891,33.5301],[-93.2892,33.5265],[-93.2914,33.5266],[-93.2916,33.5227],[-93.2938,33.5227],[-93.2939,33.5191],[-93.2917,33.519],[-93.2919,33.5154],[-93.2832,33.5152],[-93.2831,33.517],[-93.2788,33.5168],[-93.2791,33.5114],[-93.292,33.5117],[-93.2921,33.5044],[-93.2878,33.5043],[-93.2879,33.5025],[-93.2965,33.5027],[-93.2964,33.5081],[-93.3028,33.5085],[-93.3027,33.5157],[-93.3046,33.5158],[-93.3045,33.518],[-93.3089,33.518],[-93.3088,33.5199],[-93.3132,33.5199],[-93.3131,33.5235]]]]}},{"type":"Feature","id":"0505920","properties":{"name":"Bigelow","land_sqmi":0.94,"lat":34.9976,"lon":-92.6303},"geometry":{"type":"MultiPolygon","coordinates":[[[[-92.6401,34.9973],[-92.6342,34.9972],[-92.6364,34.9993],[-92.6372,35.002],[-92.6369,35.0046],[-92.6354,35.0046],[-92.6354,35.0064],[-92.6321,35.0063],[-92.632,35.0081],[-92.6298,35.0081],[-92.6299,35.0053],[-92.6222,35.0052],[-92.6222,35.0035],[-92.6202,35.003],[-92.6202,35.001],[-92.6212,35.0004],[-92.6213,34.997],[-92.6224,34.997],[-92.6225,34.9943],[-92.6269,34.9944],[-92.6269,34.9952],[-92.6313,34.9953],[-92.6315,34.9871],[-92.638,34.9874],[-92.6403,34.9882],[-92.6401,34.9973]]]]}},{"type":"Feature","id":"0548290","properties":{"name":"Murfreesboro","land_sqmi":3.68,"lat":34.0539,"lon":-93.6829},"geometry":{"type":"MultiPolygon","coordinates":[[[[-93.6772,34.0666],[-93.6775,34.0668],[-93.6757,34.0679],[-93.6754,34.0681],[-93.6754,34.0676],[-93.6756,34.0643],[-93.6789,34.0644],[-93.6772,34.0666]]],[[[-93.706,34.0639],[-93.6973,34.0635],[-93.6972,34.0655],[-93.6942,34.065],[-93.6941,34.0681],[-93.6978,34.0709],[-93.6995,34.0717],[-93.6994,34.0783],[-93.6983,34.0793],[-93.6966,34.0792],[-93.6966,34.0782],[-93.6924,34.078],[-93.693,34.0802],[-93.6941,34.0807],[-93.694,34.0841],[-93.6957,34.0842],[-93.6964,34.0854],[-93.6964,34.0873],[-93.6923,34.0866],[-93.6922,34.0862],[-93.6914,34.0862],[-93.6915,34.0834],[-93.6898,34.0833],[-93.6915,34.0825],[-93.6916,34.0801],[-93.6891,34.0779],[-93.688,34.0778],[-93.6882,34.074],[-93.6874,34.0739],[-93.6837,34.0793],[-93.6834,34.0849],[-93.6791,34.0848],[-93.6787,34.0832],[-93.6795,34.0826],[-93.678,34.081],[-93.6774,34.0792],[-93.6808,34.0776],[-93.6751,34.0774],[-93.6751,34.0764],[-93.6718,34.0794],[-93.6704,34.0797],[-93.6705,34.0772],[-93.6723,34.0772],[-93.6781,34.0718],[-93.6764,34.0709],[-93.6736,34.0715],[-93.6719,34.0735],[-93.6712,34.0732],[-93.6726,34.0715],[-93.6694,34.0725],[-93.6694,34.0736],[-93.6709,34.0736],[-93.6708,34.0755],[-93.6686,34.0754],[-93.6687,34.0727],[-93.6665,34.0734],[-93.6666,34.0722],[-93.6735,34.07],[-93.6754,34.0681],[-93.6753,34.0697],[-93.684,34.0695],[-93.6843,34.0626],[-93.682,34.0627],[-93.6825,34.0611],[-93.6843,34.0612],[-93.6845,34.0559],[-93.6864,34.056],[-93.687,34.0451],[-93.684,34.045],[-93.6837,34.0467],[-93.6824,34.0478],[-93.6829,34.0487],[-93.6762,34.0485],[-93.6762,34.0447],[-93.6719,34.0446],[-93.6721,34.0398],[-93.6715,34.0402],[-93.6679,34.0387],[-93.6681,34.0336],[-93.6638,34.0335],[-93.6639,34.0299],[-93.6597,34.0298],[-93.6599,34.0262],[-93.6636,34.0263],[-93.6641,34.0257],[-93.6643,34.0206],[-93.6697,34.0236],[-93.6714,34.0233],[-93.6748,34.0237],[-93.6767,34.0267],[-93.6814,34.0268],[-93.6812,34.0319],[-93.6829,34.0318],[-93.6837,34.0327],[-93.6819,34.0334],[-93.6823,34.034],[-93.6808,34.0365],[-93.6814,34.0378],[-93.6836,34.0378],[-93.6837,34.0413],[-93.6894,34.0415],[-93.6893,34.0433],[-93.6901,34.0442],[-93.6899,34.0488],[-93.6933,34.0489],[-93.6931,34.0562],[-93.6981,34.0564],[-93.6989,34.0573],[-93.7,34.0566],[-93.7028,34.0565],[-93.7053,34.0549],[-93.7051,34.0566],[-93.7062,34.0566],[-93.706,34.0639]],[[-93.6848,34.0733],[-93.6824,34.0734],[-93.6833,34.0747],[-93.6825,34.0765],[-93.682,34.0776],[-93.6839,34.0777],[-93.6848,34.0733]]]]}},{"type":"Feature","id":"0544780","properties":{"name":"Maynard","land_sqmi":1.17,"lat":36.4198,"lon":-90.9013},"geometry":{"type":"MultiPolygon","coordinates":[[[[-90.9204,36.4159],[-90.9089,36.4181],[-90.9048,36.4195],[-90.9046,36.4246],[-90.9155,36.425],[-90.9153,36.4295],[-90.9011,36.429],[-90.9057,36.4382],[-90.9067,36.4387],[-90.9132,36.4391],[-90.9149,36.4398],[-90.9148,36.4407],[-90.9127,36.4398],[-90.9058,36.4393],[-90.9052,36.439],[-90.9034,36.4357],[-90.9022,36.4356],[-90.8985,36.4282],[-90.8966,36.4244],[-90.8911,36.4243],[-90.8912,36.4202],[-90.8891,36.4206],[-90.8883,36.4207],[-90.8826,36.42],[-90.8822,36.4199],[-90.8824,36.415],[-90.8846,36.4151],[-90.8845,36.4183],[-90.8826,36.4182],[-90.8825,36.4199],[-90.8876,36.4206],[-90.8912,36.4201],[-90.8915,36.4133],[-90.8967,36.4134],[-90.8971,36.4115],[-90.8996,36.4062],[-90.9032,36.3988],[-90.9043,36.3989],[-90.9007,36.4062],[-90.8981,36.4118],[-90.8977,36.4134],[-90.905,36.4136],[-90.9049,36.4174],[-90.9205,36.4142],[-90.9204,36.4159]]]]}},{"type":"Feature","id":"0556540","properties":{"name":"Pocahontas","land_sqmi":7.69,"lat":36.2662,"lon":-90.9704},"geometry":{"type":"MultiPolygon","coordinates":[[[[-91.0012,36.2931],[-90.9975,36.2931],[-90.9975,36.2922],[-91.0012,36.2922],[-91.0012,36.2931]]],[[[-91.0061,36.2579],[-91.006,36.2592],[-91.002,36.259],[-91.0001,36.2585],[-90.9994,36.2608],[-90.9994,36.2585],[-90.9977,36.2588],[-90.9957,36.263],[-90.9929,36.263],[-90.9929,36.2651],[-90.9974,36.265],[-90.9974,36.2663],[-90.9892,36.2662],[-90.9884,36.2651],[-90.9883,36.2674],[-90.9973,36.2675],[-90.9972,36.2687],[-90.9928,36.2687],[-90.9927,36.2722],[-90.9882,36.2705],[-90.9899,36.2723],[-90.9927,36.2724],[-90.9927,36.2745],[-90.9952,36.2746],[-90.9951,36.2761],[-90.9971,36.2761],[-90.9971,36.2786],[-90.9987,36.2786],[-90.9986,36.2809],[-91.0,36.2809],[-91.0002,36.2798],[-91.0015,36.2798],[-91.0014,36.2824],[-91.0007,36.2835],[-90.9977,36.2835],[-90.9982,36.2818],[-90.997,36.2816],[-90.9968,36.2871],[-91.0058,36.2872],[-91.0057,36.2927],[-91.0027,36.2905],[-90.9985,36.2892],[-90.9975,36.2916],[-90.9975,36.2922],[-90.9966,36.2922],[-90.9966,36.2945],[-91.0011,36.2945],[-91.0011,36.2962],[-90.9988,36.2963],[-90.9988,36.2954],[-90.9965,36.2953],[-90.9966,36.2981],[-90.992,36.298],[-90.9922,36.2929],[-90.9892,36.2929],[-90.9892,36.2907],[-90.9854,36.2906],[-90.9854,36.2883],[-90.9893,36.2883],[-90.9893,36.2871],[-90.9856,36.287],[-90.9857,36.2833],[-90.9789,36.2832],[-90.979,36.2795],[-90.9776,36.2803],[-90.9753,36.2802],[-90.9743,36.2794],[-90.9713,36.2822],[-90.9707,36.2815],[-90.97,36.2807],[-90.969,36.2804],[-90.9678,36.2796],[-90.9645,36.2793],[-90.9518,36.2792],[-90.9517,36.2865],[-90.9427,36.2863],[-90.9427,36.2835],[-90.9428,36.2826],[-90.9402,36.2826],[-90.9483,36.2797],[-90.9536,36.2756],[-90.9519,36.2756],[-90.9521,36.2664],[-90.9509,36.2671],[-90.9496,36.2662],[-90.9495,36.2611],[-90.951,36.257],[-90.9509,36.2565],[-90.9476,36.2553],[-90.9435,36.257],[-90.9437,36.2494],[-90.9347,36.2493],[-90.9347,36.2451],[-90.9376,36.2452],[-90.9377,36.2438],[-90.9438,36.2439],[-90.9441,36.2384],[-90.9535,36.2386],[-90.9536,36.2344],[-90.9618,36.2344],[-90.9617,36.2388],[-90.9621,36.2401],[-90.9637,36.2394],[-90.968,36.2395],[-90.9679,36.2463],[-90.9798,36.2465],[-90.9797,36.2494],[-90.9816,36.2482],[-90.983,36.2494],[-90.983,36.2474],[-90.9842,36.2461],[-90.9844,36.2474],[-90.9869,36.2497],[-90.9887,36.2497],[-90.9898,36.2501],[-90.9898,36.254],[-90.9976,36.2541],[-90.9976,36.256],[-91.0021,36.256],[-91.0034,36.2569],[-91.0061,36.257],[-91.0061,36.2579]]]]}},{"type":"Feature","id":"0507720","properties":{"name":"Booneville","land_sqmi":3.94,"lat":35.1371,"lon":-93.9159},"geometry":{"type":"MultiPolygon","coordinates":[[[[-93.9438,35.1433],[-93.9411,35.1432],[-93.9406,35.1455],[-93.9404,35.1492],[-93.9211,35.1487],[-93.9211,35.1487],[-93.9202,35.1487],[-93.9198,35.1486],[-93.9183,35.1486],[-93.9164,35.1522],[-93.9073,35.152],[-93.9074,35.1484],[-93.8949,35.1482],[-93.8947,35.1519],[-93.8879,35.1517],[-93.888,35.1459],[-93.8907,35.1451],[-93.8907,35.1389],[-93.9018,35.1369],[-93.9059,35.1365],[-93.9062,35.1265],[-93.9192,35.1266],[-93.9193,35.1231],[-93.9234,35.1232],[-93.9248,35.1232],[-93.9276,35.1219],[-93.9289,35.1233],[-93.9287,35.127],[-93.9318,35.1271],[-93.9317,35.1288],[-93.9401,35.129],[-93.9401,35.1301],[-93.9397,35.1381],[-93.9416,35.1382],[-93.9417,35.1415],[-93.9439,35.1418],[-93.9438,35.1433]]]]}},{"type":"Feature","id":"0558160","properties":{"name":"Ratcliff","land_sqmi":1.81,"lat":35.3056,"lon":-93.8895},"geometry":{"type":"MultiPolygon","coordinates":[[[[-93.9009,35.3122],[-93.9004,35.318],[-93.878,35.3165],[-93.8783,35.3056],[-93.8783,35.3003],[-93.8785,35.294],[-93.8797,35.2932],[-93.8922,35.2939],[-93.892,35.3012],[-93.9011,35.3018],[-93.9009,35.3122]]]]}},{"type":"Feature","id":"0567520","properties":{"name":"Subiaco","land_sqmi":1.89,"lat":35.2996,"lon":-93.6381},"geometry":{"type":"MultiPolygon","coordinates":[[[[-93.6516,35.3083],[-93.6516,35.3091],[-93.6423,35.3094],[-93.6423,35.3125],[-93.6409,35.3125],[-93.641,35.3094],[-93.6325,35.3092],[-93.6331,35.3084],[-93.6333,35.3013],[-93.6243,35.3013],[-93.6245,35.2939],[-93.6248,35.2866],[-93.638,35.2868],[-93.6378,35.2903],[-93.6468,35.2906],[-93.6467,35.2925],[-93.652,35.2925],[-93.6516,35.3083]]]]}},{"type":"Feature","id":"0534750","properties":{"name":"Jacksonville","land_sqmi":28.69,"lat":34.8822,"lon":-92.1288},"geometry":{"type":"MultiPolygon","coordinates":[[[[-92.0811,34.8707],[-92.0747,34.8707],[-92.0747,34.8672],[-92.0811,34.8672],[-92.0811,34.87],[-92.0811,34.8707]]],[[[-92.1845,34.8609],[-92.1837,34.8619],[-92.1794,34.8611],[-92.1792,34.8643],[-92.175,34.8643],[-92.1664,34.8642],[-92.1664,34.8648],[-92.1664,34.865],[-92.1664,34.8678],[-92.1616,34.8678],[-92.1624,34.8714],[-92.1623,34.8748],[-92.1746,34.8752],[-92.1747,34.8752],[-92.1771,34.8773],[-92.1787,34.8779],[-92.1786,34.8814],[-92.1777,34.882],[-92.1743,34.8866],[-92.1723,34.8886],[-92.1719,34.8894],[-92.1711,34.8927],[-92.1708,34.8965],[-92.1712,34.8978],[-92.1781,34.9032],[-92.178,34.9083],[-92.1778,34.9127],[-92.1649,34.9167],[-92.14,34.9232],[-92.1223,34.9287],[-92.1176,34.9287],[-92.1177,34.9251],[-92.1162,34.9251],[-92.1163,34.9187],[-92.1157,34.9181],[-92.1059,34.9135],[-92.105,34.9151],[-92.1066,34.9158],[-92.1053,34.9168],[-92.1054,34.9183],[-92.0989,34.9184],[-92.0989,34.9147],[-92.1005,34.9149],[-92.1006,34.9131],[-92.104,34.9147],[-92.105,34.9131],[-92.0972,34.9097],[-92.0867,34.9046],[-92.0859,34.9058],[-92.0847,34.908],[-92.0837,34.9109],[-92.0833,34.9138],[-92.0903,34.914],[-92.0902,34.9185],[-92.0866,34.9184],[-92.0865,34.9202],[-92.0895,34.9203],[-92.087,34.923],[-92.0852,34.9262],[-92.0836,34.9259],[-92.0824,34.9284],[-92.0824,34.9304],[-92.0868,34.9305],[-92.0868,34.9294],[-92.0912,34.9295],[-92.091,34.9322],[-92.0885,34.9324],[-92.0885,34.9314],[-92.0867,34.9314],[-92.0866,34.9323],[-92.0823,34.9321],[-92.0821,34.9394],[-92.0786,34.9393],[-92.0754,34.9423],[-92.0757,34.9428],[-92.0731,34.9435],[-92.0731,34.9421],[-92.0734,34.9354],[-92.0742,34.9348],[-92.0773,34.9348],[-92.0779,34.932],[-92.0783,34.9268],[-92.0737,34.9267],[-92.0737,34.9254],[-92.0756,34.9254],[-92.077,34.9246],[-92.0773,34.9232],[-92.0787,34.9232],[-92.0784,34.9209],[-92.0812,34.921],[-92.0814,34.9183],[-92.0777,34.9182],[-92.0777,34.9164],[-92.0769,34.9164],[-92.077,34.9146],[-92.0815,34.9147],[-92.0818,34.9054],[-92.082,34.8962],[-92.0739,34.8961],[-92.0732,34.8962],[-92.0732,34.8956],[-92.0734,34.8955],[-92.0795,34.8892],[-92.0788,34.8869],[-92.076,34.8828],[-92.0765,34.8807],[-92.0785,34.8799],[-92.0829,34.8815],[-92.0859,34.8808],[-92.0881,34.8789],[-92.0881,34.8771],[-92.0873,34.877],[-92.0876,34.8705],[-92.0883,34.8669],[-92.0885,34.8669],[-92.0888,34.8595],[-92.0837,34.8594],[-92.084,34.853],[-92.0904,34.8522],[-92.0915,34.8496],[-92.0928,34.8497],[-92.0927,34.8522],[-92.0957,34.8523],[-92.096,34.8522],[-92.096,34.8514],[-92.0977,34.8514],[-92.0978,34.8512],[-92.0992,34.8512],[-92.0991,34.8523],[-92.1089,34.8524],[-92.1103,34.8524],[-92.1106,34.8462],[-92.1107,34.8457],[-92.1154,34.8454],[-92.119,34.8441],[-92.1195,34.8413],[-92.124,34.8414],[-92.1241,34.8379],[-92.1229,34.8379],[-92.1231,34.8342],[-92.127,34.8341],[-92.1314,34.8343],[-92.1314,34.8364],[-92.133,34.8355],[-92.1351,34.8373],[-92.1374,34.8347],[-92.1379,34.8356],[-92.1403,34.8357],[-92.1402,34.8405],[-92.1444,34.8374],[-92.1447,34.8287],[-92.1449,34.8239],[-92.145,34.821],[-92.1525,34.821],[-92.1545,34.821],[-92.1544,34.824],[-92.1543,34.827],[-92.1587,34.8271],[-92.1625,34.8243],[-92.1625,34.8279],[-92.1668,34.828],[-92.1669,34.828],[-92.1668,34.8316],[-92.1647,34.8315],[-92.1646,34.8317],[-92.1645,34.8354],[-92.1652,34.836],[-92.1655,34.8363],[-92.1647,34.8367],[-92.1612,34.8389],[-92.1411,34.8516],[-92.1411,34.8521],[-92.1411,34.8523],[-92.141,34.8527],[-92.1543,34.8443],[-92.1608,34.8398],[-92.1622,34.8389],[-92.1634,34.8381],[-92.1638,34.8379],[-92.165,34.8373],[-92.1665,34.8366],[-92.1665,34.8368],[-92.1665,34.8385],[-92.1688,34.8388],[-92.1688,34.8415],[-92.1718,34.8416],[-92.1717,34.8514],[-92.1716,34.8532],[-92.1724,34.8534],[-92.1729,34.8534],[-92.1795,34.8536],[-92.1795,34.8544],[-92.1794,34.8596],[-92.1829,34.8573],[-92.1846,34.858],[-92.1845,34.8609]]]]}},{"type":"Feature","id":"0541420","properties":{"name":"Lonoke","land_sqmi":4.81,"lat":34.7915,"lon":-91.9054},"geometry":{"type":"MultiPolygon","coordinates":[[[[-91.9323,34.8037],[-91.9323,34.8066],[-91.9142,34.8061],[-91.9083,34.8063],[-91.9084,34.8039],[-91.9142,34.8037],[-91.9143,34.8011],[-91.9138,34.8033],[-91.9084,34.8033],[-91.8996,34.8026],[-91.8997,34.799],[-91.9144,34.7991],[-91.9145,34.7964],[-91.9158,34.7964],[-91.9159,34.7941],[-91.9145,34.7941],[-91.9146,34.7927],[-91.9054,34.7926],[-91.9053,34.7954],[-91.8975,34.7953],[-91.8975,34.7971],[-91.8953,34.7971],[-91.8951,34.804],[-91.895,34.8081],[-91.8907,34.8081],[-91.8905,34.8134],[-91.8881,34.8134],[-91.8881,34.8097],[-91.8798,34.8097],[-91.8802,34.8078],[-91.8825,34.8062],[-91.8851,34.8061],[-91.8851,34.8043],[-91.8862,34.8038],[-91.8869,34.7844],[-91.878,34.7841],[-91.878,34.7837],[-91.8782,34.7769],[-91.88,34.7769],[-91.8799,34.7806],[-91.8825,34.7806],[-91.8825,34.7837],[-91.8896,34.7838],[-91.8897,34.7825],[-91.8912,34.7826],[-91.8913,34.777],[-91.8931,34.777],[-91.8932,34.7733],[-91.8959,34.7733],[-91.896,34.7697],[-91.9004,34.7697],[-91.9151,34.77],[-91.9148,34.7816],[-91.9148,34.7843],[-91.9328,34.7845],[-91.9323,34.8037]]]]}},{"type":"Feature","id":"0504600","properties":{"name":"Beebe","land_sqmi":10.12,"lat":35.0726,"lon":-91.9091},"geometry":{"type":"MultiPolygon","coordinates":[[[[-91.9629,35.0708],[-91.9452,35.0708],[-91.9451,35.0763],[-91.9273,35.0763],[-91.9272,35.0837],[-91.9095,35.0837],[-91.9094,35.0867],[-91.8994,35.0866],[-91.8994,35.0885],[-91.8905,35.0883],[-91.8903,35.0953],[-91.8825,35.0952],[-91.8823,35.0937],[-91.8798,35.0937],[-91.878,35.0943],[-91.8765,35.0951],[-91.8725,35.095],[-91.8727,35.0865],[-91.8651,35.0864],[-91.8641,35.0845],[-91.866,35.0828],[-91.8552,35.0824],[-91.8555,35.0678],[-91.8641,35.0679],[-91.8641,35.0661],[-91.8701,35.0662],[-91.8702,35.0627],[-91.8685,35.0627],[-91.8686,35.0589],[-91.8731,35.059],[-91.8732,35.0536],[-91.8776,35.0536],[-91.8776,35.05],[-91.882,35.05],[-91.882,35.0537],[-91.9099,35.0543],[-91.9324,35.0544],[-91.9377,35.0544],[-91.9321,35.0582],[-91.932,35.0617],[-91.9475,35.0617],[-91.9474,35.0671],[-91.9629,35.0671],[-91.9629,35.0708]]]]}},{"type":"Feature","id":"0532140","properties":{"name":"Higginson","land_sqmi":1.27,"lat":35.1965,"lon":-91.7165},"geometry":{"type":"MultiPolygon","coordinates":[[[[-91.7326,35.195],[-91.7326,35.2008],[-91.7315,35.2011],[-91.731,35.2023],[-91.7192,35.2021],[-91.7192,35.2029],[-91.7138,35.2029],[-91.7067,35.2025],[-91.7027,35.2056],[-91.7014,35.2055],[-91.7014,35.1982],[-91.7061,35.1983],[-91.7061,35.1947],[-91.7004,35.1946],[-91.7003,35.1937],[-91.7038,35.1937],[-91.7038,35.1874],[-91.7148,35.1875],[-91.7149,35.1911],[-91.716,35.1911],[-91.716,35.1948],[-91.7297,35.195],[-91.7294,35.1926],[-91.7326,35.1927],[-91.7326,35.195]]]]}},{"type":"Feature","id":"0543220","properties":{"name":"McRae","land_sqmi":0.67,"lat":35.111,"lon":-91.8267},"geometry":{"type":"MultiPolygon","coordinates":[[[[-91.8384,35.1092],[-91.8302,35.109],[-91.8271,35.1114],[-91.8297,35.1136],[-91.8263,35.1162],[-91.8294,35.1163],[-91.8294,35.1199],[-91.8249,35.1206],[-91.8225,35.1198],[-91.8183,35.1161],[-91.8165,35.1161],[-91.8174,35.1153],[-91.8149,35.1132],[-91.8161,35.1123],[-91.8163,35.1052],[-91.8185,35.1052],[-91.8185,35.1071],[-91.8208,35.1071],[-91.8207,35.1088],[-91.8226,35.1073],[-91.8263,35.1106],[-91.8287,35.1088],[-91.8385,35.1013],[-91.8384,35.1092]]]]}},{"type":"Feature","id":"0561640","properties":{"name":"Russell","land_sqmi":0.21,"lat":35.3623,"lon":-91.5101},"geometry":{"type":"MultiPolygon","coordinates":[[[[-91.5157,35.3645],[-91.508,35.3643],[-91.505,35.3658],[-91.5044,35.3658],[-91.5044,35.3643],[-91.5055,35.3643],[-91.5056,35.3606],[-91.5045,35.3597],[-91.5068,35.3598],[-91.5068,35.3588],[-91.5124,35.359],[-91.5123,35.3607],[-91.5157,35.3608],[-91.5157,35.3645]]]]}},{"type":"Feature","id":"0502740","properties":{"name":"Augusta","land_sqmi":2.07,"lat":35.291,"lon":-91.3613},"geometry":{"type":"MultiPolygon","coordinates":[[[[-91.3756,35.2932],[-91.3695,35.2932],[-91.3693,35.2951],[-91.3674,35.2966],[-91.3661,35.2956],[-91.3578,35.2954],[-91.3577,35.3183],[-91.3515,35.3183],[-91.3513,35.3147],[-91.3538,35.3147],[-91.3538,35.311],[-91.3507,35.311],[-91.3507,35.308],[-91.3515,35.3074],[-91.357,35.3074],[-91.3566,35.302],[-91.3552,35.302],[-91.3569,35.3001],[-91.3569,35.2955],[-91.3493,35.2954],[-91.3493,35.293],[-91.3546,35.2931],[-91.3546,35.2902],[-91.3509,35.2869],[-91.3494,35.2862],[-91.3494,35.2876],[-91.3468,35.2876],[-91.3468,35.2858],[-91.3473,35.282],[-91.3496,35.282],[-91.3495,35.2855],[-91.3517,35.2844],[-91.3572,35.2826],[-91.3572,35.2831],[-91.3574,35.2831],[-91.3574,35.2827],[-91.3575,35.2826],[-91.3575,35.2825],[-91.3579,35.2824],[-91.3582,35.2638],[-91.3637,35.2638],[-91.3638,35.2677],[-91.3669,35.2679],[-91.3669,35.2712],[-91.3757,35.2712],[-91.3757,35.2737],[-91.3723,35.2745],[-91.3695,35.277],[-91.3695,35.2771],[-91.3694,35.2772],[-91.3692,35.2775],[-91.3684,35.2793],[-91.3681,35.2809],[-91.368,35.2829],[-91.3693,35.2857],[-91.3728,35.2893],[-91.3758,35.2904],[-91.3756,35.2932]]]]}},{"type":"Feature","id":"0523170","properties":{"name":"Farmington","land_sqmi":9.83,"lat":36.0342,"lon":-94.2544},"geometry":{"type":"MultiPolygon","coordinates":[[[[-94.2849,36.054],[-94.2842,36.0541],[-94.2819,36.0541],[-94.2819,36.0577],[-94.2804,36.0576],[-94.2803,36.065],[-94.2828,36.065],[-94.283,36.0663],[-94.2819,36.0663],[-94.2824,36.0686],[-94.282,36.0678],[-94.2802,36.0675],[-94.2802,36.0686],[-94.259,36.0685],[-94.258,36.0676],[-94.2535,36.0676],[-94.2535,36.0662],[-94.2564,36.0662],[-94.2565,36.0656],[-94.2535,36.0656],[-94.2537,36.061],[-94.2545,36.0578],[-94.2559,36.0575],[-94.2537,36.0575],[-94.2538,36.0538],[-94.2449,36.0537],[-94.2447,36.061],[-94.2425,36.061],[-94.2425,36.0592],[-94.2402,36.0591],[-94.2402,36.0576],[-94.2358,36.0572],[-94.2314,36.0572],[-94.2314,36.0572],[-94.2315,36.0515],[-94.2271,36.0514],[-94.2271,36.0498],[-94.2243,36.0498],[-94.2243,36.047],[-94.2239,36.0471],[-94.2266,36.0434],[-94.2243,36.0425],[-94.2244,36.0388],[-94.2273,36.0389],[-94.2274,36.038],[-94.2274,36.0379],[-94.2274,36.0353],[-94.2273,36.0353],[-94.2275,36.0291],[-94.2277,36.0135],[-94.2502,36.0138],[-94.2504,35.9999],[-94.2573,36.0],[-94.2591,36.0],[-94.2682,36.0002],[-94.2682,36.0038],[-94.2682,36.0055],[-94.2666,36.0054],[-94.2673,36.0074],[-94.2665,36.0094],[-94.267,36.0099],[-94.2669,36.0112],[-94.2681,36.0112],[-94.268,36.0117],[-94.2684,36.0122],[-94.268,36.0124],[-94.268,36.0138],[-94.267,36.0138],[-94.267,36.0159],[-94.2642,36.0159],[-94.2648,36.0167],[-94.2669,36.0167],[-94.268,36.017],[-94.2679,36.0249],[-94.2688,36.0249],[-94.2723,36.0249],[-94.272,36.041],[-94.271,36.0431],[-94.2807,36.0432],[-94.2806,36.0468],[-94.2776,36.0467],[-94.2775,36.0492],[-94.285,36.0492],[-94.2849,36.054]]]]}},{"type":"Feature","id":"0550000","properties":{"name":"Norfork","land_sqmi":2.23,"lat":36.2072,"lon":-92.2993},"geometry":{"type":"MultiPolygon","coordinates":[[[[-92.3496,36.2156],[-92.344,36.2168],[-92.3394,36.2164],[-92.3387,36.2172],[-92.3369,36.216],[-92.3328,36.2142],[-92.3305,36.2126],[-92.3275,36.2113],[-92.3248,36.2108],[-92.3222,36.2112],[-92.3192,36.2133],[-92.3183,36.2156],[-92.3185,36.2226],[-92.317,36.2269],[-92.3152,36.2288],[-92.3129,36.2301],[-92.309,36.2312],[-92.3073,36.2314],[-92.3049,36.2311],[-92.3015,36.2291],[-92.2975,36.2232],[-92.2962,36.2222],[-92.2928,36.2207],[-92.2893,36.2186],[-92.2874,36.2167],[-92.2868,36.2149],[-92.2869,36.213],[-92.2859,36.217],[-92.2845,36.2183],[-92.2844,36.2201],[-92.2844,36.2239],[-92.2799,36.224],[-92.2798,36.2275],[-92.2753,36.2277],[-92.2753,36.231],[-92.2685,36.2307],[-92.2685,36.2299],[-92.2662,36.2298],[-92.2662,36.2289],[-92.2639,36.2288],[-92.2639,36.2262],[-92.2647,36.2222],[-92.2672,36.2222],[-92.2742,36.2235],[-92.277,36.2243],[-92.2786,36.2242],[-92.2792,36.224],[-92.2791,36.2234],[-92.2763,36.2213],[-92.2764,36.2192],[-92.2802,36.2197],[-92.2819,36.2194],[-92.2774,36.2165],[-92.2795,36.2165],[-92.2812,36.2158],[-92.2834,36.2159],[-92.2841,36.215],[-92.2845,36.2142],[-92.2846,36.213],[-92.2756,36.2129],[-92.2756,36.2092],[-92.2711,36.2091],[-92.271,36.2128],[-92.2665,36.2127],[-92.2667,36.2063],[-92.2634,36.2044],[-92.2624,36.2026],[-92.2612,36.2025],[-92.2614,36.1989],[-92.2603,36.198],[-92.2581,36.1975],[-92.2541,36.1974],[-92.2513,36.1978],[-92.2513,36.1996],[-92.249,36.1996],[-92.2491,36.1968],[-92.2514,36.1969],[-92.2514,36.196],[-92.2536,36.196],[-92.2537,36.1942],[-92.2581,36.1949],[-92.2581,36.1961],[-92.2603,36.1962],[-92.2603,36.1972],[-92.265,36.1973],[-92.2661,36.1964],[-92.2662,36.1909],[-92.2674,36.1909],[-92.2674,36.1873],[-92.2714,36.1873],[-92.2681,36.1901],[-92.2685,36.1909],[-92.2683,36.1981],[-92.2647,36.1981],[-92.2636,36.1989],[-92.2635,36.2017],[-92.267,36.2037],[-92.268,36.2055],[-92.2757,36.2057],[-92.2761,36.1911],[-92.277,36.1911],[-92.2779,36.1911],[-92.2786,36.1874],[-92.2814,36.1842],[-92.2834,36.1831],[-92.2838,36.1837],[-92.2809,36.1855],[-92.2798,36.187],[-92.2792,36.1898],[-92.2801,36.1921],[-92.2826,36.1953],[-92.2809,36.1948],[-92.285,36.1985],[-92.2918,36.2034],[-92.2956,36.2082],[-92.2958,36.2091],[-92.2931,36.2098],[-92.2945,36.2118],[-92.2984,36.2164],[-92.3005,36.2207],[-92.3032,36.2223],[-92.3002,36.2232],[-92.2977,36.2176],[-92.2931,36.2124],[-92.2915,36.2102],[-92.2909,36.2108],[-92.2873,36.2129],[-92.2871,36.2143],[-92.2876,36.2165],[-92.2897,36.2186],[-92.2926,36.2203],[-92.2954,36.2214],[-92.2979,36.2231],[-92.2991,36.2248],[-92.3001,36.2244],[-92.3008,36.2242],[-92.3003,36.2234],[-92.3015,36.223],[-92.3017,36.2241],[-92.3036,36.2269],[-92.302,36.2277],[-92.301,36.228],[-92.3033,36.2301],[-92.3054,36.2309],[-92.3082,36.231],[-92.3127,36.2298],[-92.315,36.2286],[-92.3164,36.2271],[-92.3181,36.2226],[-92.318,36.2155],[-92.3196,36.2124],[-92.3226,36.2108],[-92.3248,36.2106],[-92.3288,36.2115],[-92.3315,36.2128],[-92.333,36.214],[-92.3371,36.2158],[-92.3386,36.2159],[-92.3396,36.215],[-92.3414,36.2157],[-92.3444,36.216],[-92.3468,36.2156],[-92.3492,36.2147],[-92.3496,36.2156]],[[-92.2809,36.2217],[-92.2793,36.221],[-92.2779,36.2206],[-92.2802,36.2226],[-92.2803,36.2225],[-92.2809,36.2217]]]]}},{"type":"Feature","id":"0544120","properties":{"name":"Marianna","land_sqmi":3.61,"lat":34.772,"lon":-90.7724},"geometry":{"type":"MultiPolygon","coordinates":[[[[-90.7982,34.777],[-90.7936,34.777],[-90.7936,34.7788],[-90.7854,34.7786],[-90.7853,34.7822],[-90.7844,34.788],[-90.7868,34.7903],[-90.7868,34.7911],[-90.7752,34.791],[-90.7752,34.7896],[-90.7732,34.7902],[-90.7664,34.7902],[-90.7664,34.7865],[-90.7631,34.7867],[-90.7636,34.7854],[-90.7619,34.7853],[-90.7604,34.7826],[-90.757,34.7825],[-90.757,34.78],[-90.7533,34.7799],[-90.7513,34.7791],[-90.749,34.7735],[-90.7483,34.7713],[-90.749,34.7674],[-90.7484,34.7673],[-90.7449,34.7656],[-90.7511,34.7655],[-90.7511,34.7634],[-90.7492,34.7634],[-90.7493,34.7596],[-90.7538,34.7596],[-90.7548,34.7559],[-90.7582,34.756],[-90.7583,34.7529],[-90.7672,34.753],[-90.7671,34.7561],[-90.7672,34.7597],[-90.7681,34.7597],[-90.7714,34.7636],[-90.7714,34.7657],[-90.7757,34.7657],[-90.7755,34.7732],[-90.7784,34.7737],[-90.7824,34.7737],[-90.7824,34.7728],[-90.7846,34.7728],[-90.7846,34.7748],[-90.7935,34.7749],[-90.7937,34.7749],[-90.7999,34.775],[-90.7982,34.777]]]]}},{"type":"Feature","id":"0562150","properties":{"name":"Salem","land_sqmi":2.41,"lat":36.3706,"lon":-91.8229},"geometry":{"type":"MultiPolygon","coordinates":[[[[-91.843,36.38],[-91.8429,36.3825],[-91.8416,36.3822],[-91.8415,36.3795],[-91.843,36.3795],[-91.843,36.38]]],[[[-91.8453,36.3759],[-91.8363,36.3757],[-91.8361,36.3813],[-91.8316,36.3812],[-91.8316,36.3792],[-91.8271,36.3792],[-91.827,36.3829],[-91.8143,36.3825],[-91.8145,36.3836],[-91.8162,36.3853],[-91.8224,36.3857],[-91.8222,36.3875],[-91.8167,36.3882],[-91.8162,36.3874],[-91.8153,36.3862],[-91.8145,36.3862],[-91.8139,36.3844],[-91.8118,36.3843],[-91.8112,36.3834],[-91.8092,36.3845],[-91.8081,36.3834],[-91.8101,36.381],[-91.8154,36.3789],[-91.8178,36.379],[-91.8181,36.3717],[-91.8091,36.3715],[-91.8092,36.3641],[-91.8137,36.3642],[-91.8137,36.3606],[-91.8004,36.3603],[-91.8004,36.3556],[-91.8035,36.3564],[-91.8079,36.3564],[-91.8115,36.3577],[-91.8122,36.3564],[-91.8091,36.3557],[-91.8094,36.3531],[-91.8183,36.3534],[-91.8182,36.3581],[-91.8197,36.3581],[-91.8193,36.3603],[-91.8227,36.3609],[-91.8228,36.3645],[-91.8282,36.3646],[-91.8274,36.3634],[-91.8306,36.3599],[-91.8288,36.3604],[-91.8304,36.3573],[-91.832,36.3574],[-91.8319,36.3611],[-91.8323,36.3611],[-91.8331,36.3604],[-91.8351,36.3584],[-91.8364,36.3585],[-91.8364,36.3612],[-91.8333,36.3615],[-91.8295,36.3647],[-91.8364,36.3649],[-91.8363,36.3723],[-91.8453,36.3723],[-91.8453,36.3759]]]]}},{"type":"Feature","id":"0507330","properties":{"name":"Blytheville","land_sqmi":20.74,"lat":35.9314,"lon":-89.8929},"geometry":{"type":"MultiPolygon","coordinates":[[[[-89.9653,35.9744],[-89.9608,35.9743],[-89.949,35.9743],[-89.9479,35.9753],[-89.9476,35.9844],[-89.9417,35.9843],[-89.9415,35.9766],[-89.9416,35.9688],[-89.9401,35.9684],[-89.9292,35.9677],[-89.9251,35.9663],[-89.9054,35.9659],[-89.9054,35.9585],[-89.9055,35.9512],[-89.9012,35.9511],[-89.9011,35.9436],[-89.8746,35.9435],[-89.874,35.9435],[-89.8562,35.943],[-89.8561,35.9356],[-89.855,35.9357],[-89.8549,35.9285],[-89.8555,35.9297],[-89.8561,35.9297],[-89.8561,35.9286],[-89.8484,35.9284],[-89.8208,35.9285],[-89.8208,35.9278],[-89.8207,35.9211],[-89.8207,35.9209],[-89.8205,35.914],[-89.856,35.9141],[-89.8741,35.9143],[-89.8775,35.9137],[-89.9013,35.8979],[-89.9054,35.895],[-89.9091,35.8928],[-89.9141,35.8896],[-89.9141,35.8857],[-89.9097,35.8856],[-89.9097,35.8838],[-89.914,35.8839],[-89.914,35.8784],[-89.9275,35.8786],[-89.9276,35.8894],[-89.9311,35.8895],[-89.9296,35.8931],[-89.9276,35.8931],[-89.9276,35.9004],[-89.9231,35.9004],[-89.9232,35.9127],[-89.9211,35.9127],[-89.9207,35.9149],[-89.9367,35.9153],[-89.9367,35.9185],[-89.9412,35.9194],[-89.9394,35.9209],[-89.9403,35.9223],[-89.9322,35.9265],[-89.9322,35.9281],[-89.933,35.9282],[-89.9333,35.9293],[-89.933,35.9313],[-89.9409,35.9401],[-89.9417,35.9409],[-89.9423,35.9413],[-89.9512,35.9449],[-89.9497,35.9449],[-89.9651,35.9509],[-89.9651,35.9597],[-89.9652,35.967],[-89.9653,35.9744]]]]}},{"type":"Feature","id":"0528780","properties":{"name":"Greenwood","land_sqmi":10.89,"lat":35.2142,"lon":-94.2413},"geometry":{"type":"MultiPolygon","coordinates":[[[[-94.3102,35.2268],[-94.3039,35.2268],[-94.3046,35.2233],[-94.2926,35.2231],[-94.2918,35.2247],[-94.2907,35.223],[-94.2891,35.223],[-94.2886,35.223],[-94.2873,35.2236],[-94.2873,35.2265],[-94.2791,35.2262],[-94.2789,35.2284],[-94.2771,35.2291],[-94.2779,35.2318],[-94.2764,35.2322],[-94.2763,35.2346],[-94.277,35.2358],[-94.2714,35.2357],[-94.2698,35.2349],[-94.2696,35.2345],[-94.2686,35.2329],[-94.2692,35.2334],[-94.2696,35.2325],[-94.2714,35.2314],[-94.2717,35.2299],[-94.2635,35.2297],[-94.2634,35.2313],[-94.264,35.2322],[-94.2653,35.2323],[-94.2663,35.2323],[-94.2679,35.2325],[-94.2679,35.2392],[-94.2635,35.2391],[-94.2636,35.2355],[-94.2546,35.2354],[-94.2545,35.2318],[-94.2527,35.2318],[-94.2527,35.2298],[-94.2461,35.2298],[-94.2438,35.2304],[-94.2434,35.2296],[-94.2428,35.2258],[-94.2433,35.2237],[-94.2459,35.2191],[-94.2487,35.2156],[-94.2508,35.2157],[-94.2509,35.2121],[-94.2488,35.2115],[-94.2463,35.2099],[-94.2454,35.21],[-94.2406,35.2139],[-94.2387,35.2149],[-94.238,35.2151],[-94.2341,35.2155],[-94.2308,35.2167],[-94.2288,35.2181],[-94.2257,35.2186],[-94.2219,35.2203],[-94.2174,35.2247],[-94.213,35.2342],[-94.2168,35.2252],[-94.2224,35.2196],[-94.2245,35.2186],[-94.2263,35.2182],[-94.2284,35.2177],[-94.2289,35.2175],[-94.2297,35.2169],[-94.229,35.2162],[-94.2282,35.2167],[-94.2263,35.2173],[-94.2264,35.2124],[-94.2295,35.2125],[-94.2296,35.2087],[-94.2264,35.2085],[-94.2264,35.2095],[-94.2264,35.2108],[-94.2219,35.2105],[-94.2215,35.2179],[-94.1952,35.2179],[-94.1948,35.2205],[-94.196,35.23],[-94.1947,35.2311],[-94.1946,35.2272],[-94.1859,35.2273],[-94.1859,35.2281],[-94.1725,35.2278],[-94.1729,35.2084],[-94.1752,35.2078],[-94.1818,35.2073],[-94.1818,35.2098],[-94.1929,35.21],[-94.1931,35.2053],[-94.2008,35.2044],[-94.2043,35.2031],[-94.2121,35.2032],[-94.2159,35.2025],[-94.2176,35.2025],[-94.2179,35.1948],[-94.2212,35.1949],[-94.2213,35.1924],[-94.2357,35.1928],[-94.2358,35.1892],[-94.2425,35.1894],[-94.2446,35.1912],[-94.2441,35.1931],[-94.244,35.1967],[-94.2445,35.1977],[-94.2469,35.1978],[-94.2514,35.1955],[-94.2519,35.1943],[-94.2536,35.1944],[-94.2536,35.1933],[-94.2572,35.1933],[-94.2524,35.197],[-94.2495,35.2014],[-94.2489,35.2044],[-94.2586,35.2043],[-94.2588,35.1953],[-94.2625,35.1953],[-94.2646,35.1934],[-94.2689,35.1935],[-94.268,35.1962],[-94.2651,35.1999],[-94.2599,35.1993],[-94.2598,35.2026],[-94.2665,35.2024],[-94.2665,35.2043],[-94.2706,35.2043],[-94.2911,35.2034],[-94.2927,35.2071],[-94.2962,35.2153],[-94.2964,35.212],[-94.2997,35.2127],[-94.2997,35.2131],[-94.2994,35.2193],[-94.3005,35.2193],[-94.3019,35.2209],[-94.3063,35.2228],[-94.3063,35.2229],[-94.3061,35.2231],[-94.3102,35.2268]],[[-94.3055,35.223],[-94.3031,35.222],[-94.304,35.2231],[-94.305,35.2232],[-94.3055,35.223]],[[-94.2339,35.2135],[-94.233,35.2128],[-94.2304,35.2148],[-94.2314,35.2159],[-94.2337,35.2154],[-94.2339,35.2135]]]]}},{"type":"Feature","id":"0554620","properties":{"name":"Perla","land_sqmi":0.96,"lat":34.3653,"lon":-92.7748},"geometry":{"type":"MultiPolygon","coordinates":[[[[-92.7902,34.3648],[-92.7897,34.3648],[-92.7897,34.3667],[-92.7896,34.3685],[-92.7885,34.369],[-92.7815,34.3697],[-92.7814,34.3704],[-92.7758,34.3719],[-92.7758,34.3736],[-92.7715,34.3735],[-92.7718,34.3698],[-92.7716,34.3681],[-92.7673,34.368],[-92.7673,34.3649],[-92.7661,34.3645],[-92.7644,34.3632],[-92.7641,34.3636],[-92.7626,34.3631],[-92.7621,34.3628],[-92.7612,34.3626],[-92.76,34.3626],[-92.76,34.3621],[-92.7586,34.3622],[-92.7586,34.3607],[-92.7629,34.3608],[-92.7629,34.3595],[-92.7672,34.3596],[-92.7673,34.3623],[-92.7706,34.3641],[-92.7706,34.3619],[-92.7717,34.3619],[-92.7718,34.3572],[-92.7759,34.3571],[-92.7823,34.3573],[-92.7822,34.361],[-92.7801,34.3609],[-92.78,34.3628],[-92.78,34.3636],[-92.7828,34.3646],[-92.7841,34.3647],[-92.7842,34.3633],[-92.7848,34.3611],[-92.7854,34.3611],[-92.7854,34.3631],[-92.791,34.3634],[-92.7902,34.3648]],[[-92.7717,34.3621],[-92.771,34.3622],[-92.7709,34.364],[-92.7711,34.3644],[-92.7717,34.3643],[-92.7717,34.3621]]]]}},{"type":"Feature","id":"0505560","properties":{"name":"Berryville","land_sqmi":6.15,"lat":36.3732,"lon":-93.5726},"geometry":{"type":"MultiPolygon","coordinates":[[[[-93.6057,36.3824],[-93.6043,36.3824],[-93.6035,36.386],[-93.5989,36.3858],[-93.5988,36.3902],[-93.5968,36.3907],[-93.5946,36.3907],[-93.5941,36.3895],[-93.5879,36.3893],[-93.588,36.3856],[-93.5899,36.3857],[-93.5899,36.382],[-93.581,36.3818],[-93.5809,36.3846],[-93.5769,36.3834],[-93.5757,36.3818],[-93.5708,36.3817],[-93.5708,36.3848],[-93.5735,36.3848],[-93.5735,36.3867],[-93.5718,36.3867],[-93.5718,36.3889],[-93.5662,36.3888],[-93.566,36.3998],[-93.5615,36.3997],[-93.5616,36.3924],[-93.557,36.3923],[-93.5571,36.3851],[-93.5526,36.3851],[-93.5529,36.3705],[-93.5475,36.3702],[-93.5438,36.3704],[-93.5439,36.363],[-93.5444,36.3529],[-93.5394,36.3528],[-93.5394,36.352],[-93.5417,36.3521],[-93.5434,36.3504],[-93.544,36.3467],[-93.5486,36.3467],[-93.5485,36.3522],[-93.5575,36.3523],[-93.5575,36.3505],[-93.5621,36.3506],[-93.5622,36.3487],[-93.5644,36.3487],[-93.5644,36.3506],[-93.5667,36.3506],[-93.5668,36.3488],[-93.5712,36.3488],[-93.5711,36.3525],[-93.582,36.3527],[-93.5857,36.3526],[-93.5856,36.355],[-93.5834,36.3558],[-93.5823,36.3549],[-93.5813,36.3557],[-93.583,36.356],[-93.5813,36.3572],[-93.5812,36.3653],[-93.5856,36.3654],[-93.5856,36.3672],[-93.5879,36.3673],[-93.5878,36.3709],[-93.5901,36.371],[-93.59,36.3723],[-93.5982,36.3725],[-93.5984,36.3748],[-93.6059,36.375],[-93.6057,36.3824]],[[-93.5711,36.3562],[-93.5666,36.3561],[-93.562,36.356],[-93.562,36.3579],[-93.5711,36.3579],[-93.5711,36.3562]],[[-93.5485,36.3578],[-93.546,36.3579],[-93.5459,36.3631],[-93.5484,36.3631],[-93.5485,36.3591],[-93.5485,36.3578]]]]}},{"type":"Feature","id":"0530460","properties":{"name":"Harrison","land_sqmi":11.12,"lat":36.2445,"lon":-93.1122},"geometry":{"type":"MultiPolygon","coordinates":[[[[-93.1436,36.274],[-93.1436,36.2758],[-93.1413,36.2757],[-93.1413,36.2766],[-93.1393,36.2766],[-93.1391,36.2776],[-93.1391,36.2739],[-93.1431,36.274],[-93.1436,36.274],[-93.1436,36.274]]],[[[-93.1593,36.2749],[-93.1571,36.2747],[-93.1572,36.2708],[-93.1549,36.2705],[-93.1548,36.276],[-93.1548,36.2767],[-93.1481,36.276],[-93.1481,36.274],[-93.1436,36.274],[-93.1437,36.2703],[-93.1366,36.2702],[-93.1364,36.266],[-93.1336,36.2653],[-93.1323,36.2666],[-93.1323,36.2657],[-93.1314,36.2657],[-93.1317,36.2666],[-93.126,36.2666],[-93.1262,36.2739],[-93.119,36.2739],[-93.1191,36.2727],[-93.1171,36.2727],[-93.1162,36.2739],[-93.1127,36.2739],[-93.1126,36.27],[-93.1083,36.2701],[-93.1083,36.2583],[-93.1039,36.2582],[-93.104,36.2555],[-93.0994,36.2555],[-93.0995,36.2519],[-93.1015,36.2482],[-93.1041,36.2512],[-93.1039,36.2464],[-93.1063,36.2464],[-93.1063,36.2483],[-93.1083,36.2483],[-93.1084,36.2444],[-93.1066,36.243],[-93.1052,36.243],[-93.104,36.2445],[-93.1017,36.2445],[-93.1013,36.2482],[-93.095,36.2482],[-93.0926,36.2517],[-93.0927,36.2554],[-93.0952,36.2554],[-93.0949,36.2601],[-93.0916,36.2599],[-93.0903,36.2599],[-93.0905,36.2518],[-93.0861,36.2514],[-93.0861,36.2485],[-93.0871,36.2479],[-93.0933,36.2479],[-93.0981,36.2443],[-93.099,36.2432],[-93.0982,36.2408],[-93.0951,36.2408],[-93.0951,36.2372],[-93.093,36.2369],[-93.0934,36.2334],[-93.0934,36.2334],[-93.0928,36.2334],[-93.0915,36.2334],[-93.0915,36.2333],[-93.0875,36.2342],[-93.0863,36.234],[-93.0854,36.2333],[-93.085,36.2321],[-93.0859,36.2294],[-93.0843,36.2244],[-93.0843,36.2243],[-93.0821,36.2241],[-93.0821,36.2231],[-93.0818,36.223],[-93.0813,36.2228],[-93.0765,36.2223],[-93.0761,36.2202],[-93.076,36.2187],[-93.0733,36.2187],[-93.073,36.2187],[-93.069,36.2187],[-93.0662,36.2181],[-93.0652,36.2171],[-93.0691,36.2167],[-93.0692,36.2119],[-93.0726,36.2118],[-93.0735,36.213],[-93.0737,36.2133],[-93.0758,36.2133],[-93.0758,36.2114],[-93.078,36.2114],[-93.0781,36.2114],[-93.0869,36.2115],[-93.0868,36.2137],[-93.088,36.2137],[-93.0879,36.2152],[-93.0912,36.2152],[-93.0908,36.2221],[-93.0955,36.2226],[-93.0955,36.224],[-93.0989,36.2241],[-93.0997,36.2225],[-93.1001,36.2153],[-93.1049,36.2154],[-93.1049,36.2141],[-93.1043,36.2136],[-93.1036,36.2137],[-93.103,36.2118],[-93.1091,36.2118],[-93.1091,36.2137],[-93.1111,36.2137],[-93.1134,36.2137],[-93.1134,36.2191],[-93.1145,36.2192],[-93.1178,36.2182],[-93.1197,36.2167],[-93.1225,36.2172],[-93.1226,36.2157],[-93.1242,36.2157],[-93.1241,36.2193],[-93.1206,36.2193],[-93.1202,36.2229],[-93.1233,36.2229],[-93.1224,36.2238],[-93.1268,36.2239],[-93.1269,36.2248],[-93.1314,36.2249],[-93.1315,36.223],[-93.1349,36.223],[-93.1349,36.2195],[-93.1373,36.2195],[-93.1372,36.223],[-93.1413,36.2231],[-93.1415,36.2258],[-93.1448,36.2258],[-93.146,36.2242],[-93.1475,36.2249],[-93.1476,36.2232],[-93.1494,36.2233],[-93.1493,36.2287],[-93.1447,36.2293],[-93.1447,36.2306],[-93.1402,36.2305],[-93.1402,36.2268],[-93.138,36.2268],[-93.138,36.2285],[-93.1359,36.2285],[-93.1359,36.2296],[-93.138,36.2289],[-93.1388,36.2299],[-93.138,36.2304],[-93.1379,36.234],[-93.1357,36.234],[-93.1356,36.2359],[-93.1346,36.2434],[-93.1309,36.2434],[-93.1309,36.2447],[-93.1504,36.2451],[-93.1522,36.2454],[-93.1522,36.2478],[-93.1553,36.2478],[-93.1576,36.2478],[-93.1578,36.2505],[-93.1579,36.2639],[-93.1593,36.2641],[-93.1593,36.2749]],[[-93.0867,36.216],[-93.0823,36.216],[-93.0822,36.2176],[-93.0841,36.2184],[-93.0867,36.2184],[-93.0867,36.216]]]]}},{"type":"Feature","id":"0566860","properties":{"name":"Stephens","land_sqmi":2.76,"lat":33.4267,"lon":-93.0667},"geometry":{"type":"MultiPolygon","coordinates":[[[[-93.0867,33.4275],[-93.0821,33.4274],[-93.0822,33.4237],[-93.078,33.4236],[-93.0779,33.4273],[-93.0694,33.4272],[-93.0691,33.4344],[-93.0648,33.4343],[-93.0647,33.4381],[-93.0603,33.4379],[-93.0601,33.4415],[-93.0557,33.4414],[-93.0554,33.4472],[-93.0554,33.4486],[-93.0509,33.4485],[-93.051,33.4449],[-93.0467,33.4448],[-93.0469,33.4374],[-93.0558,33.4377],[-93.056,33.4322],[-93.0604,33.4323],[-93.0607,33.4232],[-93.0608,33.4191],[-93.0611,33.413],[-93.0612,33.4103],[-93.0523,33.41],[-93.0525,33.4064],[-93.0612,33.4066],[-93.0613,33.4048],[-93.0685,33.405],[-93.0788,33.4053],[-93.0787,33.4089],[-93.0829,33.4091],[-93.0828,33.412],[-93.0826,33.4164],[-93.0807,33.4164],[-93.0783,33.4163],[-93.0782,33.4181],[-93.0807,33.4182],[-93.0825,33.4182],[-93.0824,33.4209],[-93.0826,33.422],[-93.0867,33.4237],[-93.0867,33.4275]]]]}},{"type":"Feature","id":"0532200","properties":{"name":"Highfill","land_sqmi":18.03,"lat":36.2794,"lon":-94.3256},"geometry":{"type":"MultiPolygon","coordinates":[[[[-94.3725,36.2854],[-94.3681,36.2853],[-94.368,36.2881],[-94.3635,36.288],[-94.3635,36.2907],[-94.359,36.2907],[-94.3563,36.2899],[-94.3563,36.2887],[-94.3589,36.2888],[-94.3591,36.2834],[-94.3592,36.2762],[-94.3637,36.2762],[-94.3637,36.2807],[-94.3681,36.2799],[-94.3681,36.2832],[-94.3699,36.2825],[-94.3699,36.2836],[-94.3726,36.2836],[-94.3725,36.2854]]],[[[-94.3818,36.2657],[-94.3774,36.2656],[-94.3773,36.2674],[-94.3818,36.2675],[-94.3818,36.2693],[-94.3772,36.2692],[-94.3772,36.2727],[-94.3749,36.2727],[-94.375,36.2656],[-94.3638,36.2654],[-94.3638,36.269],[-94.3701,36.2691],[-94.3701,36.2726],[-94.3683,36.2726],[-94.3682,36.2763],[-94.3637,36.2762],[-94.3637,36.2744],[-94.3626,36.2744],[-94.3627,36.2726],[-94.3592,36.2725],[-94.3592,36.2762],[-94.3547,36.2761],[-94.3547,36.2798],[-94.3547,36.2834],[-94.3544,36.2978],[-94.3633,36.298],[-94.3632,36.3007],[-94.3614,36.3007],[-94.3614,36.3016],[-94.3566,36.3015],[-94.3566,36.2997],[-94.3544,36.2997],[-94.3543,36.3015],[-94.3454,36.3014],[-94.3454,36.3023],[-94.3506,36.3021],[-94.3507,36.3037],[-94.3543,36.3037],[-94.3498,36.3041],[-94.3498,36.3032],[-94.3453,36.3032],[-94.3453,36.3086],[-94.3542,36.3088],[-94.3542,36.3141],[-94.3553,36.3142],[-94.3553,36.316],[-94.3542,36.316],[-94.3475,36.3159],[-94.3475,36.3195],[-94.3497,36.3196],[-94.3496,36.3232],[-94.3452,36.3231],[-94.3452,36.3195],[-94.3425,36.3195],[-94.3422,36.3158],[-94.3317,36.3165],[-94.3317,36.3158],[-94.3261,36.3157],[-94.3262,36.3048],[-94.325,36.3035],[-94.3246,36.3024],[-94.3227,36.3021],[-94.3174,36.3024],[-94.317,36.3024],[-94.3145,36.3022],[-94.3144,36.3053],[-94.3129,36.3052],[-94.313,36.3019],[-94.3062,36.3002],[-94.3042,36.3005],[-94.304,36.3001],[-94.3035,36.2997],[-94.3006,36.3002],[-94.3003,36.3001],[-94.2998,36.2997],[-94.2997,36.2991],[-94.2996,36.2972],[-94.2907,36.297],[-94.2817,36.2968],[-94.2821,36.2823],[-94.2823,36.2751],[-94.2778,36.275],[-94.2781,36.2644],[-94.2827,36.2644],[-94.2828,36.2608],[-94.2737,36.2606],[-94.2733,36.2569],[-94.2695,36.2568],[-94.2693,36.2551],[-94.2711,36.2533],[-94.2719,36.2518],[-94.2732,36.2518],[-94.2728,36.2496],[-94.2727,36.2479],[-94.274,36.248],[-94.2743,36.2507],[-94.2764,36.2516],[-94.2767,36.2568],[-94.2774,36.2548],[-94.2837,36.2552],[-94.2837,36.2535],[-94.2876,36.2536],[-94.2876,36.25],[-94.2877,36.2499],[-94.2899,36.2499],[-94.29,36.2464],[-94.2967,36.2464],[-94.2965,36.2537],[-94.31,36.2539],[-94.3102,36.2466],[-94.3012,36.2465],[-94.3013,36.2428],[-94.3024,36.2429],[-94.3025,36.2411],[-94.3014,36.2417],[-94.2969,36.2416],[-94.2968,36.2427],[-94.2923,36.2427],[-94.2924,36.2355],[-94.2971,36.2356],[-94.297,36.2371],[-94.2992,36.2362],[-94.299,36.239],[-94.3037,36.2393],[-94.3038,36.2357],[-94.3079,36.2357],[-94.3114,36.2358],[-94.3113,36.2375],[-94.3116,36.2394],[-94.3107,36.2394],[-94.3105,36.2394],[-94.3103,36.243],[-94.3122,36.243],[-94.3148,36.2431],[-94.3147,36.2485],[-94.3172,36.2486],[-94.3172,36.2504],[-94.3295,36.2507],[-94.3294,36.2535],[-94.3328,36.2535],[-94.3328,36.2522],[-94.3373,36.2523],[-94.3373,36.2541],[-94.3506,36.2544],[-94.3506,36.2562],[-94.3551,36.2562],[-94.3554,36.2473],[-94.36,36.2473],[-94.3596,36.2563],[-94.3663,36.2562],[-94.3663,36.2582],[-94.3714,36.2584],[-94.3714,36.2596],[-94.3734,36.2584],[-94.3774,36.2583],[-94.3774,36.262],[-94.3819,36.2621],[-94.3818,36.2657]]]]}},{"type":"Feature","id":"0557260","properties":{"name":"Prescott","land_sqmi":6.42,"lat":33.8072,"lon":-93.3952},"geometry":{"type":"MultiPolygon","coordinates":[[[[-93.4299,33.8145],[-93.4279,33.8145],[-93.4278,33.8177],[-93.4188,33.8178],[-93.4158,33.8164],[-93.3987,33.8284],[-93.3967,33.8295],[-93.3941,33.8298],[-93.3905,33.8304],[-93.3893,33.8267],[-93.3866,33.8228],[-93.3845,33.8208],[-93.3848,33.8157],[-93.3848,33.8155],[-93.3848,33.8117],[-93.3849,33.8097],[-93.3804,33.8097],[-93.3803,33.8108],[-93.3804,33.8139],[-93.3773,33.8154],[-93.376,33.8151],[-93.376,33.8133],[-93.3682,33.8131],[-93.3672,33.8131],[-93.3672,33.8094],[-93.3646,33.8094],[-93.3612,33.8093],[-93.3613,33.8034],[-93.3603,33.802],[-93.3614,33.802],[-93.3616,33.7947],[-93.3676,33.7948],[-93.3677,33.7911],[-93.3676,33.791],[-93.3678,33.7841],[-93.3897,33.7844],[-93.3896,33.788],[-93.3988,33.7881],[-93.4026,33.7883],[-93.4023,33.8065],[-93.4215,33.807],[-93.4214,33.8083],[-93.4236,33.8083],[-93.4238,33.8033],[-93.4281,33.8034],[-93.428,33.8075],[-93.4279,33.8105],[-93.4301,33.8105],[-93.4299,33.8145]],[[-93.4236,33.8097],[-93.4215,33.8098],[-93.4215,33.8105],[-93.4203,33.8105],[-93.4202,33.8117],[-93.4197,33.8127],[-93.419,33.8135],[-93.4189,33.8141],[-93.4236,33.8107],[-93.4236,33.8097]]]]}},{"type":"Feature","id":"0574360","properties":{"name":"West Fork","land_sqmi":3.74,"lat":35.9311,"lon":-94.1817},"geometry":{"type":"MultiPolygon","coordinates":[[[[-94.1688,35.9359],[-94.1688,35.936],[-94.1679,35.9359],[-94.1666,35.9359],[-94.1666,35.9342],[-94.1678,35.9342],[-94.1682,35.9313],[-94.1689,35.9331],[-94.1688,35.9359]]],[[[-94.1724,35.9396],[-94.1664,35.9396],[-94.1664,35.9395],[-94.1665,35.9377],[-94.1687,35.9378],[-94.1688,35.936],[-94.171,35.936],[-94.1709,35.9378],[-94.1689,35.9382],[-94.1725,35.9383],[-94.1724,35.9396]]],[[[-94.207,35.9253],[-94.2041,35.9239],[-94.204,35.9261],[-94.2027,35.926],[-94.2026,35.9296],[-94.2044,35.9303],[-94.2021,35.9348],[-94.1978,35.9347],[-94.2023,35.9295],[-94.2025,35.9258],[-94.2038,35.9259],[-94.2039,35.9238],[-94.2028,35.923],[-94.1994,35.9243],[-94.1989,35.9261],[-94.1978,35.9272],[-94.1958,35.9273],[-94.1949,35.9292],[-94.1935,35.9292],[-94.1933,35.9328],[-94.191,35.9328],[-94.1889,35.9327],[-94.1864,35.9387],[-94.1864,35.9406],[-94.1873,35.9427],[-94.1863,35.9436],[-94.1862,35.9472],[-94.1884,35.9472],[-94.1881,35.9545],[-94.1921,35.9544],[-94.1924,35.9561],[-94.188,35.9562],[-94.1866,35.9581],[-94.1867,35.9545],[-94.1837,35.9544],[-94.1838,35.9508],[-94.1794,35.9507],[-94.1795,35.9489],[-94.1779,35.9493],[-94.1755,35.9506],[-94.1749,35.9515],[-94.1749,35.9521],[-94.1759,35.9507],[-94.1794,35.9508],[-94.1792,35.9544],[-94.177,35.9543],[-94.1729,35.9543],[-94.1707,35.9578],[-94.1747,35.9584],[-94.1746,35.9615],[-94.1732,35.9621],[-94.1738,35.9639],[-94.174,35.968],[-94.1675,35.9667],[-94.1655,35.9666],[-94.1656,35.9612],[-94.1633,35.9613],[-94.1589,35.9612],[-94.1589,35.9598],[-94.1603,35.9598],[-94.1604,35.9576],[-94.1563,35.9575],[-94.1564,35.9554],[-94.1588,35.9561],[-94.1622,35.9562],[-94.1623,35.9553],[-94.1658,35.9554],[-94.1659,35.9565],[-94.1692,35.9566],[-94.1697,35.9555],[-94.1681,35.9552],[-94.1619,35.9552],[-94.1593,35.955],[-94.1594,35.952],[-94.1623,35.9521],[-94.1609,35.9503],[-94.1593,35.9503],[-94.1594,35.9466],[-94.1617,35.9466],[-94.1616,35.9488],[-94.163,35.9509],[-94.166,35.951],[-94.166,35.9522],[-94.1704,35.9523],[-94.1704,35.9505],[-94.1684,35.9518],[-94.1685,35.9505],[-94.166,35.9504],[-94.1662,35.9433],[-94.1696,35.9435],[-94.1701,35.9469],[-94.1703,35.9435],[-94.1721,35.9437],[-94.172,35.9468],[-94.175,35.9469],[-94.1751,35.9441],[-94.1771,35.9446],[-94.1775,35.9397],[-94.1757,35.9385],[-94.1771,35.9361],[-94.171,35.936],[-94.1713,35.9286],[-94.169,35.9286],[-94.1691,35.9267],[-94.1713,35.9268],[-94.1713,35.9216],[-94.1793,35.9218],[-94.179,35.9238],[-94.178,35.9251],[-94.178,35.9275],[-94.1791,35.9275],[-94.1803,35.9252],[-94.1847,35.9253],[-94.1848,35.922],[-94.1873,35.922],[-94.1809,35.9108],[-94.1811,35.9],[-94.1838,35.9001],[-94.1829,35.8975],[-94.1814,35.8977],[-94.1806,35.8964],[-94.1815,35.8946],[-94.1832,35.8943],[-94.1833,35.8964],[-94.1865,35.8966],[-94.188,35.8983],[-94.1889,35.9003],[-94.1856,35.9002],[-94.1855,35.9038],[-94.1883,35.9038],[-94.1879,35.9056],[-94.1843,35.9057],[-94.1841,35.908],[-94.1854,35.908],[-94.1853,35.9093],[-94.1865,35.9093],[-94.1861,35.911],[-94.1911,35.9088],[-94.1919,35.9088],[-94.1926,35.9113],[-94.1896,35.9113],[-94.1896,35.9133],[-94.1917,35.9134],[-94.1916,35.9154],[-94.1941,35.9169],[-94.1958,35.9169],[-94.1959,35.9192],[-94.1938,35.9192],[-94.1937,35.9223],[-94.1966,35.9223],[-94.1965,35.9242],[-94.1997,35.9224],[-94.207,35.9225],[-94.207,35.9253]]]]}},{"type":"Feature","id":"0533190","properties":{"name":"Hope","land_sqmi":10.68,"lat":33.6623,"lon":-93.5894},"geometry":{"type":"MultiPolygon","coordinates":[[[[-93.6254,33.6909],[-93.6168,33.6907],[-93.6169,33.6871],[-93.6125,33.687],[-93.6037,33.694],[-93.6035,33.6971],[-93.6025,33.6971],[-93.6011,33.696],[-93.5991,33.6977],[-93.5903,33.697],[-93.5903,33.696],[-93.5882,33.6975],[-93.5817,33.6974],[-93.5819,33.6907],[-93.5825,33.6902],[-93.584,33.6893],[-93.5839,33.6901],[-93.5882,33.6902],[-93.5882,33.6896],[-93.5869,33.6896],[-93.5869,33.688],[-93.5842,33.6879],[-93.5816,33.6877],[-93.5787,33.6867],[-93.5754,33.69],[-93.5532,33.6895],[-93.555,33.6881],[-93.5584,33.6841],[-93.5596,33.6817],[-93.562,33.6745],[-93.5648,33.6715],[-93.565,33.6678],[-93.5607,33.6678],[-93.5609,33.6605],[-93.5651,33.6606],[-93.5653,33.6543],[-93.5651,33.6542],[-93.5652,33.6533],[-93.5675,33.6534],[-93.5676,33.6497],[-93.5698,33.6497],[-93.5697,33.6534],[-93.575,33.6535],[-93.5751,33.6488],[-93.5757,33.6473],[-93.5771,33.6464],[-93.5784,33.6462],[-93.5785,33.6425],[-93.5828,33.6426],[-93.5829,33.639],[-93.5733,33.6388],[-93.5734,33.6352],[-93.5701,33.6351],[-93.5702,33.6333],[-93.573,33.6315],[-93.566,33.6313],[-93.5661,33.6276],[-93.5764,33.6279],[-93.5775,33.6268],[-93.5777,33.6276],[-93.5786,33.6293],[-93.5832,33.6294],[-93.5831,33.6317],[-93.5796,33.6317],[-93.5796,33.6316],[-93.578,33.6316],[-93.5804,33.6365],[-93.5821,33.6366],[-93.5805,33.6335],[-93.583,33.6336],[-93.5829,33.6381],[-93.5834,33.639],[-93.5906,33.6391],[-93.6093,33.6396],[-93.6092,33.6469],[-93.6004,33.6467],[-93.6002,33.6541],[-93.6017,33.6535],[-93.6042,33.6536],[-93.6054,33.6542],[-93.609,33.6542],[-93.6089,33.6574],[-93.6176,33.6576],[-93.6176,33.6607],[-93.6147,33.6615],[-93.6147,33.6635],[-93.6192,33.6622],[-93.6192,33.6627],[-93.6191,33.6675],[-93.6174,33.6682],[-93.6171,33.6774],[-93.6171,33.6798],[-93.6214,33.6799],[-93.6214,33.6835],[-93.6176,33.6841],[-93.6256,33.687],[-93.6254,33.6909]]]]}},{"type":"Feature","id":"0533370","properties":{"name":"Horseshoe Bend","land_sqmi":13.36,"lat":36.225,"lon":-91.7395},"geometry":{"type":"MultiPolygon","coordinates":[[[[-91.7463,36.1919],[-91.7446,36.1918],[-91.7415,36.1917],[-91.7415,36.1887],[-91.7463,36.1888],[-91.7463,36.1919]]],[[[-91.7924,36.2131],[-91.7868,36.2122],[-91.783,36.2122],[-91.7796,36.2125],[-91.7785,36.213],[-91.7768,36.2155],[-91.7768,36.2176],[-91.7735,36.2176],[-91.7733,36.2295],[-91.777,36.2295],[-91.7773,36.2314],[-91.7795,36.2315],[-91.7822,36.2322],[-91.7834,36.2322],[-91.7835,36.2469],[-91.7778,36.2468],[-91.7777,36.2499],[-91.7685,36.2504],[-91.7687,36.243],[-91.7642,36.243],[-91.7644,36.2357],[-91.7598,36.2356],[-91.7596,36.2464],[-91.7551,36.2463],[-91.755,36.2502],[-91.7551,36.2506],[-91.7549,36.2541],[-91.7502,36.254],[-91.7502,36.2612],[-91.7457,36.2611],[-91.7459,36.254],[-91.7366,36.2538],[-91.7367,36.2459],[-91.7414,36.2459],[-91.7414,36.2401],[-91.7391,36.2393],[-91.7414,36.236],[-91.7414,36.2278],[-91.7368,36.2278],[-91.7368,36.2314],[-91.7322,36.2313],[-91.7322,36.2354],[-91.7277,36.2353],[-91.7273,36.2383],[-91.7142,36.2383],[-91.7141,36.2439],[-91.7061,36.2439],[-91.7062,36.242],[-91.705,36.242],[-91.7051,36.2382],[-91.6963,36.2381],[-91.6963,36.2363],[-91.6918,36.2363],[-91.6918,36.2348],[-91.6867,36.2348],[-91.6866,36.228],[-91.6874,36.2272],[-91.6919,36.2272],[-91.6964,36.2273],[-91.6964,36.2236],[-91.7053,36.2237],[-91.7053,36.2197],[-91.7008,36.2212],[-91.7008,36.2201],[-91.6965,36.22],[-91.6965,36.2128],[-91.6921,36.2127],[-91.6921,36.2091],[-91.6922,36.2018],[-91.7011,36.2018],[-91.7052,36.202],[-91.7052,36.2094],[-91.7098,36.2094],[-91.7099,36.2056],[-91.7144,36.2052],[-91.7146,36.1984],[-91.7236,36.1985],[-91.7237,36.1949],[-91.7328,36.1951],[-91.7329,36.1915],[-91.7402,36.1916],[-91.7418,36.1932],[-91.7432,36.1936],[-91.7448,36.197],[-91.7465,36.1971],[-91.7465,36.199],[-91.749,36.199],[-91.7508,36.2007],[-91.7551,36.2014],[-91.7562,36.2006],[-91.7559,36.199],[-91.7589,36.1985],[-91.7604,36.1989],[-91.7594,36.1956],[-91.7606,36.1919],[-91.7627,36.1919],[-91.763,36.1938],[-91.7638,36.1956],[-91.7646,36.1991],[-91.7646,36.2027],[-91.7731,36.2029],[-91.7739,36.206],[-91.776,36.2073],[-91.7784,36.2078],[-91.7833,36.204],[-91.7834,36.205],[-91.7923,36.2051],[-91.7924,36.2131]]]]}},{"type":"Feature","id":"0547450","properties":{"name":"Mountain Pine","land_sqmi":1.66,"lat":34.5675,"lon":-93.1706},"geometry":{"type":"MultiPolygon","coordinates":[[[[-93.1835,34.5785],[-93.1713,34.5784],[-93.1676,34.5801],[-93.1671,34.582],[-93.1663,34.582],[-93.1663,34.5784],[-93.1576,34.5783],[-93.1576,34.5743],[-93.158,34.5741],[-93.1596,34.571],[-93.1621,34.5681],[-93.1674,34.5668],[-93.1671,34.5641],[-93.1689,34.5606],[-93.1702,34.5596],[-93.17,34.5583],[-93.1713,34.553],[-93.1753,34.5533],[-93.1754,34.5566],[-93.1781,34.5603],[-93.1835,34.5604],[-93.1835,34.5785]]]]}},{"type":"Feature","id":"0525900","properties":{"name":"Garner","land_sqmi":0.79,"lat":35.1431,"lon":-91.7814},"geometry":{"type":"MultiPolygon","coordinates":[[[[-91.791,35.1378],[-91.7895,35.1389],[-91.7895,35.1469],[-91.7807,35.1469],[-91.7762,35.1503],[-91.7762,35.1523],[-91.7718,35.1523],[-91.7719,35.1449],[-91.7737,35.145],[-91.7741,35.145],[-91.7741,35.1382],[-91.772,35.1382],[-91.772,35.1358],[-91.7764,35.1358],[-91.7764,35.134],[-91.7808,35.1341],[-91.7807,35.1359],[-91.7901,35.136],[-91.791,35.1378]],[[-91.7741,35.145],[-91.774,35.1486],[-91.7751,35.1486],[-91.7752,35.145],[-91.7741,35.145]]]]}},{"type":"Feature","id":"0517140","properties":{"name":"Daisy","land_sqmi":1.14,"lat":34.2361,"lon":-93.7424},"geometry":{"type":"MultiPolygon","coordinates":[[[[-93.7567,34.2368],[-93.756,34.2386],[-93.7539,34.24],[-93.7477,34.2395],[-93.745,34.2401],[-93.7383,34.2418],[-93.7333,34.2434],[-93.7327,34.2441],[-93.728,34.2449],[-93.7285,34.2272],[-93.7329,34.2274],[-93.7504,34.2283],[-93.7526,34.2296],[-93.7542,34.231],[-93.7558,34.2331],[-93.7565,34.235],[-93.7567,34.2368]]]]}},{"type":"Feature","id":"0511500","properties":{"name":"Carlisle","land_sqmi":4.84,"lat":34.7962,"lon":-91.7347},"geometry":{"type":"MultiPolygon","coordinates":[[[[-91.7638,34.8025],[-91.7548,34.8023],[-91.7547,34.8042],[-91.7326,34.8035],[-91.7326,34.8054],[-91.7236,34.8052],[-91.7232,34.818],[-91.7055,34.8176],[-91.7061,34.8024],[-91.7062,34.7996],[-91.7093,34.7994],[-91.7283,34.7998],[-91.7289,34.7835],[-91.7311,34.7836],[-91.7311,34.7819],[-91.729,34.7819],[-91.7292,34.7744],[-91.7601,34.7753],[-91.76,34.7792],[-91.7604,34.7791],[-91.7622,34.779],[-91.7621,34.7826],[-91.7599,34.7825],[-91.7597,34.7898],[-91.7552,34.7897],[-91.7549,34.7969],[-91.7639,34.7971],[-91.7638,34.8025]]]]}},{"type":"Feature","id":"0533820","properties":{"name":"Humnoke","land_sqmi":0.31,"lat":34.5434,"lon":-91.7615},"geometry":{"type":"MultiPolygon","coordinates":[[[[-91.7704,34.5418],[-91.7642,34.5417],[-91.7642,34.5427],[-91.7606,34.5427],[-91.7605,34.5458],[-91.7605,34.549],[-91.7569,34.5489],[-91.7571,34.5436],[-91.7526,34.5435],[-91.7526,34.5407],[-91.7545,34.5407],[-91.7546,34.5379],[-91.7608,34.5379],[-91.7606,34.5418],[-91.7616,34.5399],[-91.7705,34.54],[-91.7704,34.5418]]]]}},{"type":"Feature","id":"0553990","properties":{"name":"Patterson","land_sqmi":1.13,"lat":35.2587,"lon":-91.2328},"geometry":{"type":"MultiPolygon","coordinates":[[[[-91.2438,35.2564],[-91.2438,35.2585],[-91.2438,35.2589],[-91.2436,35.265],[-91.2396,35.265],[-91.237,35.265],[-91.237,35.2677],[-91.237,35.2706],[-91.2284,35.2696],[-91.2249,35.2694],[-91.2249,35.2676],[-91.2272,35.2674],[-91.2287,35.2648],[-91.2304,35.2648],[-91.2306,35.2594],[-91.2305,35.2591],[-91.2215,35.259],[-91.2218,35.2571],[-91.2219,35.2568],[-91.2263,35.2571],[-91.2263,35.254],[-91.2306,35.2541],[-91.2312,35.2467],[-91.2351,35.2468],[-91.235,35.2504],[-91.244,35.2506],[-91.2438,35.2564]]]]}},{"type":"Feature","id":"0510480","properties":{"name":"Cale","land_sqmi":0.97,"lat":33.6255,"lon":-93.2373},"geometry":{"type":"MultiPolygon","coordinates":[[[[-93.2517,33.6242],[-93.25,33.6271],[-93.2453,33.6274],[-93.2453,33.6314],[-93.2432,33.6313],[-93.2431,33.635],[-93.2228,33.6342],[-93.2229,33.6317],[-93.2232,33.626],[-93.2319,33.6263],[-93.2322,33.6199],[-93.23,33.6198],[-93.2301,33.6161],[-93.2345,33.6163],[-93.2344,33.6199],[-93.2408,33.6202],[-93.2406,33.6239],[-93.2453,33.6241],[-93.2453,33.6265],[-93.2497,33.6263],[-93.2497,33.6267],[-93.2504,33.6248],[-93.2517,33.6242]]]]}},{"type":"Feature","id":"0508665","properties":{"name":"Briarcliff","land_sqmi":2.25,"lat":36.2757,"lon":-92.2826},"geometry":{"type":"MultiPolygon","coordinates":[[[[-92.3003,36.2871],[-92.3001,36.2917],[-92.3,36.2942],[-92.291,36.294],[-92.2908,36.2987],[-92.2886,36.2986],[-92.2892,36.2971],[-92.2883,36.297],[-92.2884,36.2948],[-92.2859,36.2946],[-92.2859,36.2928],[-92.2845,36.2917],[-92.2845,36.2901],[-92.2928,36.2903],[-92.2942,36.2903],[-92.2956,36.2909],[-92.2959,36.2831],[-92.2914,36.2829],[-92.2915,36.2792],[-92.2779,36.2788],[-92.2782,36.2751],[-92.2735,36.2751],[-92.2737,36.2714],[-92.2691,36.2714],[-92.2693,36.2677],[-92.2648,36.2674],[-92.2649,36.2637],[-92.2656,36.2528],[-92.2792,36.2531],[-92.2791,36.2568],[-92.279,36.2642],[-92.2788,36.2679],[-92.2832,36.268],[-92.2835,36.2644],[-92.288,36.2646],[-92.2877,36.2682],[-92.2919,36.2683],[-92.2953,36.2758],[-92.2963,36.2758],[-92.296,36.2794],[-92.3005,36.2796],[-92.3003,36.2871]]]]}},{"type":"Feature","id":"0543670","properties":{"name":"Mammoth Spring","land_sqmi":1.29,"lat":36.4882,"lon":-91.544},"geometry":{"type":"MultiPolygon","coordinates":[[[[-91.5649,36.4862],[-91.5577,36.4883],[-91.555,36.4884],[-91.555,36.4904],[-91.556,36.4923],[-91.5581,36.4917],[-91.5632,36.4915],[-91.5619,36.4932],[-91.5626,36.4941],[-91.5611,36.4949],[-91.5581,36.4956],[-91.5581,36.4975],[-91.5557,36.4985],[-91.5557,36.4992],[-91.5551,36.4992],[-91.5552,36.4981],[-91.555,36.4977],[-91.5535,36.4977],[-91.5535,36.4992],[-91.5492,36.4992],[-91.5447,36.4991],[-91.5442,36.4991],[-91.5394,36.4991],[-91.5369,36.4992],[-91.5345,36.4991],[-91.5298,36.499],[-91.5298,36.499],[-91.5274,36.499],[-91.5283,36.4954],[-91.5322,36.4935],[-91.5308,36.4934],[-91.5308,36.4912],[-91.529,36.4918],[-91.5264,36.4905],[-91.5263,36.4885],[-91.5247,36.4895],[-91.5272,36.4867],[-91.5314,36.4899],[-91.5352,36.4896],[-91.5327,36.4874],[-91.5332,36.4862],[-91.5301,36.4861],[-91.5245,36.4838],[-91.523,36.4811],[-91.5231,36.4806],[-91.5239,36.4787],[-91.5249,36.4772],[-91.5287,36.4791],[-91.5294,36.4801],[-91.5287,36.4846],[-91.5297,36.4852],[-91.5341,36.4853],[-91.5356,36.4844],[-91.5356,36.4862],[-91.5379,36.4863],[-91.5381,36.49],[-91.5529,36.4903],[-91.5537,36.4898],[-91.5537,36.4883],[-91.5537,36.488],[-91.5573,36.488],[-91.5649,36.4858],[-91.5649,36.4862]]]]}},{"type":"Feature","id":"0514260","properties":{"name":"Clinton","land_sqmi":13.15,"lat":35.5771,"lon":-92.4533},"geometry":{"type":"MultiPolygon","coordinates":[[[[-92.4354,35.5501],[-92.435,35.5528],[-92.4342,35.5527],[-92.4343,35.5503],[-92.4332,35.55],[-92.4332,35.5491],[-92.4354,35.5491],[-92.4354,35.5501]]],[[[-92.4414,35.5276],[-92.436,35.5274],[-92.436,35.5256],[-92.4405,35.526],[-92.4408,35.5264],[-92.4414,35.5276]]],[[[-92.492,35.5936],[-92.4876,35.5936],[-92.4874,35.6044],[-92.4829,35.6044],[-92.4829,35.6066],[-92.4828,35.6116],[-92.4739,35.6115],[-92.4738,35.6152],[-92.465,35.615],[-92.4646,35.6296],[-92.4603,35.6295],[-92.4601,35.6327],[-92.4595,35.6317],[-92.4576,35.6295],[-92.4557,35.6294],[-92.4557,35.6273],[-92.4566,35.6264],[-92.4539,35.6263],[-92.4558,35.6258],[-92.4559,35.6215],[-92.4515,35.6214],[-92.4516,35.6185],[-92.456,35.6185],[-92.4561,35.6107],[-92.453,35.6106],[-92.4518,35.6112],[-92.4518,35.6076],[-92.4474,35.6075],[-92.4472,35.6147],[-92.4385,35.6146],[-92.4386,35.6073],[-92.4298,35.6072],[-92.43,35.5996],[-92.43,35.5988],[-92.4267,35.5988],[-92.4268,35.5997],[-92.4235,35.6008],[-92.4215,35.6026],[-92.4176,35.6048],[-92.4146,35.6022],[-92.4156,35.5994],[-92.4195,35.5995],[-92.4193,35.6006],[-92.4211,35.6003],[-92.4216,35.5969],[-92.4207,35.5959],[-92.4208,35.5922],[-92.43,35.5923],[-92.4303,35.5745],[-92.4392,35.5746],[-92.4393,35.5681],[-92.4395,35.5601],[-92.4385,35.56],[-92.4386,35.5571],[-92.4396,35.5572],[-92.4396,35.5564],[-92.4393,35.5571],[-92.4352,35.5564],[-92.4364,35.554],[-92.4383,35.5554],[-92.4388,35.5542],[-92.4375,35.5528],[-92.4397,35.5527],[-92.4398,35.5492],[-92.4367,35.5492],[-92.4354,35.5491],[-92.4357,35.5382],[-92.4379,35.5382],[-92.438,35.5346],[-92.4401,35.5346],[-92.4403,35.5312],[-92.4429,35.5339],[-92.4437,35.536],[-92.4444,35.538],[-92.44,35.5381],[-92.4399,35.542],[-92.4458,35.5421],[-92.4446,35.5385],[-92.4488,35.5385],[-92.449,35.5347],[-92.4446,35.5347],[-92.4429,35.532],[-92.4428,35.5309],[-92.4423,35.5296],[-92.44,35.5292],[-92.4393,35.5283],[-92.4417,35.5284],[-92.4414,35.5276],[-92.4427,35.5273],[-92.4439,35.527],[-92.4433,35.527],[-92.443,35.5255],[-92.4468,35.5256],[-92.4494,35.5256],[-92.4494,35.5239],[-92.4494,35.5219],[-92.4507,35.5215],[-92.4562,35.5216],[-92.4561,35.5235],[-92.4583,35.5235],[-92.4581,35.5287],[-92.4571,35.5309],[-92.457,35.5312],[-92.461,35.5313],[-92.4613,35.5337],[-92.4608,35.5349],[-92.4579,35.5348],[-92.4578,35.5355],[-92.4575,35.5385],[-92.4619,35.5388],[-92.4618,35.5495],[-92.471,35.5497],[-92.4705,35.5678],[-92.475,35.5679],[-92.4749,35.5716],[-92.4712,35.5718],[-92.4704,35.5731],[-92.4702,35.5787],[-92.4658,35.5786],[-92.4655,35.5859],[-92.4699,35.586],[-92.4834,35.5862],[-92.4833,35.5898],[-92.4911,35.59],[-92.492,35.5936]],[[-92.4832,35.5936],[-92.482,35.594],[-92.4809,35.5948],[-92.4809,35.5957],[-92.4832,35.5957],[-92.4832,35.5936]],[[-92.4432,35.5289],[-92.442,35.5289],[-92.4422,35.5292],[-92.4432,35.5289]],[[-92.4297,35.5926],[-92.4267,35.5925],[-92.4266,35.595],[-92.4296,35.595],[-92.4297,35.5926]]]]}},{"type":"Feature","id":"0536880","properties":{"name":"Kingsland","land_sqmi":1.12,"lat":33.8674,"lon":-92.2902},"geometry":{"type":"MultiPolygon","coordinates":[[[[-92.3206,33.8754],[-92.3181,33.8742],[-92.3151,33.8741],[-92.311,33.8702],[-92.3056,33.8662],[-92.3031,33.8661],[-92.3031,33.8725],[-92.3042,33.8736],[-92.3042,33.8773],[-92.3024,33.8778],[-92.3017,33.8735],[-92.3018,33.8636],[-92.2967,33.8634],[-92.2967,33.8623],[-92.2884,33.8621],[-92.2884,33.8639],[-92.2864,33.8638],[-92.2862,33.8667],[-92.2851,33.8667],[-92.2851,33.8699],[-92.2752,33.8697],[-92.2709,33.8719],[-92.271,33.8763],[-92.2666,33.8763],[-92.2667,33.88],[-92.2613,33.8799],[-92.2613,33.8774],[-92.2597,33.8775],[-92.2829,33.8643],[-92.2851,33.8632],[-92.2851,33.86],[-92.2851,33.8584],[-92.2829,33.8583],[-92.2829,33.857],[-92.2851,33.8578],[-92.2894,33.8579],[-92.2895,33.8548],[-92.3025,33.8553],[-92.3025,33.8626],[-92.3051,33.8651],[-92.3122,33.8687],[-92.3135,33.8703],[-92.3195,33.8706],[-92.3195,33.8743],[-92.3206,33.8754]]]]}},{"type":"Feature","id":"0541270","properties":{"name":"London","land_sqmi":3.17,"lat":35.3279,"lon":-93.2296},"geometry":{"type":"MultiPolygon","coordinates":[[[[-93.2715,35.3389],[-93.2446,35.3386],[-93.2447,35.3356],[-93.2416,35.3348],[-93.2145,35.3262],[-93.2114,35.3254],[-93.206,35.3244],[-93.1958,35.3228],[-93.1913,35.3232],[-93.1879,35.3217],[-93.1875,35.3194],[-93.1876,35.3178],[-93.1889,35.3169],[-93.1919,35.3196],[-93.1981,35.3197],[-93.198,35.3211],[-93.2004,35.3216],[-93.2005,35.32],[-93.2031,35.3202],[-93.2036,35.3211],[-93.2066,35.3219],[-93.2068,35.3218],[-93.2085,35.3219],[-93.209,35.3201],[-93.2107,35.3198],[-93.2126,35.3205],[-93.214,35.3187],[-93.2137,35.3207],[-93.2153,35.3225],[-93.217,35.3213],[-93.218,35.3217],[-93.2185,35.3236],[-93.2207,35.3237],[-93.223,35.3219],[-93.2362,35.3221],[-93.2363,35.3208],[-93.2374,35.3203],[-93.2407,35.3203],[-93.2408,35.3185],[-93.2436,35.3187],[-93.2452,35.3179],[-93.2474,35.3186],[-93.2477,35.3204],[-93.2497,35.3192],[-93.2518,35.3195],[-93.2518,35.3241],[-93.254,35.3241],[-93.2551,35.3214],[-93.2562,35.3224],[-93.2619,35.3225],[-93.265,35.3221],[-93.2672,35.3237],[-93.2648,35.3272],[-93.2629,35.3277],[-93.2629,35.3285],[-93.2656,35.3278],[-93.267,35.3285],[-93.2693,35.3261],[-93.2709,35.3287],[-93.2716,35.3317],[-93.2715,35.3389]]]]}},{"type":"Feature","id":"0544300","properties":{"name":"Marshall","land_sqmi":4.07,"lat":35.9071,"lon":-92.6385},"geometry":{"type":"MultiPolygon","coordinates":[[[[-92.6741,35.9037],[-92.67,35.9061],[-92.6691,35.9089],[-92.6701,35.9093],[-92.6691,35.911],[-92.6698,35.911],[-92.6701,35.9111],[-92.6707,35.9115],[-92.6712,35.9104],[-92.6716,35.9111],[-92.6713,35.9207],[-92.6712,35.922],[-92.6695,35.9215],[-92.6684,35.9214],[-92.6673,35.9219],[-92.6666,35.9219],[-92.6657,35.9208],[-92.6655,35.9202],[-92.6579,35.9198],[-92.6579,35.9178],[-92.6585,35.9159],[-92.6586,35.9158],[-92.6584,35.9156],[-92.6576,35.9155],[-92.6575,35.9164],[-92.6514,35.9163],[-92.6512,35.9216],[-92.649,35.9216],[-92.6491,35.918],[-92.648,35.918],[-92.6483,35.9144],[-92.6426,35.9142],[-92.6425,35.9167],[-92.6406,35.9167],[-92.6405,35.9178],[-92.6313,35.9177],[-92.6313,35.9191],[-92.6291,35.9195],[-92.6292,35.9158],[-92.6269,35.9158],[-92.629,35.9173],[-92.6269,35.9176],[-92.6219,35.9177],[-92.622,35.914],[-92.6171,35.9138],[-92.6166,35.9152],[-92.6151,35.9157],[-92.6151,35.9168],[-92.6141,35.9162],[-92.6128,35.9165],[-92.6079,35.9149],[-92.6059,35.9149],[-92.6041,35.9162],[-92.6042,35.9136],[-92.6027,35.914],[-92.6026,35.9128],[-92.604,35.9123],[-92.6041,35.91],[-92.6128,35.9102],[-92.6119,35.9122],[-92.613,35.915],[-92.6139,35.915],[-92.6153,35.9136],[-92.6172,35.9102],[-92.6188,35.9102],[-92.6198,35.907],[-92.621,35.9062],[-92.621,35.903],[-92.6222,35.903],[-92.6222,35.9013],[-92.6223,35.8993],[-92.6338,35.8995],[-92.6348,35.897],[-92.6364,35.8965],[-92.6363,35.8987],[-92.6358,35.8996],[-92.6408,35.8997],[-92.6397,35.9018],[-92.6363,35.9018],[-92.6363,35.9033],[-92.6406,35.9034],[-92.6405,35.9067],[-92.643,35.9067],[-92.6429,35.9032],[-92.6437,35.9032],[-92.6499,35.9032],[-92.65,35.8958],[-92.6568,35.8958],[-92.6576,35.8958],[-92.6618,35.8927],[-92.6661,35.8923],[-92.6662,35.8937],[-92.6675,35.8928],[-92.6674,35.8993],[-92.6719,35.8994],[-92.6745,35.9018],[-92.6741,35.9037]]]]}},{"type":"Feature","id":"0522660","properties":{"name":"Fairfield Bay","land_sqmi":15.1,"lat":35.6074,"lon":-92.2633},"geometry":{"type":"MultiPolygon","coordinates":[[[[-92.2818,35.5741],[-92.2805,35.5747],[-92.279,35.5748],[-92.2791,35.5724],[-92.2793,35.5727],[-92.281,35.573],[-92.2821,35.5732],[-92.2818,35.5741]]],[[[-92.3098,35.5899],[-92.3073,35.59],[-92.3054,35.59],[-92.3012,35.5897],[-92.3011,35.5937],[-92.301,35.5971],[-92.301,35.608],[-92.2964,35.6079],[-92.2964,35.6115],[-92.301,35.6116],[-92.3009,35.6171],[-92.2964,35.617],[-92.2964,35.6189],[-92.2942,35.6188],[-92.2942,35.621],[-92.2893,35.6215],[-92.2892,35.623],[-92.2864,35.6252],[-92.2785,35.6258],[-92.2783,35.6331],[-92.2917,35.6334],[-92.2916,35.637],[-92.2833,35.6369],[-92.2832,35.6405],[-92.2827,35.6405],[-92.2822,35.6405],[-92.2822,35.6422],[-92.2821,35.6427],[-92.2821,35.6434],[-92.282,35.6439],[-92.2789,35.6439],[-92.2788,35.6434],[-92.2789,35.6408],[-92.2789,35.6406],[-92.2716,35.6403],[-92.2694,35.6402],[-92.2695,35.6329],[-92.2607,35.6327],[-92.2606,35.6363],[-92.2651,35.6364],[-92.265,35.64],[-92.2672,35.6401],[-92.2671,35.6437],[-92.2615,35.6479],[-92.2606,35.647],[-92.2481,35.6469],[-92.247,35.6465],[-92.2471,35.6433],[-92.2427,35.6432],[-92.2429,35.6323],[-92.2482,35.6324],[-92.2481,35.6279],[-92.2459,35.6278],[-92.2453,35.6281],[-92.243,35.6279],[-92.243,35.625],[-92.2385,35.6249],[-92.2386,35.6213],[-92.2342,35.6212],[-92.2342,35.6203],[-92.2316,35.6203],[-92.23,35.6188],[-92.2343,35.6176],[-92.2344,35.6139],[-92.2297,35.6139],[-92.2297,35.611],[-92.2308,35.6123],[-92.2308,35.6103],[-92.2321,35.6096],[-92.2308,35.6067],[-92.2258,35.6066],[-92.2259,35.603],[-92.2169,35.6029],[-92.217,35.5979],[-92.2187,35.5975],[-92.2187,35.5958],[-92.2215,35.5958],[-92.2214,35.5994],[-92.2259,35.5994],[-92.226,35.5958],[-92.2238,35.5958],[-92.2263,35.5932],[-92.2292,35.5955],[-92.2313,35.598],[-92.2298,35.5954],[-92.2274,35.5932],[-92.2283,35.5926],[-92.2283,35.5908],[-92.2318,35.5884],[-92.2336,35.5882],[-92.2346,35.5891],[-92.2352,35.5877],[-92.2366,35.5885],[-92.2358,35.5864],[-92.2344,35.5855],[-92.2352,35.5838],[-92.2375,35.5818],[-92.2367,35.5817],[-92.2331,35.5841],[-92.2309,35.5838],[-92.2302,35.5828],[-92.2301,35.5799],[-92.2306,35.5787],[-92.2374,35.5746],[-92.2426,35.5772],[-92.2415,35.5784],[-92.242,35.5793],[-92.2439,35.5788],[-92.2445,35.5769],[-92.2465,35.5766],[-92.2496,35.5773],[-92.2498,35.5784],[-92.2478,35.5806],[-92.2449,35.5828],[-92.2446,35.5837],[-92.2477,35.5816],[-92.2569,35.5817],[-92.2569,35.5826],[-92.2575,35.5828],[-92.2578,35.5831],[-92.2578,35.5854],[-92.2613,35.5854],[-92.2624,35.5859],[-92.2621,35.5854],[-92.2657,35.5855],[-92.2657,35.5832],[-92.2669,35.5851],[-92.2679,35.5838],[-92.266,35.582],[-92.266,35.58],[-92.2637,35.5789],[-92.2647,35.5773],[-92.2683,35.5753],[-92.2683,35.5757],[-92.2702,35.5759],[-92.2703,35.5777],[-92.2742,35.5732],[-92.2755,35.5738],[-92.2759,35.5749],[-92.2789,35.5748],[-92.2773,35.576],[-92.2822,35.5748],[-92.2824,35.5764],[-92.2838,35.5782],[-92.288,35.5807],[-92.289,35.5821],[-92.2899,35.585],[-92.2919,35.5871],[-92.293,35.5868],[-92.2949,35.5892],[-92.2949,35.5887],[-92.2941,35.5873],[-92.2906,35.5846],[-92.2905,35.5825],[-92.292,35.5829],[-92.2905,35.5816],[-92.29,35.5799],[-92.2882,35.5787],[-92.2858,35.5779],[-92.2843,35.5759],[-92.2839,35.5728],[-92.2845,35.5718],[-92.2861,35.5714],[-92.2943,35.5714],[-92.2929,35.5705],[-92.2926,35.57],[-92.2925,35.567],[-92.2947,35.5684],[-92.2959,35.5685],[-92.2968,35.5698],[-92.2992,35.5669],[-92.3024,35.5679],[-92.3014,35.5739],[-92.3013,35.5825],[-92.3045,35.5825],[-92.3057,35.5832],[-92.3052,35.5879],[-92.3098,35.5879],[-92.3098,35.5899]],[[-92.2936,35.5736],[-92.2921,35.5736],[-92.2921,35.5751],[-92.2928,35.5751],[-92.2936,35.5751],[-92.2936,35.5736]],[[-92.2766,35.6333],[-92.2742,35.6333],[-92.2733,35.6333],[-92.2734,35.6349],[-92.2765,35.635],[-92.2766,35.6333]],[[-92.2746,35.5786],[-92.2702,35.5785],[-92.2702,35.582],[-92.2724,35.5821],[-92.2745,35.5821],[-92.2746,35.5786]],[[-92.2547,35.6106],[-92.2432,35.6102],[-92.2431,35.6144],[-92.2546,35.6143],[-92.2547,35.6106]],[[-92.2476,35.5856],[-92.2437,35.5856],[-92.2436,35.589],[-92.2477,35.5889],[-92.2476,35.5856]],[[-92.2434,35.5934],[-92.2393,35.5933],[-92.2392,35.5959],[-92.2433,35.5959],[-92.2434,35.5934]],[[-92.2607,35.6327],[-92.2606,35.6288],[-92.2625,35.6274],[-92.2645,35.6276],[-92.2653,35.6262],[-92.2613,35.6255],[-92.2613,35.6205],[-92.2609,35.6183],[-92.2622,35.6183],[-92.2622,35.6167],[-92.2609,35.6167],[-92.2607,35.6185],[-92.2607,35.6223],[-92.2567,35.6221],[-92.2541,35.6264],[-92.2544,35.628],[-92.2557,35.629],[-92.2519,35.6289],[-92.2518,35.6344],[-92.2521,35.6352],[-92.2562,35.6353],[-92.2561,35.6399],[-92.2588,35.6396],[-92.258,35.6366],[-92.2585,35.6339],[-92.2592,35.6327],[-92.2607,35.6327]]]]}},{"type":"Feature","id":"0524220","properties":{"name":"Fordyce","land_sqmi":6.73,"lat":33.8194,"lon":-92.4172},"geometry":{"type":"MultiPolygon","coordinates":[[[[-92.4501,33.8132],[-92.4464,33.8168],[-92.4476,33.817],[-92.4454,33.8204],[-92.441,33.8203],[-92.4408,33.8239],[-92.4343,33.8237],[-92.4342,33.8255],[-92.4364,33.8256],[-92.4363,33.8274],[-92.432,33.8273],[-92.4319,33.8295],[-92.4319,33.8309],[-92.4274,33.8308],[-92.4273,33.8344],[-92.4143,33.834],[-92.4142,33.8376],[-92.4098,33.8375],[-92.4055,33.8374],[-92.4056,33.8338],[-92.3972,33.8336],[-92.3924,33.8356],[-92.3923,33.8406],[-92.3841,33.8406],[-92.382,33.8406],[-92.382,33.839],[-92.3836,33.839],[-92.3839,33.8265],[-92.384,33.8262],[-92.3841,33.8261],[-92.3843,33.8261],[-92.3846,33.8261],[-92.3927,33.8262],[-92.3929,33.8214],[-92.393,33.819],[-92.3969,33.819],[-92.3973,33.8188],[-92.3976,33.8138],[-92.3956,33.8139],[-92.3952,33.8111],[-92.3977,33.8118],[-92.3981,33.801],[-92.4112,33.8013],[-92.4111,33.8036],[-92.4198,33.8038],[-92.4199,33.8015],[-92.4242,33.8017],[-92.4241,33.8029],[-92.4241,33.8053],[-92.4263,33.8054],[-92.4264,33.8031],[-92.4285,33.8031],[-92.4286,33.7993],[-92.4287,33.7982],[-92.4461,33.7987],[-92.4456,33.8113],[-92.45,33.8114],[-92.4501,33.8095],[-92.4525,33.8096],[-92.4501,33.8132]]]]}},{"type":"Feature","id":"0505290","properties":{"name":"Benton","land_sqmi":22.9,"lat":34.5922,"lon":-92.5814},"geometry":{"type":"MultiPolygon","coordinates":[[[[-92.6527,34.5458],[-92.6505,34.5488],[-92.6505,34.5514],[-92.6462,34.5514],[-92.6462,34.5523],[-92.6419,34.5523],[-92.6419,34.554],[-92.6397,34.554],[-92.6397,34.5522],[-92.6297,34.5519],[-92.6306,34.5469],[-92.63,34.5466],[-92.6282,34.5473],[-92.6213,34.5535],[-92.6214,34.5549],[-92.621,34.5564],[-92.6204,34.5576],[-92.6209,34.5577],[-92.6206,34.559],[-92.6198,34.559],[-92.6197,34.5608],[-92.6188,34.5611],[-92.6176,34.562],[-92.6168,34.5623],[-92.6107,34.5683],[-92.6107,34.5697],[-92.6108,34.5697],[-92.6131,34.5724],[-92.6137,34.5739],[-92.6136,34.577],[-92.6101,34.581],[-92.6083,34.5852],[-92.6081,34.5856],[-92.6067,34.5862],[-92.6065,34.5864],[-92.6071,34.5873],[-92.6049,34.5872],[-92.6046,34.5881],[-92.6042,34.5917],[-92.6056,34.5941],[-92.6063,34.5944],[-92.6066,34.5944],[-92.6085,34.5963],[-92.609,34.5967],[-92.6093,34.5973],[-92.6103,34.5983],[-92.6107,34.5985],[-92.6118,34.5985],[-92.6117,34.5993],[-92.6149,34.6003],[-92.618,34.6035],[-92.6176,34.6051],[-92.6155,34.6077],[-92.6135,34.6088],[-92.6125,34.6083],[-92.6107,34.6091],[-92.6053,34.6088],[-92.6054,34.6065],[-92.6067,34.6052],[-92.6083,34.6052],[-92.6083,34.6018],[-92.6115,34.602],[-92.6116,34.5986],[-92.6113,34.5985],[-92.6107,34.5985],[-92.6105,34.5985],[-92.6101,34.5983],[-92.6095,34.5978],[-92.6091,34.5974],[-92.6073,34.598],[-92.6063,34.599],[-92.6045,34.5979],[-92.5942,34.5976],[-92.594,34.6012],[-92.5984,34.6013],[-92.5983,34.6031],[-92.6018,34.6028],[-92.6025,34.605],[-92.5938,34.6049],[-92.594,34.6013],[-92.5908,34.6011],[-92.5865,34.6011],[-92.5853,34.601],[-92.5855,34.5973],[-92.5794,34.5971],[-92.5807,34.6008],[-92.5767,34.6007],[-92.5769,34.597],[-92.5725,34.5969],[-92.5724,34.5993],[-92.5679,34.5985],[-92.5669,34.5994],[-92.5662,34.6003],[-92.5674,34.6003],[-92.568,34.602],[-92.5667,34.6021],[-92.5676,34.6038],[-92.568,34.6048],[-92.5686,34.6041],[-92.5808,34.6045],[-92.5807,34.6081],[-92.585,34.6082],[-92.5846,34.6155],[-92.5803,34.6154],[-92.5785,34.6154],[-92.5782,34.6153],[-92.5782,34.6152],[-92.5772,34.6141],[-92.5806,34.6117],[-92.5764,34.6116],[-92.5765,34.607],[-92.5721,34.6069],[-92.5722,34.6059],[-92.5684,34.6058],[-92.568,34.6049],[-92.5669,34.607],[-92.5686,34.6068],[-92.5688,34.6077],[-92.5652,34.6076],[-92.5651,34.6104],[-92.5633,34.6104],[-92.5631,34.6147],[-92.5587,34.6145],[-92.5585,34.6182],[-92.5572,34.6181],[-92.5552,34.6181],[-92.5542,34.6172],[-92.5544,34.6143],[-92.5497,34.6133],[-92.5472,34.6125],[-92.5473,34.607],[-92.5474,34.6032],[-92.5461,34.6041],[-92.5448,34.6049],[-92.5431,34.6057],[-92.541,34.6074],[-92.5403,34.6087],[-92.5414,34.6107],[-92.5383,34.6106],[-92.5383,34.6092],[-92.5398,34.6082],[-92.5385,34.607],[-92.5357,34.6069],[-92.5363,34.6092],[-92.5375,34.6091],[-92.5379,34.6106],[-92.5372,34.6114],[-92.5383,34.6114],[-92.5383,34.6118],[-92.5362,34.6118],[-92.5363,34.6122],[-92.5372,34.6122],[-92.5371,34.6142],[-92.5359,34.6141],[-92.5359,34.6156],[-92.5364,34.616],[-92.5382,34.616],[-92.5382,34.6163],[-92.537,34.6165],[-92.5379,34.6206],[-92.5388,34.6228],[-92.5409,34.6229],[-92.5408,34.6236],[-92.5425,34.6243],[-92.5427,34.6196],[-92.5425,34.6196],[-92.543,34.6183],[-92.5447,34.6202],[-92.5433,34.6197],[-92.5431,34.6216],[-92.5466,34.6222],[-92.5465,34.6253],[-92.5492,34.627],[-92.5501,34.6283],[-92.5524,34.6288],[-92.5489,34.6288],[-92.5487,34.6345],[-92.5499,34.636],[-92.5487,34.6355],[-92.5485,34.6396],[-92.5484,34.6414],[-92.5458,34.6414],[-92.5459,34.6379],[-92.5439,34.6379],[-92.5439,34.6361],[-92.5417,34.6361],[-92.5419,34.6325],[-92.5374,34.6323],[-92.5376,34.6287],[-92.5335,34.6286],[-92.5331,34.6305],[-92.5309,34.6304],[-92.5308,34.6323],[-92.5286,34.6331],[-92.5286,34.6359],[-92.5247,34.6358],[-92.5239,34.6375],[-92.5236,34.6466],[-92.5216,34.6466],[-92.5211,34.6468],[-92.5221,34.6483],[-92.5205,34.6502],[-92.5146,34.6501],[-92.5147,34.6478],[-92.5148,34.6475],[-92.5193,34.6466],[-92.5194,34.6393],[-92.5212,34.6393],[-92.5214,34.6357],[-92.5152,34.6356],[-92.5153,34.6326],[-92.5198,34.632],[-92.5199,34.6284],[-92.5233,34.6284],[-92.5244,34.6275],[-92.5248,34.6176],[-92.526,34.6157],[-92.5206,34.6155],[-92.5212,34.6138],[-92.5221,34.6135],[-92.5208,34.6121],[-92.5207,34.6101],[-92.5231,34.6094],[-92.526,34.6085],[-92.5266,34.6084],[-92.5266,34.6104],[-92.5276,34.6104],[-92.5277,34.6083],[-92.5281,34.608],[-92.5304,34.6073],[-92.5304,34.6071],[-92.5309,34.6055],[-92.5342,34.6041],[-92.5343,34.6032],[-92.5365,34.6032],[-92.5366,34.6015],[-92.5343,34.6014],[-92.5344,34.5996],[-92.5315,34.5995],[-92.5305,34.5984],[-92.5303,34.5942],[-92.5304,34.5922],[-92.5306,34.5887],[-92.5262,34.5886],[-92.526,34.5922],[-92.5173,34.5921],[-92.5175,34.585],[-92.5134,34.5861],[-92.5102,34.5885],[-92.509,34.5883],[-92.509,34.5847],[-92.5089,34.5845],[-92.5139,34.5847],[-92.5171,34.5812],[-92.5176,34.5775],[-92.5179,34.5775],[-92.5221,34.5775],[-92.5245,34.5775],[-92.5268,34.5797],[-92.5331,34.5797],[-92.5334,34.5795],[-92.5354,34.5782],[-92.5357,34.5777],[-92.5357,34.5775],[-92.5358,34.5744],[-92.5404,34.5742],[-92.5409,34.5714],[-92.5445,34.5713],[-92.5446,34.5669],[-92.5328,34.5666],[-92.5326,34.5703],[-92.5324,34.5723],[-92.5253,34.5729],[-92.5223,34.5741],[-92.518,34.574],[-92.5087,34.574],[-92.5087,34.5738],[-92.518,34.5738],[-92.5221,34.5739],[-92.5253,34.5727],[-92.5322,34.5721],[-92.5323,34.5703],[-92.5325,34.5666],[-92.5321,34.5631],[-92.5324,34.5594],[-92.5368,34.5594],[-92.5369,34.5577],[-92.5346,34.5578],[-92.5324,34.5578],[-92.5325,34.5567],[-92.5369,34.5565],[-92.5371,34.5557],[-92.5326,34.5557],[-92.5326,34.554],[-92.5349,34.5541],[-92.535,34.5521],[-92.5373,34.5521],[-92.5375,34.5484],[-92.5455,34.5487],[-92.5456,34.5461],[-92.5468,34.5476],[-92.5467,34.5489],[-92.5484,34.55],[-92.548,34.5487],[-92.553,34.5488],[-92.5535,34.5417],[-92.5557,34.5419],[-92.5557,34.5382],[-92.5566,34.5375],[-92.5539,34.5349],[-92.5539,34.5344],[-92.558,34.5341],[-92.558,34.5346],[-92.5697,34.5351],[-92.5694,34.5388],[-92.5761,34.539],[-92.576,34.5422],[-92.576,34.5427],[-92.5896,34.5433],[-92.5899,34.5358],[-92.5916,34.5362],[-92.5913,34.5381],[-92.5947,34.5385],[-92.5946,34.5395],[-92.5967,34.5396],[-92.5968,34.5385],[-92.6005,34.5388],[-92.6,34.5401],[-92.6028,34.5411],[-92.5998,34.5436],[-92.6043,34.5404],[-92.6052,34.5411],[-92.6024,34.5437],[-92.6047,34.5424],[-92.6052,34.5437],[-92.6066,34.5425],[-92.6082,34.5414],[-92.6102,34.5414],[-92.6106,34.5414],[-92.6132,34.541],[-92.6145,34.5412],[-92.6164,34.5424],[-92.6173,34.5442],[-92.6169,34.5445],[-92.618,34.5469],[-92.6189,34.5488],[-92.6193,34.5495],[-92.6195,34.5498],[-92.6199,34.5503],[-92.6206,34.5503],[-92.6209,34.5508],[-92.6212,34.551],[-92.6217,34.5525],[-92.629,34.5459],[-92.6292,34.5409],[-92.6322,34.5416],[-92.6324,34.5413],[-92.6332,34.5419],[-92.6332,34.5435],[-92.6425,34.541],[-92.6426,34.541],[-92.6462,34.5397],[-92.6507,34.5392],[-92.6511,34.5394],[-92.6511,34.5395],[-92.6511,34.5396],[-92.6512,34.54],[-92.651,34.5421],[-92.6521,34.5422],[-92.6541,34.5447],[-92.6527,34.5458]],[[-92.6166,34.6029],[-92.6143,34.6009],[-92.6121,34.6008],[-92.6149,34.6033],[-92.6157,34.6031],[-92.6153,34.6046],[-92.6166,34.6029]],[[-92.5659,34.599],[-92.5636,34.5989],[-92.5636,34.6002],[-92.5658,34.6003],[-92.5659,34.599]],[[-92.5635,34.6002],[-92.5591,34.6002],[-92.5589,34.6074],[-92.5634,34.6075],[-92.5635,34.6002]],[[-92.5634,34.6084],[-92.5611,34.6084],[-92.5611,34.6092],[-92.5634,34.6093],[-92.5634,34.6084]],[[-92.5521,34.5639],[-92.5507,34.5639],[-92.5506,34.5651],[-92.552,34.5652],[-92.5521,34.5639]],[[-92.5511,34.5828],[-92.5487,34.5828],[-92.5489,34.5778],[-92.5406,34.5777],[-92.5402,34.5814],[-92.5391,34.5846],[-92.5381,34.585],[-92.5395,34.585],[-92.5394,34.59],[-92.5407,34.5893],[-92.5413,34.5904],[-92.5413,34.5893],[-92.5426,34.5893],[-92.5427,34.5881],[-92.5437,34.5887],[-92.5462,34.5887],[-92.546,34.5873],[-92.5482,34.5873],[-92.5482,34.5851],[-92.551,34.5851],[-92.5511,34.5828]],[[-92.5417,34.6015],[-92.5407,34.6015],[-92.5404,34.6032],[-92.541,34.603],[-92.5411,34.6017],[-92.5417,34.6015]],[[-92.5408,34.5637],[-92.5382,34.5636],[-92.5381,34.5649],[-92.5386,34.5659],[-92.5408,34.5659],[-92.5408,34.5637]],[[-92.5374,34.5814],[-92.5356,34.5814],[-92.5353,34.5822],[-92.535,34.5814],[-92.5341,34.5813],[-92.5339,34.585],[-92.5327,34.5862],[-92.5326,34.5887],[-92.535,34.5884],[-92.5354,34.585],[-92.5371,34.585],[-92.5374,34.5814]],[[-92.5263,34.5874],[-92.5229,34.5873],[-92.5229,34.5886],[-92.5218,34.5886],[-92.5175,34.5885],[-92.5174,34.5897],[-92.5242,34.5892],[-92.5242,34.5886],[-92.5262,34.5886],[-92.5263,34.5874]]]]}},{"type":"Feature","id":"0529500","properties":{"name":"Hamburg","land_sqmi":3.44,"lat":33.2248,"lon":-91.7972},"geometry":{"type":"MultiPolygon","coordinates":[[[[-91.8125,33.2389],[-91.7977,33.2388],[-91.7972,33.2398],[-91.7983,33.2405],[-91.7983,33.2442],[-91.7964,33.2442],[-91.795,33.2442],[-91.795,33.2424],[-91.7961,33.2424],[-91.7965,33.2396],[-91.7949,33.2387],[-91.782,33.2384],[-91.782,33.2317],[-91.7819,33.2129],[-91.7906,33.2131],[-91.7906,33.2121],[-91.7941,33.2122],[-91.7941,33.2095],[-91.7935,33.2059],[-91.7982,33.206],[-91.7982,33.2054],[-91.8001,33.206],[-91.8036,33.206],[-91.8036,33.2133],[-91.8123,33.2135],[-91.8122,33.2281],[-91.8122,33.2346],[-91.8125,33.2389]]]]}},{"type":"Feature","id":"0556750","properties":{"name":"Portland","land_sqmi":1.07,"lat":33.237,"lon":-91.5104},"geometry":{"type":"MultiPolygon","coordinates":[[[[-91.5122,33.2286],[-91.5122,33.2292],[-91.5121,33.2292],[-91.5094,33.2292],[-91.5099,33.2266],[-91.5136,33.2267],[-91.5122,33.2286]]],[[[-91.5166,33.2474],[-91.4999,33.2432],[-91.5021,33.238],[-91.5014,33.2369],[-91.4986,33.2369],[-91.5027,33.2364],[-91.5056,33.2294],[-91.5121,33.2311],[-91.5122,33.2292],[-91.5125,33.2292],[-91.5146,33.2296],[-91.5139,33.2315],[-91.5222,33.2336],[-91.5166,33.2474]]]]}},{"type":"Feature","id":"0555970","properties":{"name":"Plainview","land_sqmi":1.46,"lat":34.9905,"lon":-93.298},"geometry":{"type":"MultiPolygon","coordinates":[[[[-93.309,34.9915],[-93.309,34.9957],[-93.3077,34.9957],[-93.3046,34.9957],[-93.3045,34.9994],[-93.2911,34.9998],[-93.2912,34.9962],[-93.2868,34.9964],[-93.2869,34.9817],[-93.3092,34.9812],[-93.309,34.9915]]]]}},{"type":"Feature","id":"0518970","properties":{"name":"Dierks","land_sqmi":1.92,"lat":34.1167,"lon":-94.0155},"geometry":{"type":"MultiPolygon","coordinates":[[[[-94.0198,34.1051],[-94.02,34.1085],[-94.0174,34.109],[-94.0175,34.1054],[-94.0161,34.1054],[-94.0145,34.1032],[-94.0146,34.1017],[-94.0154,34.1007],[-94.0178,34.1028],[-94.02,34.1036],[-94.0198,34.1051]]],[[[-94.0333,34.1184],[-94.0311,34.1184],[-94.0312,34.1201],[-94.0286,34.1201],[-94.0281,34.1219],[-94.028,34.1273],[-94.0257,34.1273],[-94.0256,34.1327],[-94.0138,34.1325],[-94.0139,34.1288],[-94.0106,34.1287],[-94.0106,34.1233],[-94.0018,34.123],[-94.0,34.1221],[-93.9975,34.1211],[-93.9978,34.1156],[-94.0107,34.116],[-94.0107,34.1125],[-94.0124,34.1125],[-94.0138,34.1127],[-94.0195,34.1128],[-94.0198,34.109],[-94.0209,34.109],[-94.0214,34.1094],[-94.0236,34.1091],[-94.0238,34.1127],[-94.0334,34.113],[-94.0333,34.1184]]]]}},{"type":"Feature","id":"0522120","properties":{"name":"Etowah","land_sqmi":5.94,"lat":35.7236,"lon":-90.2146},"geometry":{"type":"MultiPolygon","coordinates":[[[[-90.2514,35.7353],[-90.2316,35.7497],[-90.2321,35.7488],[-90.2321,35.7429],[-90.2132,35.7429],[-90.2121,35.7429],[-90.2121,35.7292],[-90.2054,35.7292],[-90.2054,35.7356],[-90.2032,35.7355],[-90.2031,35.7291],[-90.1906,35.7291],[-90.184,35.7294],[-90.1807,35.7286],[-90.1778,35.7299],[-90.1778,35.7276],[-90.1797,35.7268],[-90.1836,35.7276],[-90.1878,35.7276],[-90.1916,35.7272],[-90.2131,35.7274],[-90.2215,35.7274],[-90.2212,35.6985],[-90.2477,35.6985],[-90.2496,35.6976],[-90.2506,35.6991],[-90.2513,35.7134],[-90.2512,35.7343],[-90.2514,35.7353]]]]}},{"type":"Feature","id":"0572380","properties":{"name":"Waldron","land_sqmi":5.63,"lat":34.9018,"lon":-94.0841},"geometry":{"type":"MultiPolygon","coordinates":[[[[-94.1165,34.8873],[-94.1135,34.8874],[-94.1076,34.888],[-94.1126,34.888],[-94.1124,34.8938],[-94.1155,34.8939],[-94.1155,34.897],[-94.1162,34.8975],[-94.116,34.9079],[-94.1099,34.9077],[-94.1094,34.9091],[-94.1117,34.9105],[-94.1116,34.9123],[-94.1093,34.9134],[-94.1097,34.9146],[-94.1084,34.9154],[-94.1105,34.9159],[-94.1115,34.9186],[-94.1139,34.9187],[-94.1156,34.9195],[-94.1158,34.9196],[-94.1157,34.9251],[-94.1113,34.9258],[-94.1112,34.9295],[-94.1095,34.9295],[-94.1031,34.9293],[-94.1022,34.9292],[-94.0936,34.9291],[-94.0937,34.9255],[-94.0893,34.9254],[-94.0896,34.9109],[-94.0881,34.9108],[-94.089,34.9087],[-94.0874,34.9087],[-94.0874,34.9108],[-94.0852,34.9108],[-94.0853,34.9071],[-94.0892,34.9072],[-94.0892,34.9062],[-94.0826,34.906],[-94.0827,34.9007],[-94.0764,34.8981],[-94.0752,34.8986],[-94.0722,34.8984],[-94.0701,34.8995],[-94.0678,34.8994],[-94.0672,34.8978],[-94.0657,34.8967],[-94.0648,34.8993],[-94.0641,34.8993],[-94.0636,34.8988],[-94.0642,34.8964],[-94.059,34.8961],[-94.0614,34.8967],[-94.0613,34.8979],[-94.0595,34.8987],[-94.0601,34.8975],[-94.0588,34.8961],[-94.0516,34.8961],[-94.0516,34.8954],[-94.0549,34.8954],[-94.0549,34.8948],[-94.0574,34.8948],[-94.0574,34.8941],[-94.0581,34.8942],[-94.0581,34.8948],[-94.0633,34.895],[-94.0662,34.8955],[-94.0663,34.8961],[-94.0666,34.8962],[-94.0685,34.8964],[-94.0705,34.8959],[-94.0768,34.896],[-94.0771,34.8852],[-94.0692,34.8849],[-94.0684,34.8842],[-94.0685,34.8741],[-94.0729,34.8742],[-94.0729,34.8778],[-94.0772,34.878],[-94.0772,34.876],[-94.0791,34.8753],[-94.0794,34.8761],[-94.0825,34.8817],[-94.0859,34.8818],[-94.0859,34.8836],[-94.0888,34.8836],[-94.0889,34.8818],[-94.0904,34.8819],[-94.0903,34.8837],[-94.0948,34.8838],[-94.0946,34.8892],[-94.0964,34.8893],[-94.0967,34.8914],[-94.0988,34.8914],[-94.099,34.8857],[-94.1033,34.8858],[-94.1033,34.8822],[-94.1039,34.8823],[-94.1049,34.8829],[-94.1072,34.886],[-94.1107,34.8861],[-94.1108,34.8839],[-94.1124,34.884],[-94.1123,34.8861],[-94.1165,34.8862],[-94.1165,34.8873]]]]}},{"type":"Feature","id":"0510450","properties":{"name":"Caldwell","land_sqmi":3.19,"lat":35.0815,"lon":-90.8139},"geometry":{"type":"MultiPolygon","coordinates":[[[[-90.8252,35.0882],[-90.8214,35.0882],[-90.8211,35.0957],[-90.8167,35.0957],[-90.8164,35.1031],[-90.8145,35.1031],[-90.8117,35.103],[-90.8085,35.103],[-90.8088,35.0956],[-90.8032,35.0956],[-90.8034,35.0881],[-90.8026,35.0648],[-90.8027,35.0598],[-90.807,35.0599],[-90.8108,35.06],[-90.8162,35.0605],[-90.825,35.0604],[-90.8252,35.0882]]]]}},{"type":"Feature","id":"0515310","properties":{"name":"Corinth","land_sqmi":3.09,"lat":35.0697,"lon":-93.4225},"geometry":{"type":"MultiPolygon","coordinates":[[[[-93.4431,35.0586],[-93.4419,35.0591],[-93.442,35.0602],[-93.4419,35.0699],[-93.4354,35.0697],[-93.4353,35.0734],[-93.4376,35.0735],[-93.4375,35.0771],[-93.4329,35.077],[-93.4329,35.0806],[-93.4374,35.0808],[-93.4375,35.079],[-93.4419,35.0791],[-93.4419,35.0846],[-93.4236,35.0839],[-93.4227,35.0839],[-93.4194,35.0838],[-93.4194,35.0802],[-93.4151,35.0801],[-93.4151,35.0765],[-93.4107,35.0764],[-93.4108,35.0728],[-93.4063,35.0728],[-93.4061,35.0762],[-93.4018,35.0713],[-93.4019,35.0691],[-93.4063,35.0692],[-93.4067,35.056],[-93.4081,35.0566],[-93.4094,35.0549],[-93.4127,35.0562],[-93.4145,35.055],[-93.4155,35.0554],[-93.4153,35.0567],[-93.4173,35.0566],[-93.4196,35.0572],[-93.419,35.0548],[-93.4207,35.0556],[-93.4223,35.0552],[-93.4231,35.0565],[-93.4258,35.0576],[-93.4276,35.0567],[-93.4288,35.058],[-93.4298,35.0574],[-93.4323,35.0577],[-93.4321,35.0588],[-93.4301,35.059],[-93.4295,35.0599],[-93.4304,35.0616],[-93.4319,35.063],[-93.4332,35.0616],[-93.4338,35.0615],[-93.4354,35.0624],[-93.4363,35.0626],[-93.4372,35.062],[-93.4372,35.0593],[-93.4354,35.0594],[-93.4345,35.0586],[-93.4351,35.0582],[-93.4387,35.0585],[-93.4393,35.0575],[-93.4419,35.0571],[-93.4429,35.0574],[-93.4431,35.0586]]]]}},{"type":"Feature","id":"0538890","properties":{"name":"Lavaca","land_sqmi":2.22,"lat":35.3333,"lon":-94.1808},"geometry":{"type":"MultiPolygon","coordinates":[[[[-94.2269,35.3314],[-94.2209,35.3363],[-94.2191,35.3375],[-94.2177,35.3379],[-94.2166,35.3381],[-94.2072,35.3379],[-94.2018,35.3372],[-94.1955,35.3367],[-94.1953,35.343],[-94.1864,35.3428],[-94.1863,35.3446],[-94.1774,35.3444],[-94.1773,35.3463],[-94.1729,35.3462],[-94.1729,35.3443],[-94.1686,35.3442],[-94.1683,35.3515],[-94.1679,35.362],[-94.1644,35.3625],[-94.1615,35.364],[-94.1546,35.3648],[-94.1584,35.364],[-94.1618,35.3638],[-94.1647,35.3623],[-94.1677,35.3619],[-94.1676,35.3395],[-94.1676,35.3368],[-94.1597,35.336],[-94.142,35.3348],[-94.1348,35.3342],[-94.142,35.3347],[-94.142,35.3345],[-94.1547,35.3355],[-94.1598,35.3358],[-94.1598,35.335],[-94.1621,35.3351],[-94.1623,35.3294],[-94.1646,35.3297],[-94.1733,35.3298],[-94.1733,35.3284],[-94.1645,35.3282],[-94.1647,35.3249],[-94.1691,35.325],[-94.1702,35.3269],[-94.169,35.3276],[-94.1733,35.3277],[-94.1735,35.3244],[-94.1725,35.3228],[-94.1671,35.3223],[-94.166,35.3219],[-94.1624,35.3186],[-94.1619,35.3171],[-94.1621,35.3126],[-94.1619,35.3063],[-94.1625,35.3019],[-94.1687,35.3039],[-94.179,35.3058],[-94.1899,35.3076],[-94.2005,35.3129],[-94.2048,35.3151],[-94.2059,35.3156],[-94.2072,35.316],[-94.2152,35.3174],[-94.2074,35.3163],[-94.2047,35.3155],[-94.2004,35.3132],[-94.1887,35.3264],[-94.1958,35.3265],[-94.1957,35.3285],[-94.1913,35.3283],[-94.1911,35.3338],[-94.1942,35.3339],[-94.1942,35.3365],[-94.1955,35.3365],[-94.1955,35.3338],[-94.2,35.3339],[-94.2,35.3361],[-94.1989,35.3368],[-94.2078,35.3377],[-94.2158,35.3379],[-94.2188,35.3375],[-94.2217,35.3356],[-94.2244,35.3331],[-94.2269,35.3314]],[[-94.2002,35.3131],[-94.1907,35.3082],[-94.1891,35.3077],[-94.179,35.3061],[-94.1751,35.3055],[-94.169,35.3043],[-94.1627,35.3022],[-94.1622,35.3063],[-94.1623,35.3123],[-94.1621,35.3171],[-94.1625,35.3184],[-94.1657,35.3214],[-94.1677,35.3222],[-94.1755,35.3225],[-94.1775,35.3225],[-94.1774,35.3236],[-94.1755,35.3236],[-94.1738,35.3242],[-94.1737,35.3261],[-94.178,35.3261],[-94.1779,35.3293],[-94.1767,35.3298],[-94.184,35.33],[-94.1843,35.3227],[-94.1916,35.3229],[-94.2002,35.3131]]]]}},{"type":"Feature","id":"0566440","properties":{"name":"Star City","land_sqmi":4.8,"lat":33.9416,"lon":-91.8343},"geometry":{"type":"MultiPolygon","coordinates":[[[[-91.8648,33.9385],[-91.8632,33.9383],[-91.8626,33.9382],[-91.8621,33.9383],[-91.8616,33.9385],[-91.8599,33.9392],[-91.8605,33.94],[-91.8607,33.9404],[-91.8607,33.941],[-91.8604,33.941],[-91.8591,33.941],[-91.8591,33.9431],[-91.856,33.943],[-91.856,33.9518],[-91.8553,33.9525],[-91.8556,33.9538],[-91.8573,33.9555],[-91.8596,33.9564],[-91.8606,33.9577],[-91.8607,33.9594],[-91.843,33.9594],[-91.8431,33.964],[-91.8409,33.9633],[-91.841,33.963],[-91.8343,33.963],[-91.8343,33.9575],[-91.83,33.9575],[-91.83,33.9593],[-91.8272,33.9593],[-91.8272,33.9582],[-91.8243,33.9582],[-91.8214,33.9552],[-91.8211,33.9545],[-91.8211,33.9521],[-91.83,33.952],[-91.8277,33.9511],[-91.8299,33.9496],[-91.8299,33.9484],[-91.8317,33.9484],[-91.8343,33.9466],[-91.8342,33.9423],[-91.8314,33.9418],[-91.8314,33.9411],[-91.8287,33.9411],[-91.8277,33.9423],[-91.8255,33.9423],[-91.8255,33.9447],[-91.8211,33.9447],[-91.8211,33.9424],[-91.8204,33.9424],[-91.8211,33.9412],[-91.8212,33.9374],[-91.8255,33.9373],[-91.8255,33.9337],[-91.8298,33.9337],[-91.8298,33.9301],[-91.8255,33.9301],[-91.8255,33.9246],[-91.8233,33.9247],[-91.8233,33.9229],[-91.8038,33.9228],[-91.8037,33.92],[-91.8037,33.9191],[-91.821,33.9193],[-91.8254,33.9192],[-91.8255,33.9228],[-91.8305,33.9227],[-91.8386,33.9225],[-91.8415,33.9226],[-91.8438,33.9227],[-91.8473,33.9228],[-91.8473,33.9263],[-91.856,33.9264],[-91.856,33.9401],[-91.8604,33.9385],[-91.8604,33.9301],[-91.8648,33.9301],[-91.8648,33.9385]],[[-91.8298,33.9301],[-91.834,33.9301],[-91.8342,33.9301],[-91.8342,33.9289],[-91.8342,33.9263],[-91.8298,33.9264],[-91.8298,33.9301]]]]}},{"type":"Feature","id":"0530700","properties":{"name":"Hatfield","land_sqmi":1.33,"lat":34.4868,"lon":-94.3805},"geometry":{"type":"MultiPolygon","coordinates":[[[[-94.3937,34.4826],[-94.3893,34.4826],[-94.3891,34.4934],[-94.3829,34.4933],[-94.3828,34.497],[-94.3759,34.497],[-94.376,34.4933],[-94.3716,34.4932],[-94.3717,34.4897],[-94.3672,34.4896],[-94.3675,34.4767],[-94.37,34.4766],[-94.3697,34.4787],[-94.3757,34.4788],[-94.3937,34.479],[-94.3937,34.4826]],[[-94.3818,34.4933],[-94.3804,34.4933],[-94.3804,34.4942],[-94.3809,34.4945],[-94.3804,34.4946],[-94.3818,34.4946],[-94.3818,34.4933]]]]}},{"type":"Feature","id":"0504840","properties":{"name":"Bella Vista","land_sqmi":45.3,"lat":36.4575,"lon":-94.2688},"geometry":{"type":"MultiPolygon","coordinates":[[[[-94.3757,36.4648],[-94.3728,36.4648],[-94.3728,36.4684],[-94.3713,36.4716],[-94.373,36.4748],[-94.3732,36.4805],[-94.374,36.4806],[-94.3743,36.481],[-94.3737,36.482],[-94.3736,36.4841],[-94.3738,36.4857],[-94.3734,36.4865],[-94.3739,36.4875],[-94.3744,36.4893],[-94.3727,36.491],[-94.3725,36.4952],[-94.3703,36.4952],[-94.3709,36.4966],[-94.3719,36.4996],[-94.3612,36.4996],[-94.3393,36.4995],[-94.3294,36.4995],[-94.3274,36.4995],[-94.3274,36.4972],[-94.3161,36.4969],[-94.316,36.4994],[-94.3132,36.4994],[-94.3071,36.4994],[-94.3071,36.4966],[-94.2937,36.4965],[-94.2938,36.4929],[-94.2915,36.4923],[-94.2894,36.4897],[-94.2891,36.4993],[-94.2801,36.4993],[-94.2761,36.4993],[-94.2694,36.4992],[-94.2537,36.4992],[-94.2538,36.4956],[-94.2493,36.4955],[-94.2492,36.4992],[-94.2418,36.4991],[-94.2154,36.499],[-94.1964,36.4989],[-94.1841,36.4989],[-94.1829,36.4989],[-94.182,36.4977],[-94.1811,36.4964],[-94.1798,36.4964],[-94.1799,36.4941],[-94.1842,36.4942],[-94.1844,36.4942],[-94.1843,36.487],[-94.171,36.4869],[-94.171,36.4832],[-94.1664,36.4832],[-94.162,36.4831],[-94.162,36.4816],[-94.1621,36.4785],[-94.1665,36.4786],[-94.1712,36.4787],[-94.1713,36.476],[-94.1666,36.4759],[-94.1622,36.4757],[-94.1624,36.4722],[-94.1625,36.4695],[-94.1669,36.4695],[-94.1668,36.4723],[-94.1669,36.4723],[-94.1758,36.4725],[-94.176,36.4702],[-94.1765,36.4652],[-94.1772,36.4652],[-94.1852,36.4653],[-94.1853,36.4625],[-94.1843,36.4621],[-94.1807,36.4629],[-94.1808,36.4579],[-94.1764,36.4578],[-94.1765,36.4563],[-94.1748,36.4578],[-94.1704,36.4578],[-94.1683,36.4566],[-94.1688,36.4541],[-94.1758,36.4542],[-94.1765,36.4559],[-94.1766,36.4543],[-94.1791,36.4543],[-94.1804,36.4521],[-94.1792,36.4516],[-94.1785,36.4494],[-94.1803,36.4483],[-94.1814,36.4471],[-94.1859,36.4471],[-94.1866,36.447],[-94.1877,36.4455],[-94.1884,36.445],[-94.1886,36.4443],[-94.1881,36.443],[-94.1927,36.4401],[-94.195,36.4401],[-94.1993,36.4401],[-94.1993,36.4395],[-94.198,36.4384],[-94.1985,36.438],[-94.201,36.4366],[-94.204,36.4366],[-94.2041,36.4338],[-94.2038,36.4337],[-94.2044,36.4328],[-94.207,36.4316],[-94.2086,36.4317],[-94.2086,36.4351],[-94.2078,36.4361],[-94.2078,36.4378],[-94.2102,36.4403],[-94.2113,36.4403],[-94.2151,36.4403],[-94.2154,36.4383],[-94.2169,36.4368],[-94.2199,36.4369],[-94.2199,36.4343],[-94.2212,36.4339],[-94.226,36.4364],[-94.2296,36.4378],[-94.2288,36.4367],[-94.229,36.4338],[-94.2289,36.4327],[-94.2305,36.4334],[-94.2295,36.4354],[-94.2315,36.4373],[-94.2335,36.4363],[-94.2342,36.4389],[-94.2362,36.4387],[-94.236,36.4371],[-94.2358,36.4369],[-94.2342,36.4348],[-94.2335,36.4338],[-94.2329,36.4327],[-94.2308,36.429],[-94.2263,36.4262],[-94.2253,36.4253],[-94.2227,36.4247],[-94.2214,36.4234],[-94.2228,36.4229],[-94.2235,36.4225],[-94.2336,36.4227],[-94.2338,36.4154],[-94.2475,36.4157],[-94.2473,36.4208],[-94.2463,36.4225],[-94.2472,36.4226],[-94.2468,36.4236],[-94.2477,36.4265],[-94.2516,36.4266],[-94.2516,36.4229],[-94.2561,36.423],[-94.2561,36.4266],[-94.2604,36.4268],[-94.2605,36.4303],[-94.265,36.4303],[-94.2649,36.432],[-94.2695,36.4305],[-94.2716,36.4305],[-94.2733,36.4321],[-94.2734,36.4306],[-94.278,36.4307],[-94.2741,36.4264],[-94.2744,36.4162],[-94.2835,36.4164],[-94.2834,36.4199],[-94.2879,36.4201],[-94.2878,36.4214],[-94.2878,36.4215],[-94.2877,36.4236],[-94.2883,36.4236],[-94.2923,36.4237],[-94.292,36.4346],[-94.2869,36.4344],[-94.2864,36.4344],[-94.286,36.4354],[-94.2852,36.4362],[-94.2855,36.4369],[-94.2895,36.4358],[-94.2919,36.4375],[-94.2917,36.4419],[-94.2872,36.4417],[-94.2871,36.4455],[-94.2911,36.4455],[-94.291,36.4492],[-94.2955,36.4492],[-94.2955,36.4457],[-94.2994,36.4458],[-94.2998,36.4483],[-94.3034,36.4482],[-94.3033,36.4458],[-94.3141,36.446],[-94.3144,36.4378],[-94.3164,36.4369],[-94.3189,36.4369],[-94.3188,36.4387],[-94.3334,36.4391],[-94.3332,36.4436],[-94.3363,36.4436],[-94.3362,36.4463],[-94.3467,36.4463],[-94.3468,36.4447],[-94.3499,36.4468],[-94.3502,36.4474],[-94.3482,36.45],[-94.3468,36.4504],[-94.3484,36.4512],[-94.3487,36.4514],[-94.3514,36.4498],[-94.3522,36.4481],[-94.3591,36.4458],[-94.3601,36.4465],[-94.369,36.4465],[-94.3688,36.4575],[-94.371,36.4575],[-94.371,36.4591],[-94.3722,36.4591],[-94.3723,36.4575],[-94.3732,36.4575],[-94.3732,36.4611],[-94.3753,36.4612],[-94.3757,36.4633],[-94.3757,36.4648]]]]}},{"type":"Feature","id":"0521430","properties":{"name":"Elm Springs","land_sqmi":5.95,"lat":36.2045,"lon":-94.2432},"geometry":{"type":"MultiPolygon","coordinates":[[[[-94.1869,36.1903],[-94.1869,36.1904],[-94.1862,36.1904],[-94.1862,36.1898],[-94.1869,36.1898],[-94.1869,36.1903]]],[[[-94.1901,36.1892],[-94.1885,36.1892],[-94.1888,36.1898],[-94.1887,36.1907],[-94.1877,36.1906],[-94.1877,36.19],[-94.1877,36.1896],[-94.1878,36.189],[-94.1878,36.1887],[-94.19,36.1888],[-94.1901,36.1892]]],[[[-94.2999,36.2066],[-94.2892,36.2066],[-94.2845,36.2071],[-94.2845,36.2079],[-94.2801,36.2074],[-94.28,36.2135],[-94.2797,36.2208],[-94.2573,36.2204],[-94.2574,36.2167],[-94.2539,36.2167],[-94.2539,36.2149],[-94.2522,36.2139],[-94.2522,36.213],[-94.2509,36.213],[-94.2507,36.2166],[-94.2485,36.2166],[-94.2484,36.2202],[-94.2439,36.22],[-94.2442,36.2127],[-94.2321,36.2126],[-94.2318,36.2139],[-94.2281,36.2138],[-94.2295,36.2129],[-94.2298,36.2126],[-94.2249,36.2125],[-94.2231,36.216],[-94.2184,36.216],[-94.2183,36.2197],[-94.214,36.2196],[-94.2141,36.2141],[-94.2186,36.2142],[-94.2186,36.2124],[-94.2141,36.2123],[-94.2131,36.2123],[-94.1944,36.2118],[-94.1951,36.21],[-94.1955,36.1936],[-94.1922,36.1936],[-94.1923,36.1899],[-94.1942,36.19],[-94.1943,36.1882],[-94.1954,36.1883],[-94.1954,36.19],[-94.2042,36.1901],[-94.2086,36.1939],[-94.2101,36.194],[-94.2116,36.1962],[-94.2128,36.197],[-94.2113,36.2003],[-94.2137,36.1996],[-94.2145,36.1986],[-94.2167,36.1997],[-94.2186,36.1983],[-94.2191,36.1979],[-94.2307,36.198],[-94.2402,36.1983],[-94.2401,36.2018],[-94.2535,36.2021],[-94.2536,36.1986],[-94.2626,36.1988],[-94.2625,36.2004],[-94.267,36.2006],[-94.2669,36.2024],[-94.2803,36.2027],[-94.2802,36.2061],[-94.2842,36.2061],[-94.2843,36.2028],[-94.2936,36.2029],[-94.2953,36.2037],[-94.2967,36.2055],[-94.2984,36.2054],[-94.3002,36.2068],[-94.2999,36.2066]]]]}},{"type":"Feature","id":"0558880","properties":{"name":"Reed","land_sqmi":0.2,"lat":33.7009,"lon":-91.4464},"geometry":{"type":"MultiPolygon","coordinates":[[[[-91.4519,33.7033],[-91.45,33.7041],[-91.447,33.7032],[-91.4479,33.7043],[-91.4459,33.7044],[-91.4408,33.7045],[-91.4412,33.6973],[-91.442,33.6973],[-91.4426,33.6985],[-91.4445,33.6999],[-91.4519,33.7],[-91.4519,33.7033]]]]}},{"type":"Feature","id":"0563710","properties":{"name":"Sheridan","land_sqmi":12.24,"lat":34.2982,"lon":-92.4226},"geometry":{"type":"MultiPolygon","coordinates":[[[[-92.462,34.28],[-92.4613,34.2938],[-92.4571,34.2937],[-92.4572,34.2901],[-92.4444,34.2899],[-92.4443,34.2972],[-92.4399,34.297],[-92.4399,34.2988],[-92.4355,34.2987],[-92.4354,34.3005],[-92.4306,34.3004],[-92.4284,34.3003],[-92.4283,34.3026],[-92.4289,34.3026],[-92.4288,34.3037],[-92.4306,34.3036],[-92.4307,34.3076],[-92.4352,34.3077],[-92.4353,34.305],[-92.4331,34.3041],[-92.4397,34.3042],[-92.4397,34.3021],[-92.4441,34.3022],[-92.4438,34.3123],[-92.4437,34.315],[-92.4524,34.3152],[-92.4523,34.3188],[-92.4566,34.3189],[-92.4565,34.3225],[-92.4558,34.3262],[-92.4514,34.326],[-92.4515,34.3242],[-92.4471,34.3241],[-92.4471,34.3259],[-92.4427,34.3257],[-92.4425,34.3295],[-92.4436,34.3295],[-92.4434,34.3331],[-92.4467,34.3332],[-92.4469,34.3296],[-92.4513,34.3297],[-92.4507,34.3442],[-92.442,34.344],[-92.4377,34.3439],[-92.4382,34.3294],[-92.4207,34.329],[-92.421,34.3217],[-92.4261,34.3218],[-92.4261,34.3191],[-92.4246,34.3191],[-92.4246,34.318],[-92.4218,34.3179],[-92.4219,34.3147],[-92.4208,34.3147],[-92.4207,34.3183],[-92.4185,34.3183],[-92.4186,34.3156],[-92.4175,34.3156],[-92.4165,34.3216],[-92.4163,34.3259],[-92.4163,34.327],[-92.4135,34.3262],[-92.4119,34.3239],[-92.408,34.3242],[-92.4079,34.3218],[-92.4086,34.3214],[-92.4086,34.3209],[-92.4044,34.3213],[-92.3982,34.3211],[-92.3971,34.3211],[-92.3971,34.323],[-92.3992,34.3231],[-92.3991,34.332],[-92.3956,34.332],[-92.3956,34.3254],[-92.3898,34.3254],[-92.3832,34.3254],[-92.3837,34.3193],[-92.39,34.3192],[-92.39,34.3204],[-92.3913,34.3204],[-92.3913,34.3162],[-92.3913,34.3097],[-92.39,34.3097],[-92.3897,34.3093],[-92.389,34.3095],[-92.3884,34.3094],[-92.3884,34.3096],[-92.3844,34.3097],[-92.3835,34.308],[-92.3844,34.3077],[-92.3848,34.3084],[-92.388,34.3072],[-92.3874,34.3054],[-92.3888,34.3051],[-92.3875,34.3033],[-92.3915,34.3034],[-92.3915,34.3016],[-92.3903,34.3016],[-92.3872,34.2997],[-92.3849,34.2997],[-92.3848,34.2866],[-92.3918,34.2867],[-92.3918,34.2907],[-92.3961,34.2908],[-92.3976,34.2887],[-92.3976,34.2873],[-92.3988,34.2873],[-92.3988,34.2826],[-92.4007,34.2827],[-92.4006,34.2891],[-92.4026,34.2892],[-92.4026,34.2906],[-92.4051,34.2906],[-92.4056,34.2926],[-92.4057,34.2894],[-92.404,34.2893],[-92.4039,34.2856],[-92.4051,34.2857],[-92.4051,34.2878],[-92.4072,34.2879],[-92.4095,34.2856],[-92.4096,34.2784],[-92.4155,34.2784],[-92.4184,34.2785],[-92.4185,34.2712],[-92.4104,34.2711],[-92.4096,34.2696],[-92.4096,34.2674],[-92.4119,34.2675],[-92.4119,34.2638],[-92.4096,34.2637],[-92.4099,34.2566],[-92.4144,34.2567],[-92.4146,34.2521],[-92.419,34.2522],[-92.419,34.2531],[-92.4322,34.2532],[-92.432,34.2642],[-92.4363,34.2644],[-92.4361,34.2715],[-92.423,34.2713],[-92.4229,34.2749],[-92.4274,34.2749],[-92.4264,34.2785],[-92.4265,34.2904],[-92.4303,34.2854],[-92.4315,34.2847],[-92.4315,34.2859],[-92.4358,34.286],[-92.4359,34.2823],[-92.4402,34.2825],[-92.4403,34.2788],[-92.4447,34.2789],[-92.4448,34.2754],[-92.4491,34.2754],[-92.4491,34.2772],[-92.4534,34.2773],[-92.4533,34.279],[-92.4621,34.2794],[-92.462,34.28]],[[-92.4489,34.2826],[-92.4447,34.2826],[-92.4446,34.2862],[-92.4489,34.2863],[-92.4489,34.2826]],[[-92.4392,34.3185],[-92.4305,34.3183],[-92.4304,34.3206],[-92.4288,34.3219],[-92.4391,34.3221],[-92.4392,34.3185]],[[-92.4287,34.3039],[-92.4268,34.3039],[-92.4264,34.3066],[-92.4276,34.3066],[-92.4287,34.3058],[-92.4287,34.3039]],[[-92.4234,34.2966],[-92.4178,34.2966],[-92.4178,34.2984],[-92.4139,34.2984],[-92.4137,34.3032],[-92.4102,34.3039],[-92.4101,34.3074],[-92.4141,34.3074],[-92.4136,34.3047],[-92.4145,34.3039],[-92.416,34.3039],[-92.417,34.3075],[-92.4178,34.3039],[-92.4208,34.3039],[-92.4208,34.3058],[-92.419,34.3057],[-92.4194,34.3094],[-92.4176,34.3093],[-92.4176,34.3111],[-92.4218,34.3106],[-92.4228,34.3115],[-92.4233,34.3086],[-92.422,34.3075],[-92.4224,34.3002],[-92.4234,34.3002],[-92.4234,34.2966]],[[-92.4232,34.2641],[-92.4209,34.264],[-92.4187,34.264],[-92.4187,34.2648],[-92.4208,34.2648],[-92.4232,34.265],[-92.4232,34.2642],[-92.4232,34.2641]],[[-92.407,34.2967],[-92.4049,34.2967],[-92.4048,34.2972],[-92.4046,34.2974],[-92.4025,34.2974],[-92.4024,34.2974],[-92.4022,34.2977],[-92.4022,34.2986],[-92.4026,34.298],[-92.4041,34.298],[-92.4042,34.2996],[-92.407,34.2997],[-92.407,34.2967]]]]}},{"type":"Feature","id":"0501060","properties":{"name":"Alpena","land_sqmi":1.33,"lat":36.288,"lon":-93.3018},"geometry":{"type":"MultiPolygon","coordinates":[[[[-93.3153,36.2967],[-93.3132,36.2968],[-93.3094,36.2967],[-93.3075,36.2966],[-93.3064,36.2966],[-93.3022,36.2966],[-93.302,36.2966],[-93.2976,36.2966],[-93.2959,36.2965],[-93.296,36.297],[-93.2907,36.2968],[-93.2885,36.2972],[-93.288,36.2933],[-93.2884,36.2937],[-93.2885,36.2892],[-93.2977,36.2892],[-93.2979,36.2818],[-93.3023,36.2818],[-93.3024,36.2787],[-93.3067,36.2788],[-93.3073,36.2819],[-93.3112,36.2819],[-93.3157,36.2819],[-93.3153,36.2967]]]]}},{"type":"Feature","id":"0517740","properties":{"name":"Decatur","land_sqmi":4.75,"lat":36.3434,"lon":-94.4578},"geometry":{"type":"MultiPolygon","coordinates":[[[[-94.4822,36.36],[-94.4802,36.36],[-94.4812,36.3612],[-94.4777,36.3612],[-94.4776,36.3647],[-94.4821,36.3648],[-94.4732,36.3646],[-94.4732,36.3611],[-94.4687,36.361],[-94.4688,36.3592],[-94.4643,36.3592],[-94.4645,36.3539],[-94.4512,36.3536],[-94.4511,36.3572],[-94.4498,36.3572],[-94.451,36.3606],[-94.441,36.3605],[-94.4406,36.3598],[-94.4408,36.3572],[-94.4492,36.3485],[-94.4471,36.3463],[-94.4335,36.346],[-94.4337,36.3342],[-94.4337,36.3315],[-94.4384,36.3317],[-94.4385,36.3281],[-94.4547,36.3285],[-94.4521,36.3263],[-94.4522,36.3221],[-94.4556,36.3222],[-94.4572,36.3267],[-94.4609,36.3268],[-94.4615,36.3277],[-94.464,36.3265],[-94.4659,36.3235],[-94.467,36.323],[-94.4699,36.3234],[-94.4699,36.3251],[-94.4787,36.3253],[-94.4779,36.3542],[-94.469,36.354],[-94.4688,36.3577],[-94.4733,36.3578],[-94.4732,36.3607],[-94.4757,36.3607],[-94.4758,36.3578],[-94.4812,36.3579],[-94.4822,36.3587],[-94.4822,36.36]]]]}},{"type":"Feature","id":"0540120","properties":{"name":"Little Flock","land_sqmi":7.51,"lat":36.3889,"lon":-94.1381},"geometry":{"type":"MultiPolygon","coordinates":[[[[-94.1174,36.3767],[-94.1171,36.3766],[-94.1169,36.3766],[-94.1167,36.3765],[-94.1164,36.3763],[-94.1159,36.3762],[-94.1156,36.3762],[-94.1156,36.3753],[-94.1175,36.3753],[-94.1174,36.3767]]],[[[-94.1608,36.366],[-94.1607,36.3689],[-94.1606,36.3705],[-94.1582,36.3704],[-94.1582,36.3686],[-94.157,36.3685],[-94.1569,36.3704],[-94.1547,36.3704],[-94.1546,36.3776],[-94.1515,36.3776],[-94.1514,36.3848],[-94.1558,36.3849],[-94.1558,36.3867],[-94.1603,36.3868],[-94.1602,36.3879],[-94.1557,36.3885],[-94.1555,36.3975],[-94.1551,36.4029],[-94.1508,36.4028],[-94.1418,36.4027],[-94.1415,36.4135],[-94.1412,36.4135],[-94.1394,36.4135],[-94.1383,36.4144],[-94.1378,36.4146],[-94.1368,36.4134],[-94.1325,36.4133],[-94.1323,36.4206],[-94.1194,36.4203],[-94.1201,36.4168],[-94.1203,36.4149],[-94.121,36.4131],[-94.1212,36.4124],[-94.1174,36.4048],[-94.1172,36.4041],[-94.1171,36.4041],[-94.1171,36.4014],[-94.1167,36.399],[-94.1168,36.3986],[-94.124,36.3987],[-94.124,36.3951],[-94.1208,36.3951],[-94.1208,36.3939],[-94.1196,36.3939],[-94.1193,36.3931],[-94.1157,36.3914],[-94.1153,36.3914],[-94.1153,36.3903],[-94.1153,36.3904],[-94.1198,36.3906],[-94.1185,36.3878],[-94.1186,36.3842],[-94.1199,36.3842],[-94.12,36.3806],[-94.1184,36.3806],[-94.1185,36.3767],[-94.1185,36.3732],[-94.1191,36.3733],[-94.1192,36.3696],[-94.1181,36.3696],[-94.1183,36.3623],[-94.1222,36.3624],[-94.1223,36.3598],[-94.1183,36.3608],[-94.1184,36.3588],[-94.1341,36.3591],[-94.134,36.3609],[-94.1385,36.3609],[-94.1385,36.3619],[-94.143,36.362],[-94.143,36.3593],[-94.1385,36.3591],[-94.1386,36.3573],[-94.1517,36.3576],[-94.1517,36.3585],[-94.1519,36.3585],[-94.1554,36.3587],[-94.1572,36.3577],[-94.1579,36.3614],[-94.161,36.3614],[-94.1608,36.366]]]]}},{"type":"Feature","id":"0520320","properties":{"name":"Earle","land_sqmi":3.25,"lat":35.2767,"lon":-90.462},"geometry":{"type":"MultiPolygon","coordinates":[[[[-90.4869,35.2823],[-90.4848,35.285],[-90.4826,35.2853],[-90.4768,35.288],[-90.4747,35.2902],[-90.4727,35.2913],[-90.4703,35.2936],[-90.4694,35.2954],[-90.4685,35.2955],[-90.4686,35.2899],[-90.4641,35.2898],[-90.4644,35.2771],[-90.4598,35.277],[-90.4598,35.2757],[-90.4599,35.2733],[-90.4511,35.2732],[-90.451,35.2757],[-90.4509,35.2804],[-90.4371,35.2803],[-90.4371,35.2737],[-90.4421,35.2734],[-90.4423,35.2695],[-90.4467,35.2695],[-90.4468,35.2659],[-90.4506,35.266],[-90.4508,35.2611],[-90.4551,35.2617],[-90.4594,35.2618],[-90.4596,35.258],[-90.4775,35.2582],[-90.4772,35.2651],[-90.4781,35.2661],[-90.4781,35.2664],[-90.478,35.2736],[-90.4859,35.2736],[-90.4827,35.2752],[-90.4779,35.2757],[-90.4778,35.2808],[-90.4869,35.2809],[-90.4869,35.2823]]]]}},{"type":"Feature","id":"0542770","properties":{"name":"McGehee","land_sqmi":6.71,"lat":33.6397,"lon":-91.3942},"geometry":{"type":"MultiPolygon","coordinates":[[[[-91.4398,33.6307],[-91.4278,33.6305],[-91.4278,33.634],[-91.4317,33.634],[-91.4316,33.6366],[-91.428,33.6366],[-91.428,33.6395],[-91.431,33.6395],[-91.431,33.6407],[-91.428,33.6407],[-91.4279,33.6444],[-91.4303,33.6444],[-91.4303,33.6456],[-91.4279,33.6456],[-91.4279,33.6469],[-91.4317,33.6469],[-91.4317,33.648],[-91.4279,33.6481],[-91.4278,33.6499],[-91.4352,33.65],[-91.4352,33.6512],[-91.4306,33.6511],[-91.4306,33.6522],[-91.4217,33.6522],[-91.4217,33.6499],[-91.4247,33.6499],[-91.4251,33.6302],[-91.4147,33.6302],[-91.4147,33.6362],[-91.4089,33.6362],[-91.4088,33.6469],[-91.4106,33.6502],[-91.4119,33.6546],[-91.411,33.6545],[-91.412,33.6562],[-91.4192,33.6659],[-91.4259,33.6749],[-91.4259,33.6756],[-91.4258,33.6806],[-91.4148,33.6658],[-91.4085,33.6572],[-91.4086,33.6546],[-91.3929,33.6414],[-91.3839,33.6502],[-91.3807,33.6477],[-91.3794,33.6467],[-91.3896,33.6368],[-91.3846,33.6327],[-91.374,33.6327],[-91.3741,33.6252],[-91.3799,33.6252],[-91.3797,33.623],[-91.38,33.6193],[-91.3786,33.6156],[-91.3773,33.6145],[-91.3702,33.6112],[-91.3701,33.6142],[-91.3631,33.6143],[-91.3631,33.6095],[-91.3575,33.607],[-91.3486,33.6069],[-91.3487,33.5996],[-91.353,33.6015],[-91.3562,33.6026],[-91.3563,33.5989],[-91.3638,33.599],[-91.3637,33.5999],[-91.358,33.5998],[-91.3579,33.6033],[-91.3658,33.6067],[-91.3678,33.6062],[-91.3703,33.6066],[-91.3703,33.6002],[-91.3745,33.6002],[-91.3744,33.6052],[-91.3812,33.6052],[-91.3814,33.5993],[-91.3831,33.5993],[-91.3851,33.5993],[-91.3851,33.607],[-91.4006,33.6071],[-91.4006,33.6144],[-91.4103,33.6144],[-91.4102,33.6189],[-91.415,33.6192],[-91.4102,33.6191],[-91.4101,33.6279],[-91.4267,33.6279],[-91.4266,33.6292],[-91.4398,33.6294],[-91.4398,33.6307]]]]}},{"type":"Feature","id":"0512520","properties":{"name":"Cedarville","land_sqmi":8.41,"lat":35.5828,"lon":-94.3541},"geometry":{"type":"MultiPolygon","coordinates":[[[[-94.3879,35.5869],[-94.3834,35.5869],[-94.383,35.5976],[-94.3778,35.5975],[-94.3803,35.5981],[-94.3805,35.6003],[-94.3826,35.6008],[-94.3826,35.6086],[-94.3792,35.6085],[-94.3782,35.6084],[-94.378,35.6119],[-94.3639,35.6116],[-94.3602,35.6116],[-94.3604,35.6043],[-94.3426,35.6039],[-94.3432,35.5857],[-94.3342,35.5855],[-94.3341,35.5891],[-94.3201,35.5887],[-94.3203,35.5815],[-94.324,35.5816],[-94.3242,35.578],[-94.333,35.5782],[-94.3332,35.5745],[-94.3435,35.5748],[-94.3438,35.5676],[-94.3615,35.5682],[-94.3616,35.5645],[-94.362,35.5536],[-94.3791,35.5542],[-94.3796,35.5543],[-94.3792,35.5687],[-94.3881,35.569],[-94.3879,35.5869]]]]}},{"type":"Feature","id":"0561460","properties":{"name":"Rudy","land_sqmi":1.59,"lat":35.5322,"lon":-94.2447},"geometry":{"type":"MultiPolygon","coordinates":[[[[-94.2708,35.5294],[-94.2696,35.5282],[-94.2672,35.5282],[-94.2678,35.5261],[-94.2647,35.5293],[-94.2614,35.5287],[-94.2623,35.5276],[-94.2603,35.5267],[-94.2599,35.5256],[-94.2566,35.5255],[-94.2559,35.5248],[-94.2544,35.5254],[-94.2474,35.5253],[-94.2443,35.5274],[-94.2425,35.5281],[-94.2424,35.5297],[-94.2469,35.5299],[-94.2468,35.5326],[-94.2412,35.5325],[-94.2411,35.5361],[-94.2342,35.536],[-94.2341,35.5397],[-94.2466,35.5399],[-94.2464,35.5435],[-94.2297,35.5432],[-94.2297,35.5424],[-94.2269,35.5423],[-94.2253,35.5409],[-94.2243,35.5424],[-94.2207,35.5423],[-94.2208,35.5379],[-94.2275,35.5395],[-94.2286,35.5396],[-94.2286,35.5378],[-94.2309,35.5378],[-94.2333,35.5351],[-94.2378,35.5353],[-94.2379,35.5324],[-94.2351,35.5315],[-94.2326,35.5335],[-94.2298,35.5311],[-94.2298,35.5323],[-94.2243,35.5321],[-94.2243,35.5296],[-94.2299,35.5297],[-94.2299,35.527],[-94.2243,35.5269],[-94.2243,35.5249],[-94.221,35.5248],[-94.2208,35.5248],[-94.2208,35.5255],[-94.2203,35.5255],[-94.2203,35.5264],[-94.2196,35.5263],[-94.2196,35.5247],[-94.2154,35.5246],[-94.2155,35.521],[-94.2218,35.5211],[-94.2213,35.5225],[-94.2231,35.5229],[-94.2232,35.5212],[-94.2255,35.5212],[-94.2255,35.5249],[-94.2426,35.5252],[-94.2427,35.5216],[-94.2471,35.5217],[-94.2471,35.5235],[-94.2515,35.5236],[-94.2515,35.5218],[-94.2675,35.5221],[-94.2739,35.5293],[-94.2708,35.5294]]]]}},{"type":"Feature","id":"0561970","properties":{"name":"St. Francis","land_sqmi":0.35,"lat":36.4563,"lon":-90.1424},"geometry":{"type":"MultiPolygon","coordinates":[[[[-90.148,36.4536],[-90.147,36.4545],[-90.1471,36.4618],[-90.1411,36.4617],[-90.1416,36.4608],[-90.1414,36.4599],[-90.14,36.4579],[-90.1373,36.4554],[-90.1369,36.4509],[-90.1471,36.4508],[-90.148,36.4536]]]]}},{"type":"Feature","id":"0538170","properties":{"name":"Lake Village","land_sqmi":2.39,"lat":33.3339,"lon":-91.2881},"geometry":{"type":"MultiPolygon","coordinates":[[[[-91.3153,33.3253],[-91.3119,33.3265],[-91.3096,33.3284],[-91.3082,33.3289],[-91.3084,33.3243],[-91.3031,33.3262],[-91.3032,33.3302],[-91.2946,33.33],[-91.2938,33.3321],[-91.292,33.3321],[-91.2921,33.3337],[-91.2876,33.3336],[-91.2877,33.3353],[-91.2877,33.3399],[-91.2815,33.3399],[-91.281,33.3407],[-91.2826,33.3412],[-91.281,33.3434],[-91.2777,33.3433],[-91.2734,33.3494],[-91.2755,33.3497],[-91.2755,33.3525],[-91.2716,33.352],[-91.2676,33.3574],[-91.2731,33.3575],[-91.2711,33.3595],[-91.2667,33.3592],[-91.2669,33.3609],[-91.2705,33.3626],[-91.2753,33.3628],[-91.2751,33.3671],[-91.2665,33.3669],[-91.2662,33.3648],[-91.2633,33.3648],[-91.2609,33.3637],[-91.2656,33.3581],[-91.2694,33.3517],[-91.2747,33.345],[-91.2785,33.3384],[-91.2804,33.3341],[-91.2823,33.3266],[-91.2825,33.3225],[-91.2817,33.3131],[-91.2812,33.3091],[-91.2795,33.3035],[-91.278,33.3007],[-91.2872,33.3007],[-91.2871,33.3042],[-91.2913,33.3063],[-91.2922,33.3081],[-91.2934,33.308],[-91.2934,33.3138],[-91.2934,33.3166],[-91.2944,33.3166],[-91.2944,33.319],[-91.2934,33.319],[-91.2933,33.3297],[-91.3136,33.3221],[-91.3153,33.3253]]]]}},{"type":"Feature","id":"0557170","properties":{"name":"Prairie Grove","land_sqmi":9.33,"lat":35.9914,"lon":-94.3081},"geometry":{"type":"MultiPolygon","coordinates":[[[[-94.3521,35.9632],[-94.3482,35.9667],[-94.3349,35.9722],[-94.3366,35.9744],[-94.3373,35.9767],[-94.3373,35.979],[-94.3376,35.9798],[-94.3382,35.9829],[-94.3361,35.9847],[-94.3352,35.9874],[-94.3337,35.9899],[-94.3339,35.9926],[-94.3354,35.9938],[-94.3354,35.9956],[-94.3324,35.9956],[-94.3323,36.001],[-94.3242,36.001],[-94.3243,35.9938],[-94.2989,35.9934],[-94.2953,35.9933],[-94.2951,36.0006],[-94.295,36.0053],[-94.295,36.0114],[-94.2947,36.0143],[-94.2859,36.0142],[-94.2858,36.0178],[-94.2813,36.0177],[-94.2768,36.0177],[-94.2768,36.0213],[-94.2723,36.0213],[-94.2723,36.0249],[-94.2688,36.0249],[-94.2679,36.0249],[-94.268,36.017],[-94.2669,36.0167],[-94.2648,36.0167],[-94.2642,36.0159],[-94.267,36.0159],[-94.267,36.0138],[-94.268,36.0138],[-94.268,36.0124],[-94.2684,36.0122],[-94.268,36.0117],[-94.2681,36.0112],[-94.2669,36.0112],[-94.267,36.0099],[-94.2665,36.0094],[-94.2673,36.0074],[-94.2666,36.0054],[-94.2682,36.0055],[-94.2682,36.0038],[-94.2682,36.0002],[-94.2684,35.9929],[-94.2864,35.9932],[-94.2869,35.9677],[-94.2958,35.9679],[-94.2959,35.9606],[-94.3183,35.9611],[-94.3184,35.9579],[-94.3222,35.9579],[-94.3221,35.961],[-94.3496,35.9613],[-94.3509,35.9623],[-94.3521,35.9632]]]]}},{"type":"Feature","id":"0537660","properties":{"name":"Lafe","land_sqmi":2.03,"lat":36.209,"lon":-90.505},"geometry":{"type":"MultiPolygon","coordinates":[[[[-90.5225,36.215],[-90.5184,36.2151],[-90.5182,36.2186],[-90.4899,36.2175],[-90.4875,36.2102],[-90.489,36.209],[-90.4899,36.2064],[-90.4914,36.2057],[-90.4916,36.1994],[-90.5186,36.2005],[-90.5186,36.2041],[-90.5185,36.2117],[-90.5225,36.215]]]]}},{"type":"Feature","id":"0545080","properties":{"name":"Melbourne","land_sqmi":6.95,"lat":36.0647,"lon":-91.8857},"geometry":{"type":"MultiPolygon","coordinates":[[[[-91.9025,36.0444],[-91.8934,36.0439],[-91.8934,36.0437],[-91.8965,36.0438],[-91.9003,36.044],[-91.9003,36.0425],[-91.9026,36.0426],[-91.9025,36.0444]]],[[[-91.9444,36.075],[-91.9336,36.075],[-91.9335,36.0722],[-91.9292,36.0721],[-91.9292,36.0712],[-91.9202,36.0712],[-91.9202,36.0703],[-91.9114,36.0702],[-91.9113,36.072],[-91.9157,36.0721],[-91.9157,36.0739],[-91.9147,36.0739],[-91.9146,36.0775],[-91.9168,36.0775],[-91.9167,36.0801],[-91.9145,36.0814],[-91.9144,36.0847],[-91.9166,36.0848],[-91.9165,36.0884],[-91.9187,36.0884],[-91.9187,36.0902],[-91.9153,36.0902],[-91.9143,36.0865],[-91.9121,36.0865],[-91.9121,36.0829],[-91.9102,36.0831],[-91.9099,36.0832],[-91.9102,36.0739],[-91.9065,36.0738],[-91.9066,36.072],[-91.8971,36.0719],[-91.897,36.0729],[-91.8947,36.0729],[-91.8944,36.0756],[-91.8922,36.0756],[-91.8921,36.0774],[-91.8899,36.0773],[-91.89,36.0738],[-91.8922,36.0738],[-91.8925,36.0682],[-91.8933,36.0662],[-91.8902,36.0662],[-91.8897,36.0643],[-91.8882,36.0644],[-91.8883,36.0625],[-91.8838,36.0627],[-91.8834,36.0736],[-91.8767,36.0735],[-91.8765,36.0808],[-91.8675,36.0805],[-91.8673,36.0782],[-91.8609,36.078],[-91.8608,36.0803],[-91.8586,36.0802],[-91.8586,36.0766],[-91.8631,36.0767],[-91.8632,36.0741],[-91.8592,36.0751],[-91.8576,36.0764],[-91.855,36.0773],[-91.8496,36.0771],[-91.8496,36.0799],[-91.8473,36.0798],[-91.8474,36.077],[-91.8409,36.0769],[-91.8409,36.0761],[-91.8269,36.0757],[-91.827,36.0676],[-91.831,36.067],[-91.831,36.0648],[-91.8312,36.0599],[-91.8312,36.0599],[-91.8401,36.0599],[-91.8409,36.0478],[-91.8367,36.0463],[-91.8372,36.0394],[-91.8437,36.0393],[-91.8435,36.0427],[-91.8418,36.0428],[-91.8413,36.0455],[-91.8433,36.0463],[-91.8431,36.0494],[-91.8475,36.0492],[-91.8474,36.0517],[-91.8496,36.0516],[-91.8496,36.0525],[-91.8518,36.0525],[-91.8517,36.0543],[-91.8555,36.0543],[-91.8554,36.0562],[-91.8578,36.0563],[-91.8579,36.0544],[-91.8601,36.0544],[-91.8601,36.0588],[-91.8703,36.0586],[-91.8691,36.0583],[-91.8693,36.0522],[-91.8721,36.0522],[-91.872,36.0552],[-91.8751,36.0551],[-91.8751,36.0521],[-91.8796,36.052],[-91.8795,36.0574],[-91.884,36.0572],[-91.884,36.0554],[-91.8856,36.0553],[-91.8857,36.0522],[-91.8876,36.0525],[-91.8881,36.0512],[-91.8901,36.0513],[-91.8901,36.0503],[-91.8881,36.0493],[-91.8883,36.0473],[-91.8926,36.0459],[-91.8905,36.044],[-91.8888,36.0441],[-91.8887,36.0414],[-91.8896,36.0406],[-91.892,36.0406],[-91.8911,36.0417],[-91.8915,36.044],[-91.8934,36.0441],[-91.8933,36.0476],[-91.9026,36.048],[-91.9025,36.0534],[-91.91,36.0538],[-91.9129,36.0534],[-91.9162,36.0536],[-91.914,36.053],[-91.914,36.0521],[-91.9163,36.0521],[-91.9163,36.0508],[-91.9178,36.0508],[-91.9208,36.0512],[-91.9275,36.0512],[-91.9274,36.0521],[-91.9253,36.0521],[-91.9252,36.053],[-91.9207,36.053],[-91.9207,36.0539],[-91.9163,36.0539],[-91.9162,36.0539],[-91.9162,36.0557],[-91.9195,36.0557],[-91.9206,36.0575],[-91.9206,36.0593],[-91.925,36.0593],[-91.9249,36.063],[-91.9205,36.0632],[-91.9205,36.0612],[-91.9161,36.0611],[-91.9159,36.0666],[-91.918,36.0666],[-91.9179,36.0676],[-91.9226,36.0676],[-91.9226,36.0683],[-91.9263,36.0683],[-91.9335,36.0689],[-91.9443,36.0684],[-91.9444,36.075]],[[-91.9019,36.0668],[-91.8997,36.0667],[-91.8999,36.0676],[-91.8998,36.0688],[-91.9018,36.0689],[-91.9019,36.0668]],[[-91.8751,36.0564],[-91.8726,36.0565],[-91.8725,36.0573],[-91.8744,36.0572],[-91.875,36.0581],[-91.8751,36.0564]],[[-91.8749,36.063],[-91.8728,36.0631],[-91.8729,36.0604],[-91.8663,36.0605],[-91.8662,36.0642],[-91.8661,36.0669],[-91.8727,36.0667],[-91.8725,36.0721],[-91.8745,36.0722],[-91.8749,36.063]],[[-91.8659,36.0605],[-91.8598,36.0607],[-91.8598,36.0616],[-91.8577,36.0616],[-91.8422,36.0615],[-91.8422,36.065],[-91.8423,36.065],[-91.8419,36.0753],[-91.8508,36.0755],[-91.8531,36.0747],[-91.8552,36.0757],[-91.8578,36.0739],[-91.8609,36.0729],[-91.8626,36.0718],[-91.8651,36.0719],[-91.8653,36.0669],[-91.8619,36.067],[-91.8621,36.0615],[-91.8659,36.0605]]]]}},{"type":"Feature","id":"0517290","properties":{"name":"Damascus","land_sqmi":1.86,"lat":35.3624,"lon":-92.4081},"geometry":{"type":"MultiPolygon","coordinates":[[[[-92.4283,35.3647],[-92.4149,35.3645],[-92.4133,35.3653],[-92.4133,35.3674],[-92.4282,35.3678],[-92.4279,35.3749],[-92.419,35.3747],[-92.419,35.3736],[-92.4182,35.3747],[-92.4138,35.3746],[-92.4137,35.3755],[-92.3941,35.3751],[-92.3916,35.375],[-92.3917,35.3668],[-92.3878,35.3667],[-92.3879,35.3661],[-92.3918,35.3668],[-92.3998,35.3668],[-92.4007,35.3659],[-92.4008,35.3634],[-92.4053,35.3635],[-92.4055,35.3598],[-92.4073,35.3599],[-92.4074,35.3576],[-92.4077,35.3599],[-92.4099,35.36],[-92.4103,35.3524],[-92.413,35.3524],[-92.4123,35.3508],[-92.4129,35.3499],[-92.4154,35.3492],[-92.4151,35.36],[-92.4195,35.3601],[-92.4197,35.3565],[-92.424,35.3566],[-92.4238,35.3638],[-92.4283,35.3639],[-92.4283,35.3647]]]]}},{"type":"Feature","id":"0525750","properties":{"name":"Garfield","land_sqmi":3.09,"lat":36.4676,"lon":-93.9802},"geometry":{"type":"MultiPolygon","coordinates":[[[[-94.011,36.447],[-94.0109,36.447],[-93.9997,36.447],[-93.9997,36.4488],[-93.9976,36.4497],[-93.9981,36.4525],[-93.9964,36.4525],[-93.9967,36.4506],[-93.9935,36.4497],[-93.9929,36.4477],[-93.99,36.4463],[-93.9876,36.4457],[-93.9863,36.4461],[-93.9861,36.4559],[-93.9816,36.4558],[-93.9816,36.4576],[-93.9772,36.4575],[-93.9771,36.4612],[-93.9725,36.4611],[-93.9723,36.4683],[-93.9717,36.4934],[-93.9762,36.4935],[-93.976,36.4987],[-93.9715,36.4987],[-93.9716,36.4971],[-93.9671,36.4972],[-93.9676,36.4756],[-93.9678,36.4683],[-93.9681,36.4575],[-93.9635,36.4575],[-93.9636,36.4513],[-93.9637,36.4447],[-93.9492,36.4447],[-93.9493,36.4391],[-93.9493,36.4387],[-93.962,36.4388],[-93.9622,36.4376],[-93.9608,36.4366],[-93.9638,36.4366],[-93.9638,36.4393],[-93.9683,36.4394],[-93.9683,36.443],[-93.9752,36.4431],[-93.9739,36.4395],[-93.9773,36.4395],[-93.9773,36.4431],[-93.9784,36.4431],[-93.9798,36.4407],[-93.9818,36.4401],[-93.9818,36.4432],[-93.9835,36.4432],[-93.9858,36.4422],[-93.9883,36.442],[-93.9916,36.4428],[-93.9978,36.4429],[-93.9978,36.4398],[-93.9999,36.4396],[-93.9999,36.4429],[-94.0065,36.4428],[-94.0067,36.4405],[-94.0112,36.4406],[-94.011,36.447]]]]}},{"type":"Feature","id":"0528810","properties":{"name":"Greers Ferry","land_sqmi":7.22,"lat":35.5634,"lon":-92.1626},"geometry":{"type":"MultiPolygon","coordinates":[[[[-92.196,35.5743],[-92.1964,35.5767],[-92.1949,35.578],[-92.1954,35.5795],[-92.1928,35.5814],[-92.1916,35.5808],[-92.191,35.5835],[-92.1873,35.5843],[-92.1862,35.5839],[-92.1839,35.5847],[-92.1809,35.5825],[-92.1808,35.5835],[-92.1782,35.5835],[-92.1781,35.5883],[-92.177,35.5899],[-92.1768,35.592],[-92.1768,35.5925],[-92.1747,35.5936],[-92.1715,35.5927],[-92.1721,35.5943],[-92.1679,35.5952],[-92.1627,35.594],[-92.1638,35.5919],[-92.1627,35.5924],[-92.1591,35.5923],[-92.1591,35.5905],[-92.1548,35.5904],[-92.1549,35.5869],[-92.1285,35.5863],[-92.1285,35.586],[-92.1289,35.579],[-92.1594,35.5791],[-92.16,35.5507],[-92.1511,35.5505],[-92.1518,35.5324],[-92.1525,35.5331],[-92.1534,35.5321],[-92.1552,35.5316],[-92.1565,35.5325],[-92.1584,35.5364],[-92.159,35.5344],[-92.1602,35.5337],[-92.1628,35.5353],[-92.1647,35.5354],[-92.1661,35.5369],[-92.1677,35.5368],[-92.1698,35.5379],[-92.1687,35.5397],[-92.169,35.5404],[-92.1708,35.5399],[-92.172,35.541],[-92.1728,35.5401],[-92.1744,35.5411],[-92.1824,35.5498],[-92.1812,35.5497],[-92.1747,35.5489],[-92.1745,35.5477],[-92.1727,35.5465],[-92.1701,35.5461],[-92.1684,35.5478],[-92.1677,35.5498],[-92.1688,35.5501],[-92.1703,35.5521],[-92.1715,35.5522],[-92.1702,35.5507],[-92.1699,35.549],[-92.1719,35.5476],[-92.1728,35.5479],[-92.1739,35.5501],[-92.1758,35.5502],[-92.1785,35.5522],[-92.1792,35.5512],[-92.1827,35.5526],[-92.1853,35.5523],[-92.188,35.5558],[-92.1877,35.5567],[-92.1891,35.5565],[-92.1913,35.5594],[-92.1933,35.5635],[-92.1958,35.5706],[-92.1967,35.5718],[-92.196,35.5743]]]]}},{"type":"Feature","id":"0567250","properties":{"name":"Strawberry","land_sqmi":2.34,"lat":35.966,"lon":-91.3243},"geometry":{"type":"MultiPolygon","coordinates":[[[[-91.3467,35.9638],[-91.3414,35.9637],[-91.342,35.9656],[-91.3398,35.9655],[-91.3398,35.9636],[-91.333,35.9638],[-91.3326,35.9792],[-91.3193,35.9791],[-91.3196,35.9746],[-91.3151,35.9746],[-91.3148,35.979],[-91.3115,35.979],[-91.3132,35.9747],[-91.3075,35.9749],[-91.3062,35.9789],[-91.3063,35.9756],[-91.3044,35.9748],[-91.3108,35.9746],[-91.3109,35.9712],[-91.3065,35.9713],[-91.3066,35.9676],[-91.302,35.9677],[-91.302,35.9641],[-91.3068,35.9638],[-91.3069,35.9527],[-91.3114,35.9527],[-91.3113,35.9563],[-91.3247,35.9564],[-91.3246,35.9599],[-91.331,35.9599],[-91.3311,35.9582],[-91.3333,35.9582],[-91.3332,35.9599],[-91.3467,35.96],[-91.3467,35.9638]]]]}},{"type":"Feature","id":"0567370","properties":{"name":"Strong","land_sqmi":1.6,"lat":33.1079,"lon":-92.3556},"geometry":{"type":"MultiPolygon","coordinates":[[[[-92.3695,33.1152],[-92.3477,33.1149],[-92.3455,33.1149],[-92.3415,33.1148],[-92.3416,33.1093],[-92.3416,33.1006],[-92.3697,33.101],[-92.3695,33.1152]]]]}},{"type":"Feature","id":"0563740","properties":{"name":"Sherrill","land_sqmi":0.13,"lat":34.3854,"lon":-91.951},"geometry":{"type":"MultiPolygon","coordinates":[[[[-91.9569,34.3894],[-91.9558,34.3893],[-91.9547,34.3869],[-91.9539,34.3875],[-91.9532,34.3869],[-91.9517,34.3878],[-91.9496,34.3852],[-91.9476,34.384],[-91.945,34.3833],[-91.9467,34.3819],[-91.9477,34.3821],[-91.9485,34.3814],[-91.9492,34.382],[-91.9546,34.3846],[-91.9557,34.385],[-91.9567,34.3861],[-91.9562,34.3868],[-91.9569,34.3875],[-91.9569,34.3894]]]]}},{"type":"Feature","id":"0518940","properties":{"name":"Diaz","land_sqmi":5.92,"lat":35.6422,"lon":-91.2634},"geometry":{"type":"MultiPolygon","coordinates":[[[[-91.3007,35.6603],[-91.2876,35.6602],[-91.2692,35.6603],[-91.256,35.6601],[-91.2515,35.6606],[-91.2421,35.6606],[-91.2345,35.6607],[-91.2342,35.6603],[-91.2316,35.6603],[-91.2304,35.6583],[-91.2294,35.6574],[-91.2297,35.6555],[-91.2313,35.6542],[-91.2306,35.6535],[-91.2285,35.65],[-91.2299,35.646],[-91.2298,35.6439],[-91.2306,35.6433],[-91.2299,35.6411],[-91.226,35.6388],[-91.2407,35.6385],[-91.2403,35.6395],[-91.2392,35.6409],[-91.2389,35.6432],[-91.2413,35.6434],[-91.2416,35.6419],[-91.2417,35.6385],[-91.2518,35.6383],[-91.2519,35.6353],[-91.2575,35.6354],[-91.2608,35.6347],[-91.2609,35.6238],[-91.2647,35.6238],[-91.2657,35.6239],[-91.2668,35.6239],[-91.2743,35.6239],[-91.2742,35.6275],[-91.274,35.6456],[-91.2921,35.6457],[-91.2921,35.6493],[-91.2935,35.6493],[-91.3008,35.6494],[-91.3007,35.6603]],[[-91.2491,35.6537],[-91.2469,35.6536],[-91.2468,35.6598],[-91.2509,35.6536],[-91.2491,35.6537]]]]}},{"type":"Feature","id":"0510570","properties":{"name":"Calico Rock","land_sqmi":4.76,"lat":36.1392,"lon":-92.1393},"geometry":{"type":"MultiPolygon","coordinates":[[[[-92.1675,36.1575],[-92.1589,36.1572],[-92.1583,36.1737],[-92.153,36.1735],[-92.1529,36.1746],[-92.151,36.1745],[-92.151,36.1735],[-92.1404,36.1732],[-92.1404,36.1715],[-92.1449,36.1715],[-92.1451,36.1679],[-92.1406,36.1678],[-92.1409,36.1606],[-92.1365,36.1605],[-92.1363,36.1634],[-92.1317,36.164],[-92.132,36.1568],[-92.123,36.1565],[-92.1232,36.1529],[-92.1143,36.1527],[-92.1144,36.1497],[-92.1145,36.1454],[-92.119,36.1455],[-92.1192,36.1382],[-92.1148,36.1381],[-92.1149,36.1343],[-92.1104,36.1343],[-92.1107,36.1308],[-92.1151,36.1309],[-92.1152,36.1272],[-92.1198,36.1273],[-92.1203,36.1164],[-92.1248,36.1165],[-92.125,36.1128],[-92.134,36.113],[-92.1343,36.1058],[-92.1343,36.1037],[-92.1344,36.1043],[-92.135,36.1058],[-92.1389,36.1119],[-92.1409,36.1143],[-92.142,36.1149],[-92.1441,36.1157],[-92.1494,36.1165],[-92.1493,36.1181],[-92.1537,36.1186],[-92.1537,36.1205],[-92.1493,36.1204],[-92.1492,36.1222],[-92.147,36.1222],[-92.147,36.1279],[-92.1423,36.128],[-92.1423,36.1254],[-92.138,36.1253],[-92.1375,36.1348],[-92.133,36.1348],[-92.1322,36.1531],[-92.1359,36.1532],[-92.1412,36.1534],[-92.141,36.157],[-92.1455,36.157],[-92.1461,36.161],[-92.1477,36.1607],[-92.1543,36.1608],[-92.1545,36.1571],[-92.1592,36.1572],[-92.1627,36.1541],[-92.1647,36.1547],[-92.167,36.1567],[-92.1682,36.1571],[-92.1675,36.1575]]]]}},{"type":"Feature","id":"0560020","properties":{"name":"Rockport","land_sqmi":3.92,"lat":34.4056,"lon":-92.8019},"geometry":{"type":"MultiPolygon","coordinates":[[[[-92.828,34.4042],[-92.824,34.4042],[-92.8237,34.4053],[-92.8242,34.4056],[-92.8202,34.4109],[-92.8216,34.4109],[-92.823,34.4126],[-92.8214,34.4139],[-92.823,34.4146],[-92.8184,34.4146],[-92.8181,34.4155],[-92.8167,34.4184],[-92.8161,34.4192],[-92.8162,34.4277],[-92.8136,34.4269],[-92.8118,34.4264],[-92.8117,34.4249],[-92.8136,34.4249],[-92.8136,34.4241],[-92.8124,34.4242],[-92.8116,34.4235],[-92.8115,34.4228],[-92.8107,34.4236],[-92.8107,34.4228],[-92.8081,34.4229],[-92.8083,34.4252],[-92.8057,34.4246],[-92.8032,34.4248],[-92.8032,34.4266],[-92.7989,34.4266],[-92.7988,34.4248],[-92.7958,34.4242],[-92.7937,34.423],[-92.79,34.423],[-92.7899,34.4159],[-92.7931,34.4159],[-92.7929,34.4086],[-92.7891,34.4086],[-92.7889,34.4051],[-92.7901,34.4051],[-92.7873,34.4028],[-92.7842,34.4013],[-92.7833,34.4031],[-92.783,34.4013],[-92.7761,34.401],[-92.7761,34.4002],[-92.7758,34.3874],[-92.7848,34.399],[-92.7873,34.4011],[-92.7882,34.4023],[-92.7904,34.4042],[-92.7929,34.405],[-92.793,34.4014],[-92.7929,34.4013],[-92.7943,34.4006],[-92.7943,34.3993],[-92.7929,34.3997],[-92.7929,34.3941],[-92.7973,34.3946],[-92.7987,34.3922],[-92.7928,34.3921],[-92.7928,34.3904],[-92.7999,34.3905],[-92.8016,34.3897],[-92.8035,34.386],[-92.8038,34.3864],[-92.8126,34.3867],[-92.8126,34.3873],[-92.8149,34.3873],[-92.8149,34.3836],[-92.8164,34.3836],[-92.817,34.3842],[-92.8171,34.3847],[-92.8228,34.3849],[-92.8218,34.3862],[-92.8223,34.3894],[-92.8212,34.3893],[-92.8216,34.3874],[-92.8198,34.3874],[-92.8192,34.391],[-92.8191,34.3946],[-92.8168,34.3946],[-92.8167,34.395],[-92.8161,34.395],[-92.8156,34.3959],[-92.8152,34.3971],[-92.8136,34.4001],[-92.8129,34.4001],[-92.8129,34.4018],[-92.8189,34.4019],[-92.8187,34.402],[-92.8187,34.4035],[-92.8241,34.4035],[-92.8242,34.4033],[-92.8267,34.4033],[-92.828,34.4026],[-92.828,34.4042]],[[-92.8098,34.4019],[-92.8098,34.395],[-92.8016,34.3948],[-92.8017,34.4019],[-92.8017,34.402],[-92.8017,34.4056],[-92.8039,34.4045],[-92.8082,34.4052],[-92.8098,34.4035],[-92.8098,34.4019]]]]}},{"type":"Feature","id":"0529140","properties":{"name":"Gum Springs","land_sqmi":0.39,"lat":34.0652,"lon":-93.0965},"geometry":{"type":"MultiPolygon","coordinates":[[[[-93.1036,34.0636],[-93.0994,34.0635],[-93.0992,34.0672],[-93.0967,34.0671],[-93.0958,34.0707],[-93.0919,34.0702],[-93.0893,34.0601],[-93.092,34.0596],[-93.0941,34.0596],[-93.0965,34.0599],[-93.0982,34.0599],[-93.1006,34.0597],[-93.1037,34.0599],[-93.1036,34.0636]]]]}},{"type":"Feature","id":"0553390","properties":{"name":"Paragould","land_sqmi":31.77,"lat":36.0459,"lon":-90.5154},"geometry":{"type":"MultiPolygon","coordinates":[[[[-90.5905,36.0675],[-90.5883,36.0675],[-90.5883,36.0685],[-90.5863,36.0677],[-90.5838,36.0675],[-90.5837,36.0747],[-90.5881,36.0748],[-90.5876,36.0818],[-90.5825,36.0819],[-90.5814,36.0811],[-90.5818,36.0808],[-90.582,36.0773],[-90.5799,36.0771],[-90.5798,36.0766],[-90.5755,36.0766],[-90.5746,36.0754],[-90.5787,36.0754],[-90.5793,36.0717],[-90.578,36.0711],[-90.5771,36.0711],[-90.577,36.0729],[-90.5747,36.0729],[-90.5748,36.0711],[-90.5659,36.071],[-90.5658,36.0746],[-90.5613,36.0746],[-90.5612,36.0783],[-90.5667,36.0786],[-90.5666,36.0788],[-90.5655,36.0822],[-90.5655,36.0838],[-90.565,36.0837],[-90.5649,36.0841],[-90.5641,36.0855],[-90.5296,36.0855],[-90.5295,36.091],[-90.525,36.0909],[-90.5249,36.0964],[-90.5249,36.0964],[-90.5208,36.0963],[-90.5159,36.0963],[-90.5158,36.0999],[-90.5032,36.0998],[-90.5034,36.1],[-90.5045,36.1012],[-90.5053,36.1046],[-90.4934,36.1043],[-90.4877,36.1042],[-90.4851,36.0983],[-90.4845,36.0968],[-90.4838,36.0968],[-90.4839,36.0955],[-90.4838,36.093],[-90.484,36.0872],[-90.4838,36.0873],[-90.4778,36.0888],[-90.4769,36.0889],[-90.475,36.0901],[-90.4748,36.0966],[-90.4771,36.0966],[-90.4771,36.1004],[-90.4702,36.1003],[-90.4705,36.093],[-90.466,36.0929],[-90.4661,36.0892],[-90.4604,36.0892],[-90.4598,36.0892],[-90.4574,36.0892],[-90.4574,36.0818],[-90.4578,36.0673],[-90.4577,36.0673],[-90.4488,36.0672],[-90.4491,36.0545],[-90.4446,36.0545],[-90.4446,36.0564],[-90.4401,36.0563],[-90.4402,36.0526],[-90.4405,36.0526],[-90.4449,36.0526],[-90.4451,36.049],[-90.4495,36.049],[-90.4494,36.0526],[-90.4518,36.0526],[-90.4518,36.0516],[-90.4578,36.0516],[-90.4578,36.049],[-90.4737,36.0492],[-90.468,36.0457],[-90.4674,36.0447],[-90.4679,36.0381],[-90.472,36.0381],[-90.4731,36.0382],[-90.4858,36.0386],[-90.4858,36.0385],[-90.4862,36.0238],[-90.4816,36.0237],[-90.4817,36.02],[-90.4862,36.0201],[-90.4907,36.0201],[-90.4907,36.0187],[-90.5072,36.0186],[-90.5077,36.0198],[-90.508,36.0198],[-90.5103,36.0164],[-90.5132,36.0119],[-90.5132,36.0113],[-90.5133,36.009],[-90.5147,36.0089],[-90.5151,36.009],[-90.5258,35.9927],[-90.5274,35.9899],[-90.5282,35.9905],[-90.5314,35.9905],[-90.5315,35.9872],[-90.5409,35.9873],[-90.5377,35.9928],[-90.5358,35.9928],[-90.5358,35.9946],[-90.5312,35.9945],[-90.5303,35.9945],[-90.5303,35.9984],[-90.531,35.9986],[-90.5346,35.9996],[-90.5391,35.9996],[-90.5391,36.0018],[-90.5342,36.0015],[-90.533,36.0072],[-90.5323,36.0091],[-90.54,36.0091],[-90.54,36.0128],[-90.5489,36.0129],[-90.5489,36.0156],[-90.5534,36.0156],[-90.5533,36.0167],[-90.5611,36.0167],[-90.5623,36.0167],[-90.5622,36.0202],[-90.5667,36.0202],[-90.5667,36.0236],[-90.5622,36.0238],[-90.5622,36.025],[-90.5576,36.0267],[-90.5531,36.0279],[-90.5529,36.0375],[-90.5574,36.0375],[-90.5574,36.0366],[-90.5619,36.0367],[-90.5619,36.0385],[-90.5664,36.0385],[-90.5661,36.0458],[-90.5661,36.0565],[-90.5661,36.0565],[-90.566,36.0638],[-90.5676,36.0638],[-90.5705,36.0638],[-90.5706,36.0601],[-90.5742,36.0602],[-90.5729,36.0634],[-90.5725,36.0638],[-90.5794,36.0638],[-90.5795,36.0602],[-90.584,36.0602],[-90.5839,36.0638],[-90.5906,36.0639],[-90.5905,36.0675]],[[-90.5245,36.0054],[-90.5228,36.0054],[-90.5222,36.0054],[-90.5227,36.009],[-90.5229,36.009],[-90.5244,36.009],[-90.5245,36.0054]]]]}},{"type":"Feature","id":"0525030","properties":{"name":"Franklin","land_sqmi":2.13,"lat":36.1665,"lon":-91.7674},"geometry":{"type":"MultiPolygon","coordinates":[[[[-91.7907,36.1497],[-91.7896,36.1525],[-91.7889,36.1535],[-91.7886,36.1539],[-91.7886,36.1538],[-91.7888,36.1454],[-91.7913,36.145],[-91.7907,36.1497]]],[[[-91.7963,36.1672],[-91.7919,36.1686],[-91.7919,36.1706],[-91.7875,36.1706],[-91.7876,36.1778],[-91.7691,36.1776],[-91.7692,36.1829],[-91.7653,36.1829],[-91.7648,36.1769],[-91.7638,36.177],[-91.764,36.1786],[-91.7639,36.1847],[-91.7584,36.1846],[-91.7518,36.1818],[-91.7494,36.1817],[-91.7476,36.1821],[-91.7465,36.1817],[-91.748,36.1826],[-91.7465,36.1845],[-91.7465,36.1881],[-91.742,36.188],[-91.7421,36.1831],[-91.7438,36.1823],[-91.7447,36.1801],[-91.7453,36.1792],[-91.7415,36.1782],[-91.7404,36.178],[-91.7387,36.178],[-91.7385,36.177],[-91.74,36.1735],[-91.7491,36.1737],[-91.7512,36.1734],[-91.7514,36.1773],[-91.7538,36.1774],[-91.753,36.1785],[-91.7557,36.1774],[-91.7557,36.181],[-91.7622,36.181],[-91.761,36.1767],[-91.7606,36.1739],[-91.7692,36.174],[-91.7692,36.1668],[-91.768,36.1667],[-91.7681,36.1648],[-91.7725,36.1648],[-91.7726,36.163],[-91.777,36.163],[-91.7771,36.1612],[-91.7815,36.1611],[-91.7816,36.1593],[-91.7851,36.1588],[-91.788,36.156],[-91.7886,36.1539],[-91.7885,36.1618],[-91.7835,36.1627],[-91.7835,36.1651],[-91.7871,36.1651],[-91.7871,36.1669],[-91.7885,36.1662],[-91.7933,36.1664],[-91.7963,36.1672]]]]}},{"type":"Feature","id":"0562030","properties":{"name":"St. Joe","land_sqmi":1.24,"lat":36.0285,"lon":-92.8045},"geometry":{"type":"MultiPolygon","coordinates":[[[[-92.8199,36.0267],[-92.8195,36.0369],[-92.8107,36.0367],[-92.8107,36.0367],[-92.8064,36.0365],[-92.8063,36.0392],[-92.8019,36.039],[-92.8021,36.0337],[-92.7998,36.0336],[-92.7998,36.0327],[-92.8028,36.0322],[-92.8042,36.0309],[-92.8029,36.03],[-92.8008,36.0301],[-92.7958,36.0304],[-92.7959,36.0253],[-92.789,36.025],[-92.7891,36.0214],[-92.7932,36.0215],[-92.7913,36.02],[-92.7913,36.0178],[-92.7935,36.0179],[-92.7935,36.0215],[-92.7979,36.0217],[-92.7979,36.0253],[-92.8065,36.0256],[-92.8061,36.022],[-92.8135,36.0222],[-92.82,36.0224],[-92.8199,36.0267]]]]}},{"type":"Feature","id":"0518850","properties":{"name":"Diamond City","land_sqmi":2.82,"lat":36.4551,"lon":-92.9134},"geometry":{"type":"MultiPolygon","coordinates":[[[[-92.9298,36.456],[-92.9269,36.458],[-92.925,36.4603],[-92.924,36.4591],[-92.9237,36.4604],[-92.9223,36.4607],[-92.9234,36.4618],[-92.9235,36.4652],[-92.9219,36.4679],[-92.9216,36.4698],[-92.9228,36.4708],[-92.9235,36.4693],[-92.9246,36.4699],[-92.9238,36.472],[-92.9262,36.4712],[-92.9253,36.4734],[-92.9225,36.4742],[-92.9235,36.4754],[-92.9231,36.4765],[-92.9214,36.476],[-92.9217,36.4743],[-92.9197,36.4736],[-92.9197,36.4754],[-92.9178,36.4763],[-92.91,36.4723],[-92.908,36.4718],[-92.911,36.4706],[-92.9136,36.4711],[-92.9118,36.4695],[-92.912,36.4682],[-92.9141,36.4674],[-92.9119,36.4671],[-92.9126,36.464],[-92.9108,36.4664],[-92.909,36.466],[-92.9062,36.4634],[-92.9081,36.4664],[-92.9099,36.4683],[-92.9086,36.4697],[-92.9062,36.4699],[-92.905,36.4696],[-92.9052,36.4683],[-92.9026,36.47],[-92.8998,36.4646],[-92.8983,36.4605],[-92.8984,36.4583],[-92.8975,36.4573],[-92.8981,36.4553],[-92.8969,36.4542],[-92.896,36.4514],[-92.8978,36.4511],[-92.8972,36.4504],[-92.8976,36.4481],[-92.8997,36.4467],[-92.9027,36.4477],[-92.9028,36.4464],[-92.9006,36.4464],[-92.9006,36.4454],[-92.904,36.4455],[-92.9133,36.4451],[-92.9134,36.4385],[-92.9135,36.434],[-92.9144,36.4338],[-92.9148,36.4356],[-92.9159,36.4361],[-92.9156,36.438],[-92.9166,36.4382],[-92.9173,36.4367],[-92.9187,36.4358],[-92.9199,36.4386],[-92.92,36.4403],[-92.9176,36.4404],[-92.9161,36.4391],[-92.9166,36.442],[-92.9141,36.4427],[-92.9144,36.4451],[-92.918,36.4451],[-92.918,36.4459],[-92.9213,36.446],[-92.9213,36.4492],[-92.9286,36.4492],[-92.9294,36.4509],[-92.9296,36.4532],[-92.9286,36.4543],[-92.9308,36.4543],[-92.9298,36.456]]]]}},{"type":"Feature","id":"0503040","properties":{"name":"Avoca","land_sqmi":1.93,"lat":36.3966,"lon":-94.0727},"geometry":{"type":"MultiPolygon","coordinates":[[[[-94.0885,36.3948],[-94.084,36.395],[-94.0838,36.4014],[-94.0841,36.4014],[-94.0872,36.4015],[-94.0872,36.4032],[-94.0882,36.4032],[-94.0882,36.4052],[-94.0837,36.405],[-94.0836,36.4086],[-94.0711,36.4083],[-94.0605,36.408],[-94.0611,36.4074],[-94.0614,36.3997],[-94.0592,36.399],[-94.057,36.399],[-94.0573,36.3862],[-94.0618,36.3863],[-94.0618,36.3845],[-94.0662,36.3846],[-94.0661,36.3864],[-94.0639,36.3864],[-94.0639,36.39],[-94.0712,36.3902],[-94.0841,36.3905],[-94.0841,36.3917],[-94.0841,36.3921],[-94.0865,36.3924],[-94.0868,36.3947],[-94.0885,36.3948]]]]}},{"type":"Feature","id":"0508260","properties":{"name":"Bradford","land_sqmi":0.87,"lat":35.4207,"lon":-91.4553},"geometry":{"type":"MultiPolygon","coordinates":[[[[-91.4653,35.4287],[-91.461,35.4286],[-91.4475,35.4284],[-91.4474,35.4209],[-91.445,35.4198],[-91.4518,35.4126],[-91.4567,35.4127],[-91.4568,35.4174],[-91.4613,35.4175],[-91.4612,35.4212],[-91.4655,35.4213],[-91.4653,35.4287]]]]}},{"type":"Feature","id":"0561670","properties":{"name":"Russellville","land_sqmi":28.3,"lat":35.2877,"lon":-93.1344},"geometry":{"type":"MultiPolygon","coordinates":[[[[-93.2055,35.2915],[-93.2045,35.29],[-93.2045,35.2924],[-93.2059,35.2924],[-93.2048,35.2943],[-93.2033,35.294],[-93.199,35.2976],[-93.1909,35.3026],[-93.1853,35.3051],[-93.1836,35.3068],[-93.179,35.3077],[-93.1782,35.3085],[-93.1762,35.3074],[-93.1717,35.3064],[-93.1699,35.3052],[-93.1678,35.3052],[-93.165,35.3063],[-93.1582,35.3045],[-93.1532,35.3044],[-93.1504,35.3048],[-93.1465,35.3065],[-93.1465,35.3077],[-93.1495,35.3088],[-93.148,35.3097],[-93.1452,35.31],[-93.1441,35.3093],[-93.1407,35.3092],[-93.141,35.3104],[-93.1403,35.3137],[-93.1373,35.3148],[-93.1415,35.3152],[-93.1423,35.3157],[-93.1427,35.3179],[-93.141,35.3178],[-93.1407,35.319],[-93.1444,35.3203],[-93.1383,35.3201],[-93.1424,35.3214],[-93.1426,35.3229],[-93.1398,35.3245],[-93.1379,35.327],[-93.1375,35.329],[-93.1393,35.3303],[-93.1368,35.3305],[-93.1349,35.3325],[-93.1342,35.335],[-93.1329,35.3363],[-93.1346,35.3363],[-93.1366,35.3334],[-93.1395,35.3303],[-93.1427,35.3298],[-93.1429,35.3285],[-93.1456,35.3283],[-93.147,35.3334],[-93.1501,35.3335],[-93.15,35.3371],[-93.1511,35.3397],[-93.1507,35.3416],[-93.1483,35.3407],[-93.1474,35.3407],[-93.1453,35.3378],[-93.143,35.3378],[-93.141,35.339],[-93.141,35.3376],[-93.1366,35.3376],[-93.1365,35.3438],[-93.1359,35.3442],[-93.132,35.3441],[-93.132,35.3447],[-93.1316,35.3475],[-93.1292,35.3513],[-93.1274,35.3513],[-93.123,35.3512],[-93.1232,35.3439],[-93.1276,35.344],[-93.1278,35.3369],[-93.1278,35.3361],[-93.1297,35.3365],[-93.1315,35.3365],[-93.1322,35.3353],[-93.1324,35.3284],[-93.131,35.3284],[-93.131,35.3295],[-93.1279,35.3295],[-93.1281,35.3239],[-93.1294,35.3239],[-93.1295,35.3222],[-93.1326,35.3223],[-93.1327,35.3176],[-93.1353,35.3177],[-93.1353,35.315],[-93.1327,35.315],[-93.1328,35.3128],[-93.1292,35.3124],[-93.1295,35.3148],[-93.1266,35.3148],[-93.1265,35.3112],[-93.1198,35.3101],[-93.1195,35.3097],[-93.1191,35.3075],[-93.1284,35.3076],[-93.1285,35.304],[-93.1241,35.3039],[-93.1242,35.3003],[-93.1198,35.3002],[-93.1198,35.3003],[-93.1154,35.3001],[-93.1065,35.3],[-93.1055,35.3],[-93.1056,35.2963],[-93.101,35.2962],[-93.1011,35.2925],[-93.0934,35.2923],[-93.0936,35.2852],[-93.0847,35.285],[-93.0847,35.2842],[-93.0849,35.2784],[-93.0766,35.2743],[-93.0736,35.2726],[-93.0709,35.2702],[-93.0691,35.268],[-93.0676,35.266],[-93.0677,35.2643],[-93.0618,35.2598],[-93.0619,35.257],[-93.0619,35.2556],[-93.068,35.2557],[-93.0679,35.2581],[-93.0767,35.2596],[-93.0768,35.2557],[-93.0856,35.2559],[-93.0858,35.2534],[-93.0859,35.2486],[-93.1036,35.249],[-93.1068,35.2491],[-93.1067,35.2489],[-93.1081,35.2489],[-93.1119,35.2492],[-93.1125,35.2492],[-93.1126,35.2455],[-93.1193,35.2457],[-93.1192,35.2475],[-93.117,35.2475],[-93.117,35.2493],[-93.1214,35.2495],[-93.1214,35.2495],[-93.1219,35.2347],[-93.1223,35.2241],[-93.13,35.2248],[-93.1319,35.2256],[-93.1355,35.2278],[-93.1398,35.2277],[-93.1419,35.2283],[-93.1431,35.2294],[-93.144,35.2287],[-93.146,35.2276],[-93.1491,35.2263],[-93.1556,35.237],[-93.161,35.244],[-93.1645,35.2475],[-93.1689,35.2507],[-93.168,35.2514],[-93.1737,35.2555],[-93.1769,35.2586],[-93.1774,35.2596],[-93.1815,35.2635],[-93.1837,35.2652],[-93.188,35.2678],[-93.1893,35.2694],[-93.1942,35.2728],[-93.1935,35.2742],[-93.1948,35.273],[-93.2,35.2761],[-93.2001,35.279],[-93.203,35.2813],[-93.2011,35.2818],[-93.2031,35.2828],[-93.2046,35.2844],[-93.2049,35.2867],[-93.207,35.2882],[-93.2055,35.2915]],[[-93.0711,35.2629],[-93.0708,35.262],[-93.0678,35.2611],[-93.0677,35.2629],[-93.0711,35.263],[-93.0711,35.2629]]]]}},{"type":"Feature","id":"0567550","properties":{"name":"Success","land_sqmi":0.22,"lat":36.4558,"lon":-90.7228},"geometry":{"type":"MultiPolygon","coordinates":[[[[-90.7274,36.4553],[-90.7258,36.4568],[-90.7233,36.4568],[-90.7233,36.4604],[-90.7215,36.4604],[-90.7215,36.4571],[-90.7182,36.4571],[-90.7183,36.4511],[-90.7275,36.4512],[-90.7274,36.4553]]]]}},{"type":"Feature","id":"0557230","properties":{"name":"Prattsville","land_sqmi":1.62,"lat":34.3172,"lon":-92.5389},"geometry":{"type":"MultiPolygon","coordinates":[[[[-92.5608,34.3139],[-92.5608,34.314],[-92.5605,34.3246],[-92.5559,34.3245],[-92.5474,34.3243],[-92.5474,34.3225],[-92.5387,34.3224],[-92.5388,34.3205],[-92.5212,34.3202],[-92.5213,34.3173],[-92.5169,34.3174],[-92.5171,34.3128],[-92.5477,34.3134],[-92.5478,34.3099],[-92.5565,34.31],[-92.5565,34.3118],[-92.5589,34.3119],[-92.5596,34.3102],[-92.5609,34.3102],[-92.5608,34.3139]]]]}},{"type":"Feature","id":"0529920","properties":{"name":"Hardy","land_sqmi":5.18,"lat":36.318,"lon":-91.4763},"geometry":{"type":"MultiPolygon","coordinates":[[[[-91.4895,36.2966],[-91.4806,36.2967],[-91.4808,36.292],[-91.4895,36.2921],[-91.4895,36.2966]]],[[[-91.51,36.2998],[-91.5055,36.2997],[-91.5051,36.3116],[-91.5046,36.3125],[-91.5047,36.3137],[-91.5057,36.3167],[-91.5068,36.3182],[-91.5052,36.3204],[-91.5006,36.3203],[-91.4958,36.3189],[-91.4952,36.3211],[-91.4955,36.3249],[-91.4948,36.3365],[-91.4914,36.3365],[-91.491,36.3365],[-91.4907,36.3439],[-91.4863,36.3438],[-91.4867,36.3364],[-91.4774,36.3361],[-91.4771,36.3427],[-91.474,36.3424],[-91.4707,36.3401],[-91.4662,36.3399],[-91.465,36.3408],[-91.4632,36.3409],[-91.4603,36.3398],[-91.4591,36.3387],[-91.4602,36.3363],[-91.4598,36.3357],[-91.4591,36.3344],[-91.4594,36.3328],[-91.4639,36.3267],[-91.4642,36.3171],[-91.4596,36.317],[-91.4597,36.3133],[-91.455,36.3132],[-91.4551,36.3074],[-91.453,36.3063],[-91.4465,36.3061],[-91.4467,36.3045],[-91.4447,36.3035],[-91.444,36.3032],[-91.4425,36.3023],[-91.4426,36.3009],[-91.443,36.2959],[-91.4496,36.3002],[-91.4487,36.301],[-91.4504,36.3024],[-91.4519,36.3028],[-91.454,36.3057],[-91.4556,36.3071],[-91.4599,36.3095],[-91.4623,36.31],[-91.4638,36.3094],[-91.4691,36.3104],[-91.4692,36.3061],[-91.4723,36.3062],[-91.4746,36.3045],[-91.4756,36.3019],[-91.4784,36.3],[-91.48,36.3022],[-91.4803,36.3041],[-91.4832,36.3064],[-91.4849,36.3057],[-91.4881,36.3057],[-91.4879,36.3066],[-91.4916,36.3066],[-91.4915,36.3102],[-91.4961,36.3103],[-91.496,36.3139],[-91.5005,36.3141],[-91.5011,36.2923],[-91.5053,36.2925],[-91.5049,36.294],[-91.5051,36.2978],[-91.5101,36.2978],[-91.51,36.2998]]]]}},{"type":"Feature","id":"0546670","properties":{"name":"Montrose","land_sqmi":0.38,"lat":33.2992,"lon":-91.4982},"geometry":{"type":"MultiPolygon","coordinates":[[[[-91.5071,33.3],[-91.5046,33.2999],[-91.5045,33.3019],[-91.4935,33.3016],[-91.4934,33.3042],[-91.4918,33.3042],[-91.4918,33.3016],[-91.4893,33.3015],[-91.4894,33.2943],[-91.4936,33.2942],[-91.4936,33.2963],[-91.5023,33.2965],[-91.5024,33.2981],[-91.5072,33.2982],[-91.5071,33.3]]]]}},{"type":"Feature","id":"0528660","properties":{"name":"Greenland","land_sqmi":4.01,"lat":35.9931,"lon":-94.1918},"geometry":{"type":"MultiPolygon","coordinates":[[[[-94.2153,35.9807],[-94.2109,35.9811],[-94.2108,35.9842],[-94.2048,35.984],[-94.2047,35.9912],[-94.2044,35.9948],[-94.2038,36.013],[-94.1997,36.0129],[-94.1996,36.0165],[-94.1952,36.0164],[-94.1953,36.0128],[-94.1939,36.0127],[-94.1841,36.0125],[-94.1774,36.0124],[-94.1773,36.016],[-94.1732,36.0158],[-94.174,36.0013],[-94.1709,36.0013],[-94.17,35.9976],[-94.1711,35.9976],[-94.1712,35.994],[-94.1713,35.9922],[-94.1721,35.9922],[-94.1735,35.9922],[-94.1737,35.9869],[-94.1692,35.9874],[-94.1683,35.9867],[-94.171,35.9843],[-94.173,35.9829],[-94.1731,35.983],[-94.1739,35.9812],[-94.1724,35.9804],[-94.1724,35.9786],[-94.174,35.9786],[-94.1739,35.9805],[-94.1754,35.9812],[-94.1775,35.984],[-94.1783,35.9833],[-94.1871,35.9835],[-94.1873,35.9799],[-94.1882,35.98],[-94.1887,35.983],[-94.1898,35.9847],[-94.1959,35.9849],[-94.196,35.9837],[-94.1974,35.9837],[-94.1975,35.9854],[-94.1956,35.9932],[-94.1954,35.9945],[-94.2001,35.9947],[-94.2001,35.9898],[-94.1977,35.9897],[-94.1991,35.9845],[-94.2004,35.9845],[-94.2002,35.9874],[-94.2013,35.9875],[-94.2014,35.9823],[-94.2005,35.9814],[-94.2018,35.9804],[-94.205,35.9793],[-94.2053,35.9733],[-94.2067,35.9726],[-94.2079,35.9727],[-94.2097,35.9727],[-94.2113,35.9719],[-94.2113,35.9697],[-94.2137,35.9697],[-94.2135,35.974],[-94.2141,35.9751],[-94.2137,35.9796],[-94.2153,35.9796],[-94.2153,35.9807]]]]}},{"type":"Feature","id":"0522180","properties":{"name":"Eudora","land_sqmi":3.09,"lat":33.1156,"lon":-91.2656},"geometry":{"type":"MultiPolygon","coordinates":[[[[-91.2793,33.1094],[-91.2792,33.1191],[-91.2748,33.1192],[-91.2748,33.1138],[-91.2678,33.1138],[-91.2659,33.1154],[-91.266,33.1267],[-91.2704,33.1267],[-91.2703,33.1339],[-91.279,33.1338],[-91.279,33.141],[-91.2702,33.1412],[-91.2702,33.1376],[-91.2683,33.1378],[-91.2662,33.1302],[-91.2617,33.1302],[-91.2616,33.1338],[-91.2642,33.1339],[-91.2643,33.137],[-91.2649,33.1382],[-91.2617,33.1382],[-91.2616,33.1411],[-91.2529,33.141],[-91.2528,33.1342],[-91.2545,33.1331],[-91.2542,33.1302],[-91.2528,33.1229],[-91.253,33.1128],[-91.252,33.1094],[-91.2531,33.1061],[-91.2532,33.1012],[-91.2619,33.1011],[-91.2619,33.0973],[-91.2668,33.0973],[-91.2704,33.0901],[-91.2714,33.09],[-91.2677,33.0974],[-91.2711,33.0973],[-91.2696,33.1007],[-91.265,33.1007],[-91.2648,33.1012],[-91.2673,33.1013],[-91.2679,33.1035],[-91.2706,33.1035],[-91.2706,33.1047],[-91.2793,33.1046],[-91.2793,33.1094]]]]}},{"type":"Feature","id":"0527700","properties":{"name":"Gosnell","land_sqmi":1.61,"lat":35.965,"lon":-89.9686},"geometry":{"type":"MultiPolygon","coordinates":[[[[-89.9874,35.9599],[-89.9831,35.9602],[-89.9831,35.9635],[-89.9807,35.9635],[-89.9807,35.9605],[-89.9788,35.9605],[-89.9771,35.9605],[-89.9771,35.9616],[-89.9767,35.9616],[-89.9767,35.9605],[-89.9763,35.9604],[-89.9763,35.9634],[-89.9749,35.9634],[-89.9749,35.9639],[-89.9743,35.964],[-89.9724,35.9608],[-89.9696,35.9608],[-89.9697,35.9652],[-89.9674,35.9652],[-89.9674,35.9667],[-89.976,35.9667],[-89.9761,35.967],[-89.9768,35.9681],[-89.9748,35.9676],[-89.9675,35.9675],[-89.9675,35.9714],[-89.9786,35.9716],[-89.9806,35.9743],[-89.985,35.9815],[-89.9829,35.9815],[-89.983,35.9852],[-89.9742,35.9852],[-89.9741,35.9743],[-89.9697,35.9743],[-89.9697,35.9779],[-89.9675,35.9779],[-89.9675,35.9797],[-89.9653,35.9797],[-89.9653,35.9765],[-89.9608,35.9765],[-89.9608,35.9743],[-89.9653,35.9744],[-89.9652,35.967],[-89.9651,35.9597],[-89.9651,35.9509],[-89.9497,35.9449],[-89.9512,35.9449],[-89.9517,35.9449],[-89.965,35.9451],[-89.965,35.9447],[-89.9695,35.9451],[-89.9695,35.9487],[-89.9659,35.9488],[-89.9659,35.9512],[-89.9671,35.9524],[-89.9695,35.9524],[-89.9695,35.9516],[-89.974,35.9515],[-89.9741,35.9522],[-89.974,35.9546],[-89.9747,35.9573],[-89.983,35.9572],[-89.983,35.9555],[-89.9873,35.9555],[-89.9874,35.9599]]]]}},{"type":"Feature","id":"0539010","properties":{"name":"Leachville","land_sqmi":4.4,"lat":35.9115,"lon":-90.255},"geometry":{"type":"MultiPolygon","coordinates":[[[[-90.2874,35.8925],[-90.2823,35.8924],[-90.2825,35.9033],[-90.2713,35.9034],[-90.2712,35.8923],[-90.2591,35.8921],[-90.2594,35.9152],[-90.267,35.9152],[-90.267,35.9174],[-90.2594,35.9174],[-90.2596,35.9236],[-90.2601,35.9245],[-90.2624,35.9245],[-90.2602,35.9308],[-90.2625,35.9308],[-90.2625,35.9345],[-90.2669,35.9344],[-90.2669,35.938],[-90.2626,35.938],[-90.2626,35.9417],[-90.2583,35.9418],[-90.2578,35.9453],[-90.2566,35.9454],[-90.2558,35.949],[-90.2514,35.949],[-90.2559,35.9454],[-90.2536,35.9454],[-90.2536,35.9382],[-90.2449,35.9382],[-90.2449,35.9348],[-90.2415,35.9348],[-90.2416,35.9327],[-90.2403,35.9327],[-90.2403,35.9309],[-90.227,35.9309],[-90.227,35.9346],[-90.2225,35.9346],[-90.2225,35.931],[-90.2267,35.9309],[-90.2267,35.9274],[-90.2314,35.9273],[-90.2314,35.9299],[-90.2402,35.9299],[-90.2402,35.9284],[-90.2441,35.9309],[-90.2447,35.9311],[-90.2487,35.9338],[-90.2491,35.931],[-90.2535,35.9309],[-90.2532,35.892],[-90.2487,35.892],[-90.2487,35.8883],[-90.2487,35.8847],[-90.2531,35.8847],[-90.253,35.874],[-90.262,35.874],[-90.2621,35.8848],[-90.271,35.8849],[-90.2709,35.8741],[-90.282,35.8743],[-90.2822,35.8852],[-90.2872,35.8853],[-90.2873,35.889],[-90.2874,35.8925]]]]}},{"type":"Feature","id":"0512190","properties":{"name":"Caulksville","land_sqmi":1.35,"lat":35.301,"lon":-93.8739},"geometry":{"type":"MultiPolygon","coordinates":[[[[-93.8923,35.2883],[-93.8817,35.2922],[-93.8797,35.2932],[-93.8785,35.294],[-93.8695,35.2999],[-93.8783,35.3003],[-93.8783,35.3056],[-93.8745,35.3037],[-93.8745,35.305],[-93.8696,35.3043],[-93.8693,35.3109],[-93.8637,35.3106],[-93.8635,35.3157],[-93.8555,35.3153],[-93.8561,35.2975],[-93.8654,35.2979],[-93.8772,35.2903],[-93.8794,35.2891],[-93.8867,35.2864],[-93.8923,35.2866],[-93.8923,35.2883]]]]}},{"type":"Feature","id":"0525780","properties":{"name":"Garland","land_sqmi":0.88,"lat":33.3603,"lon":-93.713},"geometry":{"type":"MultiPolygon","coordinates":[[[[-93.722,33.3717],[-93.7126,33.3669],[-93.7126,33.3686],[-93.7079,33.3654],[-93.7037,33.3603],[-93.7041,33.3582],[-93.7094,33.3537],[-93.7106,33.3489],[-93.7132,33.349],[-93.713,33.3588],[-93.715,33.3599],[-93.7195,33.36],[-93.7196,33.3528],[-93.7163,33.3528],[-93.7164,33.3519],[-93.7224,33.3519],[-93.722,33.3717]]]]}},{"type":"Feature","id":"0548200","properties":{"name":"Mulberry","land_sqmi":7.83,"lat":35.5049,"lon":-94.0781},"geometry":{"type":"MultiPolygon","coordinates":[[[[-94.1229,35.5076],[-94.1228,35.5113],[-94.1225,35.5222],[-94.1135,35.522],[-94.1136,35.5183],[-94.1113,35.5183],[-94.1113,35.5175],[-94.1087,35.5179],[-94.0993,35.5222],[-94.0957,35.5235],[-94.0936,35.5237],[-94.0777,35.5273],[-94.0728,35.5283],[-94.0659,35.5291],[-94.0519,35.5288],[-94.0503,35.5291],[-94.0464,35.5317],[-94.043,35.5298],[-94.0418,35.5305],[-94.0423,35.5168],[-94.0468,35.5169],[-94.0473,35.5025],[-94.0359,35.5023],[-94.0333,35.5014],[-94.0348,35.5002],[-94.0375,35.499],[-94.0399,35.4994],[-94.0449,35.4966],[-94.0488,35.4932],[-94.0489,35.4925],[-94.0474,35.4899],[-94.0455,35.488],[-94.0394,35.4858],[-94.0392,35.484],[-94.0417,35.4812],[-94.0445,35.4813],[-94.049,35.4789],[-94.0518,35.4782],[-94.0524,35.4801],[-94.0536,35.4812],[-94.0557,35.4805],[-94.0586,35.4806],[-94.0594,35.4823],[-94.0568,35.4823],[-94.0561,35.4833],[-94.0572,35.4843],[-94.0613,35.4834],[-94.0626,35.4848],[-94.0659,35.487],[-94.0688,35.4865],[-94.0713,35.4875],[-94.0747,35.4874],[-94.0744,35.494],[-94.0676,35.4935],[-94.0676,35.4915],[-94.0656,35.4915],[-94.0656,35.4905],[-94.0623,35.4905],[-94.0623,35.4925],[-94.0615,35.4921],[-94.0596,35.494],[-94.058,35.4941],[-94.0578,35.4952],[-94.0601,35.4958],[-94.0609,35.4968],[-94.0605,35.5063],[-94.0784,35.5067],[-94.0962,35.5071],[-94.0963,35.5035],[-94.0974,35.5035],[-94.0972,35.5089],[-94.0983,35.509],[-94.0984,35.5071],[-94.1051,35.5073],[-94.1053,35.5],[-94.1098,35.5001],[-94.11,35.4967],[-94.1165,35.4955],[-94.1189,35.4951],[-94.1188,35.4973],[-94.1187,35.5003],[-94.1143,35.5002],[-94.114,35.5075],[-94.1228,35.5076],[-94.1229,35.5076],[-94.1229,35.5076]],[[-94.0506,35.4897],[-94.0496,35.4892],[-94.0479,35.4902],[-94.0498,35.4918],[-94.0507,35.4907],[-94.0506,35.4897]]]]}},{"type":"Feature","id":"0564730","properties":{"name":"Smackover","land_sqmi":4.35,"lat":33.3637,"lon":-92.7329},"geometry":{"type":"MultiPolygon","coordinates":[[[[-92.7522,33.3713],[-92.7404,33.3709],[-92.7402,33.3781],[-92.7359,33.378],[-92.7357,33.3838],[-92.732,33.3847],[-92.7313,33.3835],[-92.7301,33.384],[-92.729,33.383],[-92.7273,33.3844],[-92.7262,33.3843],[-92.7257,33.3824],[-92.7219,33.3826],[-92.7201,33.3822],[-92.7205,33.3803],[-92.7162,33.3787],[-92.7168,33.377],[-92.7159,33.3737],[-92.7149,33.3723],[-92.7149,33.3705],[-92.7135,33.3702],[-92.7136,33.3547],[-92.7137,33.3536],[-92.7222,33.3536],[-92.7222,33.35],[-92.7265,33.35],[-92.7264,33.3427],[-92.7394,33.3428],[-92.7394,33.3465],[-92.7438,33.3465],[-92.7438,33.3538],[-92.7482,33.3538],[-92.7481,33.359],[-92.7481,33.3611],[-92.7524,33.3612],[-92.7522,33.3713]]]]}},{"type":"Feature","id":"0546970","properties":{"name":"Morrilton","land_sqmi":8.83,"lat":35.1546,"lon":-92.7427},"geometry":{"type":"MultiPolygon","coordinates":[[[[-92.7842,35.1678],[-92.7801,35.1679],[-92.7791,35.1684],[-92.7761,35.1684],[-92.776,35.1677],[-92.7666,35.1674],[-92.7665,35.17],[-92.7651,35.17],[-92.7652,35.1673],[-92.7535,35.1667],[-92.7533,35.172],[-92.7569,35.1722],[-92.7577,35.1732],[-92.7576,35.1786],[-92.7531,35.1778],[-92.7441,35.1777],[-92.7427,35.1807],[-92.7427,35.1809],[-92.7412,35.1816],[-92.7412,35.1776],[-92.731,35.1774],[-92.7309,35.1811],[-92.7254,35.181],[-92.7253,35.1829],[-92.7175,35.1828],[-92.7175,35.1814],[-92.7203,35.1818],[-92.7203,35.1809],[-92.722,35.1809],[-92.7221,35.1773],[-92.7177,35.1772],[-92.7179,35.1736],[-92.7134,35.1735],[-92.7133,35.1772],[-92.709,35.1772],[-92.7092,35.1641],[-92.71,35.1628],[-92.7096,35.1642],[-92.7101,35.1657],[-92.7118,35.167],[-92.7162,35.1689],[-92.7174,35.1699],[-92.718,35.17],[-92.7183,35.157],[-92.7184,35.1522],[-92.7095,35.1528],[-92.7097,35.148],[-92.7141,35.1481],[-92.7142,35.1463],[-92.7175,35.1468],[-92.7163,35.1481],[-92.7185,35.1481],[-92.7186,35.1444],[-92.7098,35.1444],[-92.71,35.1371],[-92.7012,35.137],[-92.7013,35.1352],[-92.7189,35.1354],[-92.7192,35.1263],[-92.7317,35.1266],[-92.733,35.1293],[-92.7316,35.1297],[-92.7342,35.1333],[-92.744,35.1405],[-92.7467,35.1415],[-92.7489,35.1418],[-92.7552,35.1421],[-92.7584,35.1426],[-92.7584,35.1418],[-92.7716,35.1421],[-92.7712,35.1601],[-92.7712,35.1652],[-92.7735,35.1653],[-92.7735,35.1666],[-92.7754,35.1666],[-92.7766,35.1653],[-92.7789,35.1653],[-92.779,35.1645],[-92.7825,35.1663],[-92.7842,35.1678]]]]}},{"type":"Feature","id":"0544240","properties":{"name":"Marmaduke","land_sqmi":1.4,"lat":36.1905,"lon":-90.3851},"geometry":{"type":"MultiPolygon","coordinates":[[[[-90.4009,36.1953],[-90.3964,36.1952],[-90.3964,36.1979],[-90.3918,36.1977],[-90.3848,36.1976],[-90.3846,36.2004],[-90.3829,36.2014],[-90.3762,36.2012],[-90.3762,36.1977],[-90.3813,36.1977],[-90.3813,36.1941],[-90.3829,36.1941],[-90.383,36.1913],[-90.3793,36.191],[-90.3794,36.1904],[-90.3763,36.1905],[-90.3737,36.1935],[-90.3692,36.1897],[-90.3691,36.1863],[-90.3725,36.1863],[-90.3738,36.1866],[-90.3739,36.1832],[-90.3785,36.1832],[-90.3785,36.1795],[-90.3899,36.1797],[-90.3897,36.187],[-90.3921,36.187],[-90.3932,36.1862],[-90.3931,36.187],[-90.3965,36.1871],[-90.3965,36.1907],[-90.401,36.1907],[-90.4009,36.1953]]]]}},{"type":"Feature","id":"0506040","properties":{"name":"Biggers","land_sqmi":1.0,"lat":36.332,"lon":-90.8052},"geometry":{"type":"MultiPolygon","coordinates":[[[[-90.8141,36.3394],[-90.8113,36.3393],[-90.8074,36.3391],[-90.807,36.3391],[-90.8065,36.3391],[-90.7959,36.3392],[-90.7963,36.3246],[-90.8145,36.3246],[-90.8141,36.3394]]]]}},{"type":"Feature","id":"0559480","properties":{"name":"Rison","land_sqmi":3.28,"lat":33.9589,"lon":-92.1987},"geometry":{"type":"MultiPolygon","coordinates":[[[[-92.2193,33.9397],[-92.2114,33.9394],[-92.21,33.9415],[-92.2114,33.9415],[-92.2061,33.9506],[-92.2033,33.9582],[-92.2063,33.9591],[-92.2063,33.9603],[-92.2027,33.9602],[-92.2017,33.9705],[-92.2016,33.9758],[-92.2028,33.9759],[-92.2029,33.9832],[-92.1986,33.9832],[-92.1986,33.9869],[-92.1942,33.987],[-92.1942,33.9833],[-92.1898,33.9833],[-92.1898,33.9762],[-92.1881,33.976],[-92.1879,33.9707],[-92.1812,33.9707],[-92.181,33.96],[-92.1832,33.9593],[-92.1828,33.9449],[-92.1806,33.945],[-92.1805,33.9414],[-92.1783,33.9414],[-92.1782,33.9378],[-92.1815,33.9378],[-92.1815,33.9396],[-92.187,33.9398],[-92.1869,33.9382],[-92.1869,33.9377],[-92.1865,33.9308],[-92.1884,33.9317],[-92.1946,33.9334],[-92.1946,33.9343],[-92.1892,33.9344],[-92.1892,33.9382],[-92.189,33.9489],[-92.1977,33.9489],[-92.1978,33.9452],[-92.2064,33.9452],[-92.2065,33.9415],[-92.2097,33.9415],[-92.2112,33.9394],[-92.2119,33.939],[-92.2147,33.9378],[-92.2192,33.9378],[-92.2193,33.9397]]]]}},{"type":"Feature","id":"0531190","properties":{"name":"Helena-West Helena","land_sqmi":13.11,"lat":34.5347,"lon":-90.6254},"geometry":{"type":"MultiPolygon","coordinates":[[[[-90.6751,34.5583],[-90.6725,34.5583],[-90.6725,34.5616],[-90.6738,34.5617],[-90.6738,34.5693],[-90.6716,34.5692],[-90.6706,34.5692],[-90.6686,34.5692],[-90.6686,34.5679],[-90.6716,34.5678],[-90.6717,34.5546],[-90.6664,34.5545],[-90.6664,34.5581],[-90.6651,34.5581],[-90.6651,34.5555],[-90.663,34.5555],[-90.663,34.5545],[-90.6613,34.5544],[-90.6608,34.5618],[-90.6574,34.5617],[-90.6577,34.5565],[-90.6532,34.5565],[-90.6524,34.5579],[-90.6498,34.5578],[-90.6498,34.5623],[-90.6498,34.5654],[-90.6455,34.5654],[-90.646,34.5648],[-90.646,34.5629],[-90.6441,34.5629],[-90.6443,34.564],[-90.6441,34.5641],[-90.645,34.567],[-90.6457,34.569],[-90.6477,34.5717],[-90.6459,34.5727],[-90.647,34.5753],[-90.6467,34.5754],[-90.6455,34.5757],[-90.644,34.5718],[-90.6419,34.5718],[-90.642,34.5708],[-90.6436,34.5708],[-90.6409,34.5618],[-90.6388,34.5617],[-90.6388,34.5602],[-90.6406,34.5603],[-90.6403,34.5587],[-90.6334,34.5586],[-90.6333,34.5586],[-90.6333,34.5566],[-90.6324,34.5566],[-90.6322,34.5561],[-90.6313,34.5543],[-90.6279,34.5543],[-90.6279,34.5507],[-90.6054,34.5507],[-90.6054,34.5471],[-90.6011,34.5472],[-90.6009,34.5436],[-90.5965,34.5435],[-90.5959,34.5468],[-90.5903,34.5462],[-90.5892,34.5468],[-90.5892,34.5461],[-90.5865,34.5458],[-90.5847,34.5385],[-90.5839,34.5375],[-90.5834,34.535],[-90.5834,34.5344],[-90.5839,34.534],[-90.5839,34.5335],[-90.5817,34.5332],[-90.5764,34.5326],[-90.5758,34.5269],[-90.5775,34.5234],[-90.5826,34.518],[-90.5821,34.5217],[-90.5836,34.5236],[-90.5846,34.5208],[-90.5845,34.5161],[-90.587,34.5105],[-90.587,34.5084],[-90.5887,34.5046],[-90.5899,34.5029],[-90.5921,34.4978],[-90.6013,34.4998],[-90.6019,34.5],[-90.6029,34.5007],[-90.607,34.4992],[-90.6109,34.4997],[-90.6109,34.4948],[-90.6143,34.4937],[-90.616,34.4963],[-90.6161,34.5001],[-90.6219,34.5019],[-90.6242,34.5032],[-90.6234,34.5042],[-90.6272,34.5065],[-90.6327,34.5099],[-90.6335,34.511],[-90.6331,34.5114],[-90.632,34.5125],[-90.6359,34.5174],[-90.6373,34.5198],[-90.6374,34.5211],[-90.6386,34.5216],[-90.6433,34.5188],[-90.6465,34.5231],[-90.6505,34.5207],[-90.6528,34.5222],[-90.6486,34.5247],[-90.6529,34.5296],[-90.6525,34.5304],[-90.6535,34.532],[-90.6562,34.5352],[-90.6577,34.5341],[-90.6599,34.5369],[-90.6592,34.5378],[-90.6587,34.5381],[-90.6598,34.5392],[-90.6627,34.5399],[-90.6627,34.5417],[-90.6625,34.5417],[-90.6625,34.5427],[-90.6625,34.5508],[-90.6682,34.5508],[-90.6682,34.5537],[-90.6693,34.5537],[-90.6693,34.5509],[-90.6738,34.551],[-90.6738,34.5545],[-90.6751,34.5552],[-90.6751,34.5583]],[[-90.6512,34.5296],[-90.6487,34.5269],[-90.6478,34.5259],[-90.6435,34.5271],[-90.6435,34.5317],[-90.6491,34.5314],[-90.6488,34.5299],[-90.6512,34.5296]],[[-90.6454,34.5593],[-90.643,34.5593],[-90.6435,34.5617],[-90.6452,34.5617],[-90.6454,34.5608],[-90.6454,34.5593]],[[-90.6434,34.5544],[-90.6413,34.5545],[-90.6413,34.5552],[-90.6414,34.5568],[-90.6434,34.5567],[-90.6434,34.5544]],[[-90.6398,34.5269],[-90.637,34.5281],[-90.6329,34.5289],[-90.6276,34.5293],[-90.6277,34.5326],[-90.6319,34.5324],[-90.6332,34.5343],[-90.6307,34.536],[-90.6292,34.538],[-90.6293,34.5389],[-90.6297,34.5397],[-90.6309,34.54],[-90.6334,34.54],[-90.6334,34.538],[-90.6348,34.5378],[-90.635,34.535],[-90.6346,34.534],[-90.635,34.5298],[-90.6365,34.5299],[-90.6365,34.5323],[-90.6366,34.5326],[-90.639,34.5347],[-90.6384,34.5351],[-90.6434,34.5335],[-90.6398,34.5269]],[[-90.6296,34.5131],[-90.627,34.5157],[-90.6265,34.5135],[-90.6239,34.514],[-90.6224,34.5155],[-90.6188,34.5172],[-90.6188,34.518],[-90.627,34.5179],[-90.6278,34.5179],[-90.6332,34.5176],[-90.6296,34.5131]],[[-90.6279,34.5473],[-90.6243,34.5477],[-90.6241,34.5485],[-90.628,34.5485],[-90.6279,34.5473]]]]}},{"type":"Feature","id":"0543460","properties":{"name":"Magnolia","land_sqmi":13.23,"lat":33.2769,"lon":-93.2285},"geometry":{"type":"MultiPolygon","coordinates":[[[[-93.2677,33.267],[-93.2632,33.2665],[-93.2632,33.2689],[-93.2588,33.2688],[-93.2579,33.2959],[-93.2579,33.2963],[-93.2579,33.2968],[-93.2451,33.2971],[-93.2449,33.3117],[-93.2492,33.3118],[-93.249,33.3154],[-93.2405,33.3151],[-93.2406,33.3116],[-93.2407,33.3079],[-93.2363,33.3078],[-93.2364,33.3005],[-93.2408,33.3006],[-93.2408,33.2971],[-93.2361,33.2974],[-93.2353,33.3004],[-93.2335,33.304],[-93.2316,33.3114],[-93.2312,33.313],[-93.2299,33.3153],[-93.227,33.3155],[-93.2265,33.3114],[-93.2266,33.3094],[-93.223,33.3092],[-93.223,33.3075],[-93.2311,33.3077],[-93.2312,33.3041],[-93.2321,33.2976],[-93.2322,33.2968],[-93.2192,33.2964],[-93.2192,33.2972],[-93.2191,33.3001],[-93.2148,33.3],[-93.2147,33.3018],[-93.2168,33.3019],[-93.2168,33.303],[-93.2189,33.3031],[-93.2188,33.3074],[-93.2145,33.3072],[-93.2147,33.303],[-93.2115,33.3029],[-93.2127,33.2963],[-93.2071,33.2963],[-93.2063,33.2967],[-93.2061,33.3034],[-93.2018,33.3033],[-93.2017,33.3069],[-93.1974,33.3068],[-93.1975,33.3032],[-93.1963,33.3032],[-93.1959,33.3036],[-93.1933,33.3031],[-93.1936,33.2959],[-93.1935,33.2922],[-93.1892,33.2921],[-93.1895,33.284],[-93.1896,33.284],[-93.1899,33.2752],[-93.1904,33.2719],[-93.1901,33.2667],[-93.1905,33.2561],[-93.2073,33.2612],[-93.2144,33.2639],[-93.216,33.2595],[-93.2216,33.2528],[-93.2272,33.2461],[-93.2294,33.2462],[-93.2298,33.2455],[-93.2306,33.2434],[-93.2317,33.244],[-93.2323,33.2462],[-93.238,33.2464],[-93.2382,33.2428],[-93.2425,33.2429],[-93.2426,33.2384],[-93.2469,33.2385],[-93.2483,33.2394],[-93.2468,33.2405],[-93.2478,33.2411],[-93.2468,33.243],[-93.2464,33.2525],[-93.2463,33.2539],[-93.2565,33.2542],[-93.2548,33.2568],[-93.2594,33.2568],[-93.2594,33.2585],[-93.2548,33.2584],[-93.2549,33.2637],[-93.2588,33.2673],[-93.2588,33.2652],[-93.2648,33.2656],[-93.2648,33.2638],[-93.2677,33.2637],[-93.2677,33.267]]]]}},{"type":"Feature","id":"0544180","properties":{"name":"Marion","land_sqmi":20.27,"lat":35.2122,"lon":-90.2062},"geometry":{"type":"MultiPolygon","coordinates":[[[[-90.2275,35.2487],[-90.2142,35.2486],[-90.2142,35.2542],[-90.2142,35.2552],[-90.2173,35.263],[-90.219,35.2672],[-90.2182,35.2685],[-90.2202,35.2701],[-90.2103,35.2701],[-90.2104,35.263],[-90.2055,35.2629],[-90.2053,35.2556],[-90.2051,35.2484],[-90.2012,35.2483],[-90.1802,35.2481],[-90.1796,35.2446],[-90.178,35.2446],[-90.1781,35.2427],[-90.1749,35.2427],[-90.1749,35.2481],[-90.1704,35.248],[-90.1706,35.2409],[-90.175,35.241],[-90.175,35.2365],[-90.1779,35.2365],[-90.178,35.2338],[-90.1662,35.2337],[-90.1663,35.2263],[-90.1839,35.2264],[-90.184,35.2192],[-90.18,35.2192],[-90.1664,35.219],[-90.1664,35.2117],[-90.166,35.2117],[-90.1399,35.2113],[-90.1398,35.2182],[-90.1341,35.2183],[-90.1339,35.2333],[-90.1262,35.2332],[-90.1263,35.2184],[-90.1308,35.2184],[-90.1313,35.1962],[-90.1344,35.1971],[-90.1363,35.1958],[-90.1401,35.1953],[-90.1399,35.2042],[-90.1531,35.2044],[-90.1533,35.1971],[-90.1488,35.1971],[-90.1489,35.1901],[-90.1469,35.1898],[-90.1332,35.1907],[-90.1333,35.1755],[-90.1391,35.1755],[-90.1449,35.1788],[-90.1517,35.1827],[-90.1597,35.1828],[-90.1597,35.1872],[-90.1596,35.1919],[-90.1578,35.1913],[-90.1577,35.1965],[-90.1662,35.2018],[-90.1666,35.1974],[-90.1693,35.1974],[-90.1734,35.201],[-90.1716,35.2034],[-90.1704,35.2041],[-90.1717,35.2046],[-90.1771,35.2047],[-90.1827,35.2077],[-90.1868,35.2028],[-90.1884,35.2037],[-90.1915,35.2024],[-90.1897,35.2014],[-90.1883,35.2022],[-90.1891,35.2011],[-90.1862,35.1994],[-90.183,35.2006],[-90.178,35.1977],[-90.1791,35.1955],[-90.184,35.1955],[-90.1843,35.1917],[-90.1755,35.1918],[-90.1757,35.1792],[-90.1845,35.1793],[-90.1845,35.1829],[-90.188,35.1829],[-90.1933,35.1829],[-90.1932,35.1903],[-90.1992,35.1903],[-90.1986,35.1878],[-90.2021,35.1878],[-90.2022,35.1843],[-90.2197,35.191],[-90.2196,35.202],[-90.2194,35.2082],[-90.2193,35.2137],[-90.2188,35.234],[-90.2277,35.2341],[-90.2275,35.2487]],[[-90.2115,35.2265],[-90.2114,35.2311],[-90.2072,35.2305],[-90.206,35.2297],[-90.2047,35.2265],[-90.2115,35.2264],[-90.211,35.225],[-90.2094,35.2204],[-90.2092,35.22],[-90.2006,35.2199],[-90.1998,35.2201],[-90.2017,35.2241],[-90.2044,35.2308],[-90.2086,35.2412],[-90.2099,35.2413],[-90.2099,35.2398],[-90.2162,35.2399],[-90.2115,35.2265]],[[-90.1839,35.2264],[-90.1838,35.2334],[-90.1838,35.2338],[-90.1809,35.2338],[-90.1809,35.2364],[-90.1838,35.2365],[-90.1838,35.2388],[-90.1925,35.2389],[-90.1925,35.2411],[-90.2006,35.2411],[-90.2012,35.2418],[-90.2013,35.234],[-90.2036,35.234],[-90.1999,35.2228],[-90.1928,35.2228],[-90.1927,35.2265],[-90.1839,35.2264]]],[[[-90.2863,35.1837],[-90.2818,35.1836],[-90.2815,35.2043],[-90.2666,35.1982],[-90.263,35.1972],[-90.249,35.1952],[-90.246,35.1906],[-90.24,35.1933],[-90.2394,35.1936],[-90.2396,35.1939],[-90.2372,35.1937],[-90.2197,35.191],[-90.2199,35.1759],[-90.2242,35.1758],[-90.2369,35.1759],[-90.2373,35.1759],[-90.2371,35.1871],[-90.2371,35.1905],[-90.2389,35.1905],[-90.2518,35.1906],[-90.2518,35.1895],[-90.2553,35.1896],[-90.2554,35.1833],[-90.2463,35.1833],[-90.2464,35.176],[-90.2418,35.1759],[-90.2418,35.1742],[-90.2373,35.1742],[-90.2373,35.1687],[-90.2463,35.1687],[-90.2463,35.1614],[-90.2553,35.1615],[-90.2553,35.1542],[-90.2642,35.1543],[-90.2641,35.1616],[-90.2709,35.1618],[-90.273,35.1618],[-90.2728,35.1727],[-90.2772,35.1727],[-90.2772,35.1763],[-90.2863,35.1764],[-90.2863,35.1837]]]]}},{"type":"Feature","id":"0502860","properties":{"name":"Austin","land_sqmi":3.1,"lat":35.001,"lon":-91.9952},"geometry":{"type":"MultiPolygon","coordinates":[[[[-92.018,35.0255],[-92.0081,35.0253],[-92.0081,35.0198],[-92.0003,35.0197],[-92.0003,35.023],[-91.9991,35.0226],[-91.9903,35.0228],[-91.9903,35.0201],[-91.9815,35.02],[-91.9817,35.0103],[-91.9798,35.0111],[-91.9751,35.0142],[-91.9726,35.0169],[-91.9727,35.0105],[-91.9723,35.0105],[-91.9724,35.0081],[-91.9746,35.0061],[-91.9781,35.003],[-91.9785,35.0026],[-91.9776,35.0019],[-91.9741,34.9991],[-91.9733,34.9964],[-91.9741,34.9964],[-91.9742,34.989],[-91.9767,34.989],[-91.9746,34.9864],[-91.974,34.9862],[-91.9755,34.9862],[-91.9755,34.9854],[-91.9782,34.9855],[-91.9783,34.984],[-91.9814,34.9837],[-91.9888,34.9837],[-91.9889,34.9819],[-91.9876,34.9806],[-91.9878,34.9764],[-91.9904,34.9764],[-91.9903,34.9807],[-91.989,34.9807],[-91.989,34.9819],[-91.9904,34.9819],[-91.9932,34.9819],[-91.9936,34.982],[-91.9954,34.982],[-91.9953,34.9856],[-91.9969,34.9856],[-91.9939,34.9878],[-91.9904,34.9866],[-91.9859,34.9855],[-91.9858,34.9891],[-91.9886,34.9892],[-91.9875,34.9904],[-91.9894,34.9921],[-91.9901,34.992],[-91.9903,34.9926],[-91.9932,34.9926],[-91.9931,34.9963],[-91.9903,34.9964],[-91.9903,34.9951],[-91.9848,34.9996],[-91.9851,35.0],[-91.9878,35.0042],[-91.99,35.0052],[-91.9907,35.0048],[-91.9939,35.0039],[-91.9944,35.0107],[-92.0019,35.0107],[-92.0031,35.0106],[-92.0038,35.0106],[-92.0037,35.018],[-92.0081,35.018],[-92.0082,35.0144],[-92.0126,35.0144],[-92.0125,35.0181],[-92.0181,35.0181],[-92.018,35.0255]]]]}},{"type":"Feature","id":"0539670","properties":{"name":"Lexa","land_sqmi":0.41,"lat":34.5979,"lon":-90.7516},"geometry":{"type":"MultiPolygon","coordinates":[[[[-90.759,34.5998],[-90.7566,34.5998],[-90.7566,34.6044],[-90.7503,34.6043],[-90.7503,34.6003],[-90.7448,34.6002],[-90.7443,34.5988],[-90.7455,34.5978],[-90.7456,34.5947],[-90.7491,34.5947],[-90.7484,34.5914],[-90.7504,34.5915],[-90.7503,34.5947],[-90.7538,34.5948],[-90.7539,34.5927],[-90.7578,34.5928],[-90.7577,34.5954],[-90.755,34.5954],[-90.755,34.5979],[-90.759,34.598],[-90.759,34.5998]]]]}},{"type":"Feature","id":"0510360","properties":{"name":"Caddo Valley","land_sqmi":3.1,"lat":34.1919,"lon":-93.0668},"geometry":{"type":"MultiPolygon","coordinates":[[[[-93.096,34.1803],[-93.0854,34.1801],[-93.0852,34.1837],[-93.083,34.1837],[-93.0828,34.1909],[-93.0806,34.1909],[-93.0802,34.1872],[-93.0741,34.1871],[-93.074,34.1908],[-93.0733,34.1908],[-93.077,34.1982],[-93.0782,34.2014],[-93.0791,34.2055],[-93.0828,34.2056],[-93.0828,34.2074],[-93.0795,34.2073],[-93.081,34.2108],[-93.0825,34.2127],[-93.0828,34.2092],[-93.0909,34.2099],[-93.0909,34.213],[-93.0849,34.2129],[-93.0848,34.2144],[-93.0826,34.2152],[-93.0827,34.2137],[-93.0799,34.2103],[-93.079,34.208],[-93.0781,34.2073],[-93.0785,34.2055],[-93.0774,34.2006],[-93.0728,34.1907],[-93.0718,34.1907],[-93.0719,34.1885],[-93.0678,34.188],[-93.0652,34.1896],[-93.065,34.1941],[-93.061,34.194],[-93.0609,34.1976],[-93.0601,34.2012],[-93.0606,34.2087],[-93.0564,34.2085],[-93.0563,34.2049],[-93.0332,34.2045],[-93.0364,34.2035],[-93.0356,34.2002],[-93.0368,34.1984],[-93.0366,34.1956],[-93.0375,34.1936],[-93.0391,34.1937],[-93.039,34.1966],[-93.0374,34.1966],[-93.0374,34.1982],[-93.0362,34.2003],[-93.0366,34.2012],[-93.037,34.2025],[-93.0397,34.2009],[-93.0417,34.2009],[-93.0433,34.1999],[-93.0435,34.1923],[-93.0457,34.1924],[-93.0458,34.191],[-93.0479,34.1911],[-93.048,34.1892],[-93.0524,34.1893],[-93.0524,34.1884],[-93.0546,34.1884],[-93.0546,34.1875],[-93.0568,34.1875],[-93.0568,34.1866],[-93.0595,34.1867],[-93.0595,34.1854],[-93.0617,34.1854],[-93.0619,34.1813],[-93.0657,34.1814],[-93.0658,34.1796],[-93.0691,34.1796],[-93.0692,34.1767],[-93.071,34.1767],[-93.0714,34.1766],[-93.0749,34.1773],[-93.0775,34.1768],[-93.0793,34.1752],[-93.0805,34.1718],[-93.0831,34.1687],[-93.0851,34.1693],[-93.0856,34.1703],[-93.0851,34.1733],[-93.0867,34.1742],[-93.0885,34.1716],[-93.0924,34.1701],[-93.0963,34.1734],[-93.096,34.1803]]],[[[-93.1005,34.184],[-93.0959,34.1839],[-93.096,34.1803],[-93.0963,34.1803],[-93.1001,34.1804],[-93.1004,34.1807],[-93.1005,34.184]]]]}},{"type":"Feature","id":"0553480","properties":{"name":"Paris","land_sqmi":5.51,"lat":35.2888,"lon":-93.7366},"geometry":{"type":"MultiPolygon","coordinates":[[[[-93.7295,35.3094],[-93.7273,35.3093],[-93.7251,35.3087],[-93.7251,35.3079],[-93.7296,35.3079],[-93.7295,35.3094]]],[[[-93.794,35.2966],[-93.7937,35.2972],[-93.7937,35.2974],[-93.7918,35.2974],[-93.7912,35.2992],[-93.7874,35.2991],[-93.7872,35.3034],[-93.7824,35.3032],[-93.7788,35.3024],[-93.7737,35.3003],[-93.7738,35.2974],[-93.772,35.2969],[-93.7607,35.2964],[-93.7607,35.3001],[-93.7565,35.2999],[-93.7565,35.2962],[-93.7573,35.2947],[-93.7475,35.2942],[-93.7473,35.2962],[-93.7401,35.2958],[-93.7361,35.2959],[-93.736,35.3047],[-93.7345,35.3047],[-93.7337,35.3066],[-93.7336,35.3064],[-93.7324,35.3047],[-93.7282,35.3046],[-93.7281,35.3065],[-93.7207,35.3064],[-93.7209,35.303],[-93.7031,35.3027],[-93.7031,35.301],[-93.7021,35.301],[-93.7032,35.2991],[-93.7003,35.2991],[-93.7003,35.2959],[-93.6979,35.2953],[-93.6914,35.2952],[-93.6868,35.2952],[-93.6866,35.3025],[-93.6791,35.3023],[-93.6862,35.2951],[-93.6868,35.2951],[-93.6868,35.295],[-93.6914,35.2945],[-93.6914,35.2916],[-93.6959,35.2916],[-93.6959,35.2897],[-93.7123,35.29],[-93.7123,35.2882],[-93.7169,35.2882],[-93.7169,35.2846],[-93.719,35.2847],[-93.7189,35.2883],[-93.7211,35.2883],[-93.7215,35.2755],[-93.717,35.2754],[-93.7169,35.2773],[-93.7124,35.2773],[-93.7124,35.2754],[-93.7082,35.2754],[-93.7083,35.2681],[-93.719,35.2683],[-93.7197,35.2686],[-93.7217,35.269],[-93.7216,35.2702],[-93.7261,35.2703],[-93.7349,35.2704],[-93.7348,35.274],[-93.737,35.274],[-93.7366,35.2825],[-93.7365,35.2849],[-93.7385,35.285],[-93.739,35.2823],[-93.7453,35.2814],[-93.7501,35.2815],[-93.7522,35.2852],[-93.7521,35.2888],[-93.7492,35.2889],[-93.7487,35.2889],[-93.7487,35.2876],[-93.7476,35.2876],[-93.7471,35.2874],[-93.7471,35.2887],[-93.7476,35.289],[-93.7475,35.2906],[-93.7608,35.2909],[-93.7589,35.29],[-93.7591,35.2882],[-93.7616,35.2884],[-93.7616,35.2899],[-93.7726,35.2903],[-93.7874,35.2937],[-93.7874,35.2957],[-93.7918,35.2958],[-93.794,35.2958],[-93.794,35.2966]]]]}},{"type":"Feature","id":"0535710","properties":{"name":"Jonesboro","land_sqmi":80.18,"lat":35.821,"lon":-90.6695},"geometry":{"type":"MultiPolygon","coordinates":[[[[-90.787,35.786],[-90.7867,35.786],[-90.7867,35.7866],[-90.7859,35.7865],[-90.7855,35.7917],[-90.7855,35.792],[-90.785,35.8064],[-90.7844,35.8261],[-90.7844,35.8262],[-90.7799,35.833],[-90.7792,35.8337],[-90.7779,35.8345],[-90.7749,35.8354],[-90.7664,35.8373],[-90.7663,35.8431],[-90.7662,35.8467],[-90.7706,35.8488],[-90.7744,35.8518],[-90.7759,35.8536],[-90.7837,35.8536],[-90.7835,35.8593],[-90.7848,35.8593],[-90.7847,35.8611],[-90.7807,35.8611],[-90.7722,35.8611],[-90.7692,35.8578],[-90.7662,35.8564],[-90.7503,35.8528],[-90.748,35.8578],[-90.7445,35.8649],[-90.7441,35.8655],[-90.7384,35.8772],[-90.7383,35.8792],[-90.7373,35.8792],[-90.7298,35.8792],[-90.7162,35.8791],[-90.7158,35.8903],[-90.7115,35.8904],[-90.7019,35.8901],[-90.693,35.89],[-90.6931,35.8864],[-90.6752,35.8862],[-90.6752,35.879],[-90.6579,35.8789],[-90.6577,35.8833],[-90.6519,35.8892],[-90.6493,35.8933],[-90.6493,35.8934],[-90.6396,35.8932],[-90.6395,35.8932],[-90.6396,35.8896],[-90.6373,35.8895],[-90.6373,35.8932],[-90.6368,35.8932],[-90.6335,35.8929],[-90.6337,35.8918],[-90.6307,35.8902],[-90.6248,35.8893],[-90.6244,35.8875],[-90.6263,35.8875],[-90.6264,35.8822],[-90.6399,35.8823],[-90.6485,35.8824],[-90.6485,35.8796],[-90.64,35.8796],[-90.6353,35.8795],[-90.6243,35.8785],[-90.6242,35.8801],[-90.622,35.8801],[-90.6221,35.8786],[-90.6223,35.8751],[-90.6224,35.8714],[-90.6134,35.8714],[-90.6132,35.8785],[-90.6087,35.8785],[-90.6045,35.8785],[-90.5993,35.8784],[-90.6092,35.8665],[-90.6098,35.866],[-90.6121,35.8647],[-90.6136,35.8643],[-90.6137,35.8642],[-90.6137,35.8605],[-90.6224,35.8498],[-90.6234,35.8498],[-90.6232,35.8492],[-90.6233,35.8488],[-90.6233,35.8487],[-90.6233,35.8486],[-90.6232,35.8432],[-90.6135,35.8389],[-90.6018,35.8388],[-90.6018,35.8358],[-90.6018,35.825],[-90.5707,35.8255],[-90.553,35.8257],[-90.5519,35.8257],[-90.5519,35.8221],[-90.5519,35.7933],[-90.5528,35.7934],[-90.5531,35.7931],[-90.5659,35.7931],[-90.571,35.7929],[-90.5712,35.7777],[-90.5712,35.7776],[-90.5711,35.7633],[-90.571,35.7625],[-90.5842,35.762],[-90.5865,35.7639],[-90.5903,35.7672],[-90.5906,35.7676],[-90.6011,35.7767],[-90.6077,35.7825],[-90.6185,35.7919],[-90.6191,35.7919],[-90.6278,35.7919],[-90.6292,35.7907],[-90.6292,35.7897],[-90.6293,35.7846],[-90.6472,35.7851],[-90.6516,35.7851],[-90.6518,35.7778],[-90.652,35.7633],[-90.652,35.7632],[-90.6543,35.7632],[-90.6613,35.7633],[-90.6658,35.7633],[-90.6782,35.7631],[-90.6783,35.7577],[-90.6774,35.7566],[-90.6793,35.7558],[-90.6794,35.7486],[-90.6861,35.7486],[-90.6873,35.7491],[-90.6885,35.7511],[-90.6885,35.7522],[-90.6838,35.7523],[-90.6837,35.7559],[-90.6869,35.7559],[-90.6884,35.7544],[-90.6891,35.7516],[-90.6903,35.7526],[-90.6902,35.7526],[-90.6828,35.7632],[-90.7019,35.7633],[-90.7033,35.7633],[-90.7044,35.7642],[-90.7125,35.7671],[-90.7177,35.7702],[-90.7211,35.7702],[-90.7225,35.7667],[-90.728,35.7668],[-90.7265,35.7703],[-90.7327,35.7704],[-90.7371,35.7705],[-90.7372,35.7668],[-90.7392,35.7668],[-90.7393,35.7685],[-90.7414,35.7686],[-90.7415,35.7705],[-90.7549,35.7707],[-90.7546,35.777],[-90.7617,35.7771],[-90.7592,35.7729],[-90.7592,35.7707],[-90.7637,35.7707],[-90.7638,35.7672],[-90.7683,35.7672],[-90.7682,35.7763],[-90.764,35.7762],[-90.764,35.7772],[-90.7858,35.7771],[-90.7857,35.778],[-90.7858,35.7852],[-90.787,35.7852],[-90.787,35.786]]]]}},{"type":"Feature","id":"0515460","properties":{"name":"Corning","land_sqmi":3.67,"lat":36.4148,"lon":-90.5954},"geometry":{"type":"MultiPolygon","coordinates":[[[[-90.6316,36.4117],[-90.6226,36.4126],[-90.6226,36.4116],[-90.618,36.4116],[-90.6177,36.4152],[-90.617,36.4152],[-90.6138,36.4152],[-90.6067,36.4152],[-90.6054,36.416],[-90.6053,36.4187],[-90.5953,36.4187],[-90.5952,36.4223],[-90.5869,36.4222],[-90.5861,36.4236],[-90.5861,36.4251],[-90.5774,36.4247],[-90.5772,36.4319],[-90.5682,36.4316],[-90.5681,36.4352],[-90.5592,36.4349],[-90.5593,36.4312],[-90.563,36.4314],[-90.5767,36.4123],[-90.573,36.4105],[-90.5686,36.4103],[-90.5659,36.4112],[-90.5642,36.4122],[-90.5616,36.413],[-90.5599,36.413],[-90.5599,36.4052],[-90.5611,36.4041],[-90.5598,36.4039],[-90.5599,36.4013],[-90.5821,36.4027],[-90.5822,36.3972],[-90.5857,36.3974],[-90.5838,36.3967],[-90.5826,36.3951],[-90.5839,36.3943],[-90.586,36.3975],[-90.5866,36.3993],[-90.5888,36.3993],[-90.5888,36.4002],[-90.6004,36.4003],[-90.6013,36.4007],[-90.6028,36.4048],[-90.6009,36.4048],[-90.6002,36.4078],[-90.5984,36.4098],[-90.6006,36.4098],[-90.6006,36.4114],[-90.6037,36.4114],[-90.6038,36.4108],[-90.6066,36.4113],[-90.6138,36.4114],[-90.6217,36.411],[-90.6263,36.4106],[-90.6263,36.4079],[-90.6309,36.4079],[-90.6308,36.4117],[-90.6316,36.4117]],[[-90.6135,36.4117],[-90.6093,36.4115],[-90.6054,36.4115],[-90.6054,36.4151],[-90.6134,36.4151],[-90.6135,36.4117]]]]}},{"type":"Feature","id":"0551500","properties":{"name":"O'Kean","land_sqmi":1.02,"lat":36.1715,"lon":-90.8183},"geometry":{"type":"MultiPolygon","coordinates":[[[[-90.8274,36.1789],[-90.8091,36.1785],[-90.8093,36.1741],[-90.8091,36.1708],[-90.8093,36.1641],[-90.8275,36.1643],[-90.8274,36.1789]]]]}},{"type":"Feature","id":"0564370","properties":{"name":"Siloam Springs","land_sqmi":12.06,"lat":36.1757,"lon":-94.5239},"geometry":{"type":"MultiPolygon","coordinates":[[[[-94.518,36.1295],[-94.5158,36.1294],[-94.5158,36.1252],[-94.516,36.1226],[-94.5175,36.1231],[-94.518,36.1295]]],[[[-94.5428,36.2235],[-94.5418,36.2251],[-94.5398,36.2265],[-94.5398,36.2289],[-94.5308,36.2287],[-94.531,36.225],[-94.5311,36.2226],[-94.5363,36.2216],[-94.5442,36.223],[-94.5428,36.2235]]],[[[-94.5693,36.1995],[-94.5675,36.2001],[-94.5674,36.2032],[-94.569,36.2032],[-94.569,36.2043],[-94.5673,36.2038],[-94.5628,36.2037],[-94.563,36.2001],[-94.5607,36.2],[-94.5606,36.2018],[-94.5586,36.2017],[-94.5587,36.2],[-94.5574,36.1999],[-94.5573,36.2017],[-94.5562,36.2026],[-94.5539,36.2025],[-94.5539,36.2044],[-94.5528,36.2043],[-94.5529,36.2007],[-94.5495,36.2006],[-94.5496,36.2071],[-94.5538,36.2071],[-94.5537,36.2092],[-94.5537,36.2107],[-94.5437,36.2107],[-94.5448,36.2071],[-94.5468,36.2071],[-94.5492,36.2079],[-94.5493,36.2071],[-94.5489,36.2072],[-94.5491,36.2062],[-94.5457,36.2053],[-94.5451,36.2035],[-94.5408,36.2034],[-94.5406,36.207],[-94.5405,36.2106],[-94.5382,36.2106],[-94.5381,36.2142],[-94.5359,36.2142],[-94.536,36.2106],[-94.5315,36.2105],[-94.5317,36.205],[-94.5272,36.2049],[-94.5274,36.2013],[-94.5228,36.2012],[-94.5224,36.2166],[-94.5179,36.2165],[-94.5167,36.2158],[-94.5157,36.2167],[-94.5157,36.2137],[-94.5133,36.2136],[-94.5137,36.21],[-94.5137,36.2062],[-94.515,36.2035],[-94.5205,36.1956],[-94.5153,36.1955],[-94.5153,36.1991],[-94.514,36.1991],[-94.514,36.1973],[-94.5126,36.1973],[-94.5127,36.1955],[-94.5118,36.1954],[-94.5118,36.1974],[-94.5095,36.1972],[-94.5094,36.199],[-94.505,36.199],[-94.5051,36.1953],[-94.5006,36.1952],[-94.5004,36.2025],[-94.4959,36.2024],[-94.4962,36.1951],[-94.4917,36.1951],[-94.4915,36.1995],[-94.4871,36.1995],[-94.4874,36.1877],[-94.4784,36.1876],[-94.4787,36.1821],[-94.4854,36.1811],[-94.4857,36.1822],[-94.4876,36.1822],[-94.4876,36.1807],[-94.4877,36.1788],[-94.5011,36.179],[-94.5011,36.1772],[-94.4967,36.1771],[-94.4968,36.1735],[-94.5053,36.1737],[-94.5052,36.1748],[-94.5069,36.1748],[-94.507,36.1737],[-94.5135,36.1739],[-94.5136,36.1703],[-94.5147,36.1703],[-94.5148,36.1669],[-94.5168,36.167],[-94.5169,36.1655],[-94.5166,36.1655],[-94.5166,36.1652],[-94.5149,36.1652],[-94.5149,36.1651],[-94.5182,36.1651],[-94.5183,36.1631],[-94.5324,36.1634],[-94.5328,36.1628],[-94.5329,36.1597],[-94.5284,36.1596],[-94.5285,36.1559],[-94.527,36.1559],[-94.5271,36.1533],[-94.5253,36.1535],[-94.5249,36.1523],[-94.5286,36.1523],[-94.5287,36.1488],[-94.5332,36.1488],[-94.5333,36.1452],[-94.5377,36.1453],[-94.5375,36.1525],[-94.5425,36.1526],[-94.538,36.1576],[-94.5365,36.1597],[-94.546,36.1599],[-94.5507,36.1599],[-94.5509,36.1617],[-94.5527,36.1623],[-94.5544,36.1609],[-94.5545,36.16],[-94.5562,36.16],[-94.5561,36.1636],[-94.5595,36.1636],[-94.5594,36.1673],[-94.5638,36.1674],[-94.5653,36.1764],[-94.5657,36.1784],[-94.5662,36.1814],[-94.5666,36.1838],[-94.5672,36.1871],[-94.5678,36.1909],[-94.5681,36.1924],[-94.5693,36.1995]]]]}},{"type":"Feature","id":"0563800","properties":{"name":"Sherwood","land_sqmi":20.75,"lat":34.8541,"lon":-92.2038},"geometry":{"type":"MultiPolygon","coordinates":[[[[-92.2461,34.8336],[-92.2439,34.8336],[-92.2438,34.8346],[-92.2383,34.8371],[-92.2379,34.8405],[-92.2414,34.8407],[-92.2437,34.8394],[-92.2436,34.8407],[-92.2458,34.8407],[-92.2457,34.8429],[-92.2457,34.8441],[-92.2456,34.8464],[-92.2455,34.8516],[-92.2367,34.8514],[-92.2364,34.8551],[-92.2321,34.8551],[-92.2311,34.8572],[-92.2282,34.8563],[-92.2282,34.8548],[-92.2258,34.8551],[-92.2255,34.8561],[-92.2263,34.86],[-92.226,34.8618],[-92.229,34.8629],[-92.2295,34.8646],[-92.2274,34.8659],[-92.2274,34.8677],[-92.2317,34.8677],[-92.2317,34.8693],[-92.2294,34.8692],[-92.2293,34.871],[-92.2272,34.871],[-92.2272,34.8746],[-92.2271,34.8766],[-92.2235,34.8765],[-92.2236,34.8754],[-92.2243,34.8755],[-92.2244,34.8744],[-92.2243,34.8738],[-92.2178,34.8736],[-92.219,34.876],[-92.2218,34.8761],[-92.2184,34.8764],[-92.2183,34.8818],[-92.2201,34.8826],[-92.2209,34.8831],[-92.2202,34.8854],[-92.222,34.8855],[-92.2225,34.8881],[-92.2189,34.888],[-92.219,34.8836],[-92.214,34.8834],[-92.2133,34.898],[-92.2018,34.8978],[-92.1954,34.8976],[-92.1951,34.9083],[-92.178,34.9083],[-92.1781,34.9032],[-92.1712,34.8978],[-92.1708,34.8965],[-92.1711,34.8927],[-92.1719,34.8894],[-92.1723,34.8886],[-92.1743,34.8866],[-92.1777,34.882],[-92.1786,34.8814],[-92.1787,34.8779],[-92.1771,34.8773],[-92.1747,34.8752],[-92.1746,34.8752],[-92.1623,34.8748],[-92.1624,34.8714],[-92.1616,34.8678],[-92.1664,34.8678],[-92.1664,34.865],[-92.1664,34.8648],[-92.1664,34.8642],[-92.175,34.8643],[-92.1792,34.8643],[-92.1794,34.8611],[-92.1837,34.8619],[-92.1845,34.8609],[-92.1846,34.858],[-92.1829,34.8573],[-92.1794,34.8596],[-92.1795,34.8544],[-92.1795,34.8536],[-92.1729,34.8534],[-92.1724,34.8534],[-92.1737,34.8512],[-92.1733,34.8506],[-92.1736,34.8489],[-92.1744,34.8481],[-92.1745,34.8468],[-92.1735,34.8454],[-92.1732,34.8438],[-92.1731,34.843],[-92.1735,34.8423],[-92.1738,34.8421],[-92.1747,34.842],[-92.1747,34.84],[-92.1736,34.8407],[-92.1733,34.8394],[-92.1747,34.8393],[-92.1749,34.8376],[-92.1724,34.8366],[-92.1725,34.834],[-92.1726,34.8325],[-92.18,34.8296],[-92.1803,34.8152],[-92.1736,34.8151],[-92.1773,34.8121],[-92.1802,34.8096],[-92.1864,34.8047],[-92.1884,34.8047],[-92.1874,34.8039],[-92.1884,34.803],[-92.1897,34.8035],[-92.1906,34.8027],[-92.1901,34.8016],[-92.1935,34.8053],[-92.195,34.8053],[-92.1959,34.8032],[-92.1993,34.8034],[-92.1993,34.8015],[-92.2027,34.8016],[-92.2028,34.7998],[-92.2075,34.7998],[-92.2025,34.8034],[-92.2006,34.8034],[-92.1985,34.8056],[-92.1984,34.8093],[-92.2027,34.8094],[-92.2028,34.8034],[-92.2075,34.7999],[-92.2156,34.8001],[-92.2157,34.8001],[-92.2126,34.8036],[-92.2129,34.8036],[-92.2176,34.8038],[-92.2176,34.8038],[-92.2183,34.8042],[-92.2196,34.8044],[-92.2205,34.8043],[-92.2244,34.8041],[-92.2249,34.8076],[-92.2331,34.8077],[-92.2336,34.8087],[-92.2335,34.8119],[-92.2333,34.8155],[-92.2333,34.8165],[-92.2346,34.8166],[-92.2346,34.8195],[-92.2334,34.8199],[-92.2333,34.82],[-92.2331,34.826],[-92.2375,34.8262],[-92.2374,34.8297],[-92.2452,34.83],[-92.2461,34.8336]]]]}},{"type":"Feature","id":"0555280","properties":{"name":"Pindall","land_sqmi":2.87,"lat":36.0637,"lon":-92.8622},"geometry":{"type":"MultiPolygon","coordinates":[[[[-92.8875,36.0718],[-92.8547,36.0707],[-92.8378,36.0701],[-92.8365,36.0701],[-92.8367,36.0555],[-92.8645,36.0564],[-92.8871,36.0573],[-92.8879,36.0582],[-92.8875,36.0718]]]]}},{"type":"Feature","id":"0556990","properties":{"name":"Pottsville","land_sqmi":13.53,"lat":35.218,"lon":-93.068},"geometry":{"type":"MultiPolygon","coordinates":[[[[-93.1135,35.2128],[-93.1136,35.2203],[-93.1134,35.2294],[-93.1136,35.2308],[-93.0953,35.2306],[-93.0952,35.2343],[-93.0907,35.2342],[-93.09,35.2367],[-93.0913,35.2379],[-93.104,35.238],[-93.1037,35.2454],[-93.1062,35.2472],[-93.1067,35.2489],[-93.1068,35.2491],[-93.1036,35.249],[-93.0859,35.2486],[-93.0858,35.2534],[-93.0856,35.2559],[-93.0768,35.2557],[-93.0767,35.2596],[-93.0679,35.2581],[-93.068,35.2557],[-93.0619,35.2556],[-93.0619,35.257],[-93.0618,35.2598],[-93.0677,35.2643],[-93.0676,35.266],[-93.0691,35.268],[-93.0675,35.2691],[-93.0675,35.2701],[-93.0658,35.2701],[-93.0658,35.2702],[-93.0577,35.2701],[-93.0571,35.2701],[-93.0573,35.2628],[-93.0529,35.2627],[-93.053,35.2591],[-93.0486,35.259],[-93.0487,35.2553],[-93.0221,35.2548],[-93.0225,35.2433],[-93.0228,35.2331],[-93.0359,35.2333],[-93.0364,35.2227],[-93.0463,35.2228],[-93.0464,35.2051],[-93.046,35.2043],[-93.0465,35.1877],[-93.0452,35.1876],[-93.0422,35.1825],[-93.0466,35.1826],[-93.0471,35.1658],[-93.0559,35.1666],[-93.0548,35.2045],[-93.0543,35.2065],[-93.0547,35.2089],[-93.0543,35.2191],[-93.0691,35.2194],[-93.0822,35.2195],[-93.0869,35.2195],[-93.0958,35.2198],[-93.096,35.2125],[-93.1048,35.2127],[-93.1051,35.2054],[-93.1139,35.2056],[-93.1135,35.2128]]]]}},{"type":"Feature","id":"0568060","properties":{"name":"Sunset","land_sqmi":0.26,"lat":35.2253,"lon":-90.2056},"geometry":{"type":"MultiPolygon","coordinates":[[[[-90.2115,35.2264],[-90.2047,35.2265],[-90.206,35.2297],[-90.2072,35.2305],[-90.2044,35.2308],[-90.2017,35.2241],[-90.1998,35.2201],[-90.2006,35.2199],[-90.2092,35.22],[-90.2094,35.2204],[-90.211,35.225],[-90.2115,35.2264]]]]}},{"type":"Feature","id":"0553600","properties":{"name":"Parkin","land_sqmi":2.56,"lat":35.2609,"lon":-90.5482},"geometry":{"type":"MultiPolygon","coordinates":[[[[-90.5697,35.2673],[-90.5668,35.2674],[-90.5626,35.2693],[-90.5607,35.2728],[-90.5591,35.2812],[-90.5603,35.2844],[-90.5655,35.2867],[-90.564,35.288],[-90.5582,35.2842],[-90.5525,35.2813],[-90.5491,35.2807],[-90.5491,35.2742],[-90.5403,35.2741],[-90.5404,35.2707],[-90.5315,35.2706],[-90.5315,35.2669],[-90.5267,35.2669],[-90.5268,35.2632],[-90.5295,35.2633],[-90.5295,35.2649],[-90.5396,35.265],[-90.5397,35.263],[-90.5488,35.2638],[-90.5491,35.2554],[-90.5537,35.2555],[-90.5538,35.2519],[-90.555,35.2519],[-90.5552,35.2337],[-90.5593,35.2338],[-90.562,35.2338],[-90.5625,35.2556],[-90.5624,35.2653],[-90.5676,35.2662],[-90.5697,35.2673]]]]}},{"type":"Feature","id":"0549010","properties":{"name":"Newark","land_sqmi":1.64,"lat":35.7094,"lon":-91.4442},"geometry":{"type":"MultiPolygon","coordinates":[[[[-91.4546,35.7029],[-91.4538,35.7029],[-91.4538,35.7041],[-91.4512,35.7045],[-91.4496,35.7068],[-91.4493,35.7236],[-91.4462,35.723],[-91.446,35.7235],[-91.4426,35.7254],[-91.4403,35.7254],[-91.4404,35.7185],[-91.4379,35.7185],[-91.4379,35.7144],[-91.4349,35.7144],[-91.4351,35.7055],[-91.4339,35.7055],[-91.4339,35.6989],[-91.4392,35.6987],[-91.4383,35.6987],[-91.4369,35.6964],[-91.4368,35.6934],[-91.4464,35.6948],[-91.4488,35.695],[-91.4488,35.6966],[-91.4532,35.6977],[-91.4544,35.6998],[-91.4546,35.7029]]]]}},{"type":"Feature","id":"0523320","properties":{"name":"Felsenthal","land_sqmi":1.48,"lat":33.0569,"lon":-92.154},"geometry":{"type":"MultiPolygon","coordinates":[[[[-92.1691,33.0646],[-92.1634,33.066],[-92.1633,33.068],[-92.1474,33.0678],[-92.1474,33.0642],[-92.1431,33.0642],[-92.1431,33.0606],[-92.1388,33.0605],[-92.1388,33.0533],[-92.1424,33.0534],[-92.1426,33.0458],[-92.1476,33.0459],[-92.1476,33.0497],[-92.1519,33.0497],[-92.1519,33.0535],[-92.1649,33.0537],[-92.1649,33.0572],[-92.1692,33.0573],[-92.1691,33.0646]]]]}},{"type":"Feature","id":"0516930","properties":{"name":"Cushman","land_sqmi":4.08,"lat":35.8674,"lon":-91.7773},"geometry":{"type":"MultiPolygon","coordinates":[[[[-91.8106,35.8681],[-91.8034,35.8678],[-91.7949,35.8662],[-91.792,35.8671],[-91.7874,35.8679],[-91.782,35.8683],[-91.7813,35.8687],[-91.7799,35.8725],[-91.7769,35.8753],[-91.7712,35.8777],[-91.7674,35.8804],[-91.7649,35.8814],[-91.7601,35.8825],[-91.7568,35.8829],[-91.757,35.8793],[-91.7526,35.8792],[-91.7524,35.8832],[-91.7478,35.883],[-91.7482,35.8755],[-91.7436,35.8754],[-91.7437,35.8716],[-91.7486,35.8716],[-91.7486,35.8681],[-91.7532,35.8682],[-91.7526,35.8653],[-91.7533,35.8644],[-91.7579,35.8644],[-91.7578,35.8681],[-91.7609,35.8658],[-91.7642,35.8644],[-91.7651,35.8621],[-91.7675,35.8591],[-91.7715,35.8565],[-91.7734,35.8554],[-91.7761,35.8543],[-91.7793,35.8539],[-91.7836,35.8537],[-91.7872,35.853],[-91.791,35.8518],[-91.7948,35.8516],[-91.8013,35.8524],[-91.8069,35.8535],[-91.811,35.8536],[-91.8106,35.8681]]]]}},{"type":"Feature","id":"0509790","properties":{"name":"Bull Shoals","land_sqmi":4.9,"lat":36.3751,"lon":-92.5916},"geometry":{"type":"MultiPolygon","coordinates":[[[[-92.6215,36.3712],[-92.6185,36.3702],[-92.6191,36.372],[-92.6172,36.3718],[-92.615,36.3702],[-92.6157,36.3722],[-92.6142,36.3734],[-92.6121,36.372],[-92.608,36.3706],[-92.6067,36.3707],[-92.6108,36.3738],[-92.6109,36.3744],[-92.6086,36.3759],[-92.6122,36.3754],[-92.6139,36.376],[-92.6143,36.3774],[-92.6137,36.3782],[-92.6111,36.3779],[-92.6085,36.3784],[-92.6062,36.3802],[-92.6057,36.3781],[-92.6037,36.3792],[-92.6029,36.3813],[-92.6004,36.3808],[-92.5991,36.3789],[-92.5975,36.3789],[-92.5969,36.38],[-92.5947,36.381],[-92.5969,36.3817],[-92.595,36.3839],[-92.5963,36.3841],[-92.5992,36.3832],[-92.6,36.3845],[-92.598,36.3857],[-92.5976,36.3875],[-92.5984,36.39],[-92.5973,36.3905],[-92.5911,36.3864],[-92.5932,36.3891],[-92.5923,36.3907],[-92.5939,36.3904],[-92.5939,36.3923],[-92.591,36.3932],[-92.5888,36.3923],[-92.5855,36.3901],[-92.5855,36.3908],[-92.5883,36.3938],[-92.5877,36.3943],[-92.5837,36.3929],[-92.58,36.3922],[-92.5819,36.3905],[-92.5784,36.3898],[-92.5781,36.3914],[-92.5705,36.3924],[-92.5709,36.3911],[-92.569,36.3911],[-92.5662,36.3901],[-92.565,36.3921],[-92.5623,36.3908],[-92.5641,36.3881],[-92.5617,36.3868],[-92.5654,36.3858],[-92.5675,36.3865],[-92.5663,36.3846],[-92.5633,36.3849],[-92.5621,36.3829],[-92.5621,36.3806],[-92.5631,36.3779],[-92.564,36.377],[-92.566,36.3778],[-92.5655,36.376],[-92.567,36.3754],[-92.568,36.3736],[-92.5696,36.3725],[-92.5717,36.374],[-92.5727,36.3756],[-92.5723,36.3725],[-92.5725,36.3704],[-92.5748,36.3698],[-92.5762,36.3687],[-92.5751,36.3663],[-92.5798,36.3644],[-92.5901,36.3602],[-92.5927,36.3587],[-92.5946,36.357],[-92.5951,36.3559],[-92.6072,36.3562],[-92.6078,36.3599],[-92.6175,36.3601],[-92.616,36.3613],[-92.6121,36.3607],[-92.6136,36.3619],[-92.6113,36.3637],[-92.6175,36.3616],[-92.6196,36.3622],[-92.6206,36.3633],[-92.6203,36.3668],[-92.6191,36.3656],[-92.6196,36.3678],[-92.6215,36.3712]]]]}},{"type":"Feature","id":"0565630","properties":{"name":"Southside","land_sqmi":9.86,"lat":35.7087,"lon":-91.6371},"geometry":{"type":"MultiPolygon","coordinates":[[[[-91.67,35.7211],[-91.6696,35.7324],[-91.6695,35.7329],[-91.6658,35.7322],[-91.6601,35.7321],[-91.6598,35.7443],[-91.6504,35.743],[-91.6496,35.743],[-91.6403,35.741],[-91.6382,35.7401],[-91.6325,35.7397],[-91.6221,35.7398],[-91.6184,35.7393],[-91.6183,35.7315],[-91.6141,35.7316],[-91.6101,35.7316],[-91.6098,35.7168],[-91.6041,35.7165],[-91.6041,35.7052],[-91.6044,35.6917],[-91.6085,35.6919],[-91.6135,35.692],[-91.6137,35.6851],[-91.6137,35.6824],[-91.6106,35.6823],[-91.61,35.6806],[-91.6115,35.68],[-91.6137,35.6797],[-91.6137,35.6793],[-91.6138,35.677],[-91.6139,35.6738],[-91.614,35.6731],[-91.6185,35.6734],[-91.6183,35.6774],[-91.6319,35.6776],[-91.6317,35.6853],[-91.6315,35.696],[-91.636,35.6961],[-91.6359,35.7105],[-91.6538,35.7108],[-91.6606,35.711],[-91.6674,35.7112],[-91.6675,35.7123],[-91.6673,35.7176],[-91.67,35.7176],[-91.67,35.7211]]]]}},{"type":"Feature","id":"0501870","properties":{"name":"Arkadelphia","land_sqmi":7.73,"lat":34.1343,"lon":-93.0763},"geometry":{"type":"MultiPolygon","coordinates":[[[[-93.0466,34.1227],[-93.0461,34.1226],[-93.0449,34.122],[-93.0459,34.1216],[-93.0463,34.1222],[-93.0466,34.1227]]],[[[-93.111,34.1149],[-93.1071,34.1148],[-93.107,34.1184],[-93.1031,34.1183],[-93.1023,34.117],[-93.1023,34.1147],[-93.1002,34.1146],[-93.1001,34.1164],[-93.0982,34.1164],[-93.098,34.1165],[-93.098,34.118],[-93.0979,34.119],[-93.1022,34.121],[-93.1017,34.1328],[-93.0974,34.1327],[-93.0972,34.1363],[-93.0855,34.1361],[-93.0849,34.1373],[-93.083,34.1373],[-93.0813,34.14],[-93.0803,34.1425],[-93.0791,34.1475],[-93.0772,34.1579],[-93.075,34.1579],[-93.0745,34.1505],[-93.0753,34.1469],[-93.0755,34.1414],[-93.0741,34.1405],[-93.0679,34.1428],[-93.0667,34.1426],[-93.0666,34.1468],[-93.0708,34.1469],[-93.0709,34.1505],[-93.0665,34.1504],[-93.0665,34.1522],[-93.0708,34.1523],[-93.0708,34.1534],[-93.0682,34.1534],[-93.0682,34.1542],[-93.0664,34.1541],[-93.0664,34.1568],[-93.0685,34.1569],[-93.0684,34.1614],[-93.0653,34.1614],[-93.066,34.1647],[-93.0678,34.1679],[-93.0711,34.1722],[-93.0717,34.1735],[-93.0714,34.1766],[-93.071,34.1767],[-93.0713,34.1732],[-93.0684,34.1693],[-93.0657,34.165],[-93.0652,34.1635],[-93.0645,34.1577],[-93.062,34.1576],[-93.0621,34.1504],[-93.0578,34.1502],[-93.0579,34.1466],[-93.0569,34.1462],[-93.0573,34.1433],[-93.0566,34.1419],[-93.0525,34.1396],[-93.0511,34.1366],[-93.05,34.1356],[-93.049,34.1303],[-93.0495,34.1288],[-93.0481,34.1236],[-93.0466,34.1211],[-93.0457,34.1198],[-93.0414,34.1169],[-93.0415,34.1133],[-93.0502,34.1135],[-93.0503,34.1118],[-93.0553,34.1118],[-93.059,34.1084],[-93.0594,34.1008],[-93.0637,34.1006],[-93.0683,34.0965],[-93.0685,34.0919],[-93.0776,34.0922],[-93.0619,34.1064],[-93.0678,34.1064],[-93.0677,34.1082],[-93.0765,34.1085],[-93.0766,34.1067],[-93.0811,34.1068],[-93.0811,34.1105],[-93.0816,34.1105],[-93.0853,34.1106],[-93.0852,34.1142],[-93.0874,34.1142],[-93.0875,34.1106],[-93.0939,34.1108],[-93.094,34.1072],[-93.0982,34.1074],[-93.0954,34.1122],[-93.0938,34.1122],[-93.0948,34.1131],[-93.0941,34.1144],[-93.0959,34.1145],[-93.0964,34.1131],[-93.0981,34.1131],[-93.0981,34.1109],[-93.1025,34.1111],[-93.1063,34.1075],[-93.1112,34.1076],[-93.111,34.1149]]]]}},{"type":"Feature","id":"0526980","properties":{"name":"Gillett","land_sqmi":1.0,"lat":34.1209,"lon":-91.3793},"geometry":{"type":"MultiPolygon","coordinates":[[[[-91.3892,34.1234],[-91.3809,34.1235],[-91.3807,34.1273],[-91.3736,34.1273],[-91.3729,34.131],[-91.3715,34.1311],[-91.3716,34.1274],[-91.369,34.1274],[-91.3715,34.1256],[-91.3719,34.1201],[-91.3696,34.1202],[-91.3698,34.1129],[-91.3707,34.1129],[-91.3707,34.112],[-91.3721,34.1119],[-91.3722,34.1109],[-91.3743,34.1108],[-91.3743,34.1128],[-91.3895,34.1126],[-91.3892,34.1234]]]]}}]}