"Label (Grouping)","Arkansas County, Arkansas!!Estimate","Arkansas County, Arkansas!!Margin of Error","Arkansas County, Arkansas!!Percent","Arkansas County, Arkansas!!Percent Margin of Error","Ashley County, Arkansas!!Estimate","Ashley County, Arkansas!!Margin of Error","Ashley County, Arkansas!!Percent","Ashley County, Arkansas!!Percent Margin of Error","Baxter County, Arkansas!!Estimate","Baxter County, Arkansas!!Margin of Error","Baxter County, Arkansas!!Percent","Baxter County, Arkansas!!Percent Margin of Error","Benton County, Arkansas!!Estimate","Benton County, Arkansas!!Margin of Error","Benton County, Arkansas!!Percent","Benton County, Arkansas!!Percent Margin of Error","Boone County, Arkansas!!Estimate","Boone County, Arkansas!!Margin of Error","Boone County, Arkansas!!Percent","Boone County, Arkansas!!Percent Margin of Error","Bradley County, Arkansas!!Estimate","Bradley County, Arkansas!!Margin of Error","Bradley County, Arkansas!!Percent","Bradley County, Arkansas!!Percent Margin of Error","Calhoun County, Arkansas!!Estimate","Calhoun County, Arkansas!!Margin of Error","Calhoun County, Arkansas!!Percent","Calhoun County, Arkansas!!Percent Margin of Error","Carroll County, Arkansas!!Estimate","Carroll County, Arkansas!!Margin of Error","Carroll County, Arkansas!!Percent","Carroll County, Arkansas!!Percent Margin of Error","Chicot County, Arkansas!!Estimate","Chicot County, Arkansas!!Margin of Error","Chicot County, Arkansas!!Percent","Chicot County, Arkansas!!Percent Margin of Error","Clark County, Arkansas!!Estimate","Clark County, Arkansas!!Margin of Error","Clark County, Arkansas!!Percent","Clark County, Arkansas!!Percent Margin of Error","Clay County, Arkansas!!Estimate","Clay County, Arkansas!!Margin of Error","Clay County, Arkansas!!Percent","Clay County, Arkansas!!Percent Margin of Error","Cleburne County, Arkansas!!Estimate","Cleburne County, Arkansas!!Margin of Error","Cleburne County, Arkansas!!Percent","Cleburne County, Arkansas!!Percent Margin of Error","Cleveland County, Arkansas!!Estimate","Cleveland County, Arkansas!!Margin of Error","Cleveland County, Arkansas!!Percent","Cleveland County, Arkansas!!Percent Margin of Error","Columbia County, Arkansas!!Estimate","Columbia County, Arkansas!!Margin of Error","Columbia County, Arkansas!!Percent","Columbia County, Arkansas!!Percent Margin of Error","Conway County, Arkansas!!Estimate","Conway County, Arkansas!!Margin of Error","Conway County, Arkansas!!Percent","Conway County, Arkansas!!Percent Margin of Error","Craighead County, Arkansas!!Estimate","Craighead County, Arkansas!!Margin of Error","Craighead County, Arkansas!!Percent","Craighead County, Arkansas!!Percent Margin of Error","Crawford County, Arkansas!!Estimate","Crawford County, Arkansas!!Margin of Error","Crawford County, Arkansas!!Percent","Crawford County, Arkansas!!Percent Margin of Error","Crittenden County, Arkansas!!Estimate","Crittenden County, Arkansas!!Margin of Error","Crittenden County, Arkansas!!Percent","Crittenden County, Arkansas!!Percent Margin of Error","Cross County, Arkansas!!Estimate","Cross County, Arkansas!!Margin of Error","Cross County, Arkansas!!Percent","Cross County, Arkansas!!Percent Margin of Error","Dallas County, Arkansas!!Estimate","Dallas County, Arkansas!!Margin of Error","Dallas County, Arkansas!!Percent","Dallas County, Arkansas!!Percent Margin of Error","Desha County, Arkansas!!Estimate","Desha County, Arkansas!!Margin of Error","Desha County, Arkansas!!Percent","Desha County, Arkansas!!Percent Margin of Error","Drew County, Arkansas!!Estimate","Drew County, Arkansas!!Margin of Error","Drew County, Arkansas!!Percent","Drew County, Arkansas!!Percent Margin of Error","Faulkner County, Arkansas!!Estimate","Faulkner County, Arkansas!!Margin of Error","Faulkner County, Arkansas!!Percent","Faulkner County, Arkansas!!Percent Margin of Error","Franklin County, Arkansas!!Estimate","Franklin County, Arkansas!!Margin of Error","Franklin County, Arkansas!!Percent","Franklin County, Arkansas!!Percent Margin of Error","Fulton County, Arkansas!!Estimate","Fulton County, Arkansas!!Margin of Error","Fulton County, Arkansas!!Percent","Fulton County, Arkansas!!Percent Margin of Error","Garland County, Arkansas!!Estimate","Garland County, Arkansas!!Margin of Error","Garland County, Arkansas!!Percent","Garland County, Arkansas!!Percent Margin of Error","Grant County, Arkansas!!Estimate","Grant County, Arkansas!!Margin of Error","Grant County, Arkansas!!Percent","Grant County, Arkansas!!Percent Margin of Error","Greene County, Arkansas!!Estimate","Greene County, Arkansas!!Margin of Error","Greene County, Arkansas!!Percent","Greene County, Arkansas!!Percent Margin of Error","Hempstead County, Arkansas!!Estimate","Hempstead County, Arkansas!!Margin of Error","Hempstead County, Arkansas!!Percent","Hempstead County, Arkansas!!Percent Margin of Error","Hot Spring County, Arkansas!!Estimate","Hot Spring County, Arkansas!!Margin of Error","Hot Spring County, Arkansas!!Percent","Hot Spring County, Arkansas!!Percent Margin of Error","Howard County, Arkansas!!Estimate","Howard County, Arkansas!!Margin of Error","Howard County, Arkansas!!Percent","Howard County, Arkansas!!Percent Margin of Error","Independence County, Arkansas!!Estimate","Independence County, Arkansas!!Margin of Error","Independence County, Arkansas!!Percent","Independence County, Arkansas!!Percent Margin of Error","Izard County, Arkansas!!Estimate","Izard County, Arkansas!!Margin of Error","Izard County, Arkansas!!Percent","Izard County, Arkansas!!Percent Margin of Error","Jackson County, Arkansas!!Estimate","Jackson County, Arkansas!!Margin of Error","Jackson County, Arkansas!!Percent","Jackson County, Arkansas!!Percent Margin of Error","Jefferson County, Arkansas!!Estimate","Jefferson County, Arkansas!!Margin of Error","Jefferson County, Arkansas!!Percent","Jefferson County, Arkansas!!Percent Margin of Error","Johnson County, Arkansas!!Estimate","Johnson County, Arkansas!!Margin of Error","Johnson County, Arkansas!!Percent","Johnson County, Arkansas!!Percent Margin of Error","Lafayette County, Arkansas!!Estimate","Lafayette County, Arkansas!!Margin of Error","Lafayette County, Arkansas!!Percent","Lafayette County, Arkansas!!Percent Margin of Error","Lawrence County, Arkansas!!Estimate","Lawrence County, Arkansas!!Margin of Error","Lawrence County, Arkansas!!Percent","Lawrence County, Arkansas!!Percent Margin of Error","Lee County, Arkansas!!Estimate","Lee County, Arkansas!!Margin of Error","Lee County, Arkansas!!Percent","Lee County, Arkansas!!Percent Margin of Error","Lincoln County, Arkansas!!Estimate","Lincoln County, Arkansas!!Margin of Error","Lincoln County, Arkansas!!Percent","Lincoln County, Arkansas!!Percent Margin of Error","Little River County, Arkansas!!Estimate","Little River County, Arkansas!!Margin of Error","Little River County, Arkansas!!Percent","Little River County, Arkansas!!Percent Margin of Error","Logan County, Arkansas!!Estimate","Logan County, Arkansas!!Margin of Error","Logan County, Arkansas!!Percent","Logan County, Arkansas!!Percent Margin of Error","Lonoke County, Arkansas!!Estimate","Lonoke County, Arkansas!!Margin of Error","Lonoke County, Arkansas!!Percent","Lonoke County, Arkansas!!Percent Margin of Error","Madison County, Arkansas!!Estimate","Madison County, Arkansas!!Margin of Error","Madison County, Arkansas!!Percent","Madison County, Arkansas!!Percent Margin of Error","Marion County, Arkansas!!Estimate","Marion County, Arkansas!!Margin of Error","Marion County, Arkansas!!Percent","Marion County, Arkansas!!Percent Margin of Error","Miller County, Arkansas!!Estimate","Miller County, Arkansas!!Margin of Error","Miller County, Arkansas!!Percent","Miller County, Arkansas!!Percent Margin of Error","Mississippi County, Arkansas!!Estimate","Mississippi County, Arkansas!!Margin of Error","Mississippi County, Arkansas!!Percent","Mississippi County, Arkansas!!Percent Margin of Error","Monroe County, Arkansas!!Estimate","Monroe County, Arkansas!!Margin of Error","Monroe County, Arkansas!!Percent","Monroe County, Arkansas!!Percent Margin of Error","Montgomery County, Arkansas!!Estimate","Montgomery County, Arkansas!!Margin of Error","Montgomery County, Arkansas!!Percent","Montgomery County, Arkansas!!Percent Margin of Error","Nevada County, Arkansas!!Estimate","Nevada County, Arkansas!!Margin of Error","Nevada County, Arkansas!!Percent","Nevada County, Arkansas!!Percent Margin of Error","Newton County, Arkansas!!Estimate","Newton County, Arkansas!!Margin of Error","Newton County, Arkansas!!Percent","Newton County, Arkansas!!Percent Margin of Error","Ouachita County, Arkansas!!Estimate","Ouachita County, Arkansas!!Margin of Error","Ouachita County, Arkansas!!Percent","Ouachita County, Arkansas!!Percent Margin of Error","Perry County, Arkansas!!Estimate","Perry County, Arkansas!!Margin of Error","Perry County, Arkansas!!Percent","Perry County, Arkansas!!Percent Margin of Error","Phillips County, Arkansas!!Estimate","Phillips County, Arkansas!!Margin of Error","Phillips County, Arkansas!!Percent","Phillips County, Arkansas!!Percent Margin of Error","Pike County, Arkansas!!Estimate","Pike County, Arkansas!!Margin of Error","Pike County, Arkansas!!Percent","Pike County, Arkansas!!Percent Margin of Error","Poinsett County, Arkansas!!Estimate","Poinsett County, Arkansas!!Margin of Error","Poinsett County, Arkansas!!Percent","Poinsett County, Arkansas!!Percent Margin of Error","Polk County, Arkansas!!Estimate","Polk County, Arkansas!!Margin of Error","Polk County, Arkansas!!Percent","Polk County, Arkansas!!Percent Margin of Error","Pope County, Arkansas!!Estimate","Pope County, Arkansas!!Margin of Error","Pope County, Arkansas!!Percent","Pope County, Arkansas!!Percent Margin of Error","Prairie County, Arkansas!!Estimate","Prairie County, Arkansas!!Margin of Error","Prairie County, Arkansas!!Percent","Prairie County, Arkansas!!Percent Margin of Error","Pulaski County, Arkansas!!Estimate","Pulaski County, Arkansas!!Margin of Error","Pulaski County, Arkansas!!Percent","Pulaski County, Arkansas!!Percent Margin of Error","Randolph County, Arkansas!!Estimate","Randolph County, Arkansas!!Margin of Error","Randolph County, Arkansas!!Percent","Randolph County, Arkansas!!Percent Margin of Error","St. Francis County, Arkansas!!Estimate","St. Francis County, Arkansas!!Margin of Error","St. Francis County, Arkansas!!Percent","St. Francis County, Arkansas!!Percent Margin of Error","Saline County, Arkansas!!Estimate","Saline County, Arkansas!!Margin of Error","Saline County, Arkansas!!Percent","Saline County, Arkansas!!Percent Margin of Error","Scott County, Arkansas!!Estimate","Scott County, Arkansas!!Margin of Error","Scott County, Arkansas!!Percent","Scott County, Arkansas!!Percent Margin of Error","Searcy County, Arkansas!!Estimate","Searcy County, Arkansas!!Margin of Error","Searcy County, Arkansas!!Percent","Searcy County, Arkansas!!Percent Margin of Error","Sebastian County, Arkansas!!Estimate","Sebastian County, Arkansas!!Margin of Error","Sebastian County, Arkansas!!Percent","Sebastian County, Arkansas!!Percent Margin of Error","Sevier County, Arkansas!!Estimate","Sevier County, Arkansas!!Margin of Error","Sevier County, Arkansas!!Percent","Sevier County, Arkansas!!Percent Margin of Error","Sharp County, Arkansas!!Estimate","Sharp County, Arkansas!!Margin of Error","Sharp County, Arkansas!!Percent","Sharp County, Arkansas!!Percent Margin of Error","Stone County, Arkansas!!Estimate","Stone County, Arkansas!!Margin of Error","Stone County, Arkansas!!Percent","Stone County, Arkansas!!Percent Margin of Error","Union County, Arkansas!!Estimate","Union County, Arkansas!!Margin of Error","Union County, Arkansas!!Percent","Union County, Arkansas!!Percent Margin of Error","Van Buren County, Arkansas!!Estimate","Van Buren County, Arkansas!!Margin of Error","Van Buren County, Arkansas!!Percent","Van Buren County, Arkansas!!Percent Margin of Error","Washington County, Arkansas!!Estimate","Washington County, Arkansas!!Margin of Error","Washington County, Arkansas!!Percent","Washington County, Arkansas!!Percent Margin of Error","White County, Arkansas!!Estimate","White County, Arkansas!!Margin of Error","White County, Arkansas!!Percent","White County, Arkansas!!Percent Margin of Error","Woodruff County, Arkansas!!Estimate","Woodruff County, Arkansas!!Margin of Error","Woodruff County, Arkansas!!Percent","Woodruff County, Arkansas!!Percent Margin of Error","Yell County, Arkansas!!Estimate","Yell County, Arkansas!!Margin of Error","Yell County, Arkansas!!Percent","Yell County, Arkansas!!Percent Margin of Error"
"SEX AND AGE","","","","","","","","","","","","","","","","","","","","","","","","","","","","","","","","","","","","","","","","","","","","","","","","","","","","","","","","","","","","","","","","","","","","","","","","","","","","","","","","","","","","","","","","","","","","","","","","","","","","","","","","","","","","","","","","","","","","","","","","","","","","","","","","","","","","","","","","","","","","","","","","","","","","","","","","","","","","","","","","","","","","","","","","","","","","","","","","","","","","","","","","","","","","","","","","","","","","","","","","","","","","","","","","","","","","","","","","","","","","","","","","","","","","","","","","","","","","","","","","","","","","","","","","","","","","","","","","","","","","","","","","","","","","","","","","","","","","","","","","","","","","","","","","","","","","","","","","","","","",""
"    Total population","16,773","*****","16,773","(X)","18,722","*****","18,722","(X)","42,150","*****","42,150","(X)","294,541","*****","294,541","(X)","37,896","*****","37,896","(X)","10,354","*****","10,354","(X)","4,717","*****","4,717","(X)","28,526","*****","28,526","(X)","9,997","*****","9,997","(X)","21,378","*****","21,378","(X)","14,399","*****","14,399","(X)","25,048","*****","25,048","(X)","7,491","*****","7,491","(X)","22,527","*****","22,527","(X)","20,872","*****","20,872","(X)","112,097","*****","112,097","(X)","60,792","*****","60,792","(X)","47,609","*****","47,609","(X)","16,681","*****","16,681","(X)","6,351","*****","6,351","(X)","11,041","*****","11,041","(X)","17,143","*****","17,143","(X)","126,001","*****","126,001","(X)","17,220","*****","17,220","(X)","12,239","*****","12,239","(X)","100,062","*****","100,062","(X)","18,111","*****","18,111","(X)","46,182","*****","46,182","(X)","19,778","*****","19,778","(X)","33,142","*****","33,142","(X)","12,701","*****","12,701","(X)","38,120","*****","38,120","(X)","13,866","*****","13,866","(X)","16,775","*****","16,775","(X)","65,780","*****","65,780","(X)","25,932","*****","25,932","(X)","6,211","*****","6,211","(X)","16,265","*****","16,265","(X)","8,511","*****","8,511","(X)","12,966","*****","12,966","(X)","11,959","*****","11,959","(X)","21,240","*****","21,240","(X)","74,747","*****","74,747","(X)","17,032","*****","17,032","(X)","17,076","*****","17,076","(X)","42,588","*****","42,588","(X)","39,749","*****","39,749","(X)","6,681","*****","6,681","(X)","8,571","*****","8,571","(X)","8,228","*****","8,228","(X)","7,175","*****","7,175","(X)","22,317","*****","22,317","(X)","10,073","*****","10,073","(X)","15,910","*****","15,910","(X)","10,182","*****","10,182","(X)","22,740","*****","22,740","(X)","19,348","*****","19,348","(X)","63,830","*****","63,830","(X)","8,162","*****","8,162","(X)","398,949","*****","398,949","(X)","18,733","*****","18,733","(X)","22,740","*****","22,740","(X)","125,724","*****","125,724","(X)","9,839","*****","9,839","(X)","7,861","*****","7,861","(X)","128,448","*****","128,448","(X)","15,797","*****","15,797","(X)","17,597","*****","17,597","(X)","12,474","*****","12,474","(X)","38,368","*****","38,368","(X)","15,936","*****","15,936","(X)","251,863","*****","251,863","(X)","77,395","*****","77,395","(X)","6,157","*****","6,157","(X)","20,195","*****","20,195","(X)"
"        Male","8,198","±112","48.9%","±0.7","8,864","±141","47.3%","±0.8","20,534","±128","48.7%","±0.3","147,765","±167","50.2%","±0.1","18,598","±104","49.1%","±0.3","4,934","±141","47.7%","±1.4","2,410","±60","51.1%","±1.3","14,440","±159","50.6%","±0.6","5,073","±113","50.7%","±1.1","10,201","±108","47.7%","±0.5","7,009","±44","48.7%","±0.3","12,514","±79","50.0%","±0.3","3,564","±126","47.6%","±1.7","10,830","±184","48.1%","±0.8","10,363","±149","49.7%","±0.7","54,657","±133","48.8%","±0.1","29,978","±220","49.3%","±0.4","22,528","±73","47.3%","±0.2","8,068","±113","48.4%","±0.7","3,189","±86","50.2%","±1.4","5,251","±121","47.6%","±1.1","8,345","±167","48.7%","±1.0","61,429","±209","48.8%","±0.2","8,561","±73","49.7%","±0.4","6,008","±103","49.1%","±0.8","48,372","±200","48.3%","±0.2","9,117","±62","50.3%","±0.3","22,897","±198","49.6%","±0.4","9,449","±164","47.8%","±0.8","17,331","±217","52.3%","±0.7","6,078","±112","47.9%","±0.9","19,047","±216","50.0%","±0.6","7,311","±75","52.7%","±0.5","8,428","±121","50.2%","±0.7","32,789","±109","49.8%","±0.2","12,847","±137","49.5%","±0.5","3,198","±87","51.5%","±1.4","8,028","±97","49.4%","±0.6","4,762","±101","56.0%","±1.2","8,194","±124","63.2%","±1.0","5,600","±69","46.8%","±0.6","10,471","±126","49.3%","±0.6","36,944","±138","49.4%","±0.2","8,521","±102","50.0%","±0.6","8,478","±82","49.6%","±0.5","21,239","±165","49.9%","±0.4","19,561","±89","49.2%","±0.2","3,221","±70","48.2%","±1.0","4,397","±97","51.3%","±1.1","4,021","±116","48.9%","±1.4","3,636","±68","50.7%","±1.0","10,761","±92","48.2%","±0.4","5,120","±112","50.8%","±1.1","7,420","±66","46.6%","±0.4","5,010","±94","49.2%","±0.9","11,063","±149","48.6%","±0.7","9,468","±155","48.9%","±0.8","31,644","±200","49.6%","±0.3","4,117","±82","50.4%","±1.0","190,897","±97","47.8%","±0.1","9,404","±95","50.2%","±0.5","12,619","±106","55.5%","±0.5","61,564","±272","49.0%","±0.2","5,192","±123","52.8%","±1.3","3,941","±111","50.1%","±1.4","63,133","±101","49.2%","±0.1","7,940","±110","50.3%","±0.7","8,641","±79","49.1%","±0.4","6,164","±36","49.4%","±0.3","18,742","±107","48.8%","±0.3","8,001","±124","50.2%","±0.8","126,651","±171","50.3%","±0.1","37,828","±176","48.9%","±0.2","3,149","±108","51.1%","±1.7","10,241","±54","50.7%","±0.3"
"        Female","8,575","±112","51.1%","±0.7","9,858","±141","52.7%","±0.8","21,616","±128","51.3%","±0.3","146,776","±167","49.8%","±0.1","19,298","±104","50.9%","±0.3","5,420","±141","52.3%","±1.4","2,307","±60","48.9%","±1.3","14,086","±159","49.4%","±0.6","4,924","±113","49.3%","±1.1","11,177","±108","52.3%","±0.5","7,390","±44","51.3%","±0.3","12,534","±79","50.0%","±0.3","3,927","±126","52.4%","±1.7","11,697","±184","51.9%","±0.8","10,509","±149","50.3%","±0.7","57,440","±133","51.2%","±0.1","30,814","±220","50.7%","±0.4","25,081","±73","52.7%","±0.2","8,613","±113","51.6%","±0.7","3,162","±86","49.8%","±1.4","5,790","±121","52.4%","±1.1","8,798","±167","51.3%","±1.0","64,572","±209","51.2%","±0.2","8,659","±73","50.3%","±0.4","6,231","±103","50.9%","±0.8","51,690","±200","51.7%","±0.2","8,994","±62","49.7%","±0.3","23,285","±198","50.4%","±0.4","10,329","±164","52.2%","±0.8","15,811","±217","47.7%","±0.7","6,623","±112","52.1%","±0.9","19,073","±216","50.0%","±0.6","6,555","±75","47.3%","±0.5","8,347","±121","49.8%","±0.7","32,991","±109","50.2%","±0.2","13,085","±137","50.5%","±0.5","3,013","±87","48.5%","±1.4","8,237","±97","50.6%","±0.6","3,749","±101","44.0%","±1.2","4,772","±124","36.8%","±1.0","6,359","±69","53.2%","±0.6","10,769","±126","50.7%","±0.6","37,803","±138","50.6%","±0.2","8,511","±102","50.0%","±0.6","8,598","±82","50.4%","±0.5","21,349","±165","50.1%","±0.4","20,188","±89","50.8%","±0.2","3,460","±70","51.8%","±1.0","4,174","±97","48.7%","±1.1","4,207","±116","51.1%","±1.4","3,539","±68","49.3%","±1.0","11,556","±92","51.8%","±0.4","4,953","±112","49.2%","±1.1","8,490","±66","53.4%","±0.4","5,172","±94","50.8%","±0.9","11,677","±149","51.4%","±0.7","9,880","±155","51.1%","±0.8","32,186","±200","50.4%","±0.3","4,045","±82","49.6%","±1.0","208,052","±97","52.2%","±0.1","9,329","±95","49.8%","±0.5","10,121","±106","44.5%","±0.5","64,160","±272","51.0%","±0.2","4,647","±123","47.2%","±1.3","3,920","±111","49.9%","±1.4","65,315","±101","50.8%","±0.1","7,857","±110","49.7%","±0.7","8,956","±79","50.9%","±0.4","6,310","±36","50.6%","±0.3","19,626","±107","51.2%","±0.3","7,935","±124","49.8%","±0.8","125,212","±171","49.7%","±0.1","39,567","±176","51.1%","±0.2","3,008","±108","48.9%","±1.7","9,954","±54","49.3%","±0.3"
"        Sex ratio (males per 100 females)","95.6","±2.6","(X)","(X)","89.9","±2.7","(X)","(X)","95.0","±1.2","(X)","(X)","100.7","±0.2","(X)","(X)","96.4","±1.1","(X)","(X)","91.0","±5.0","(X)","(X)","104.5","±5.3","(X)","(X)","102.5","±2.3","(X)","(X)","103.0","±4.7","(X)","(X)","91.3","±1.8","(X)","(X)","94.8","±1.2","(X)","(X)","99.8","±1.3","(X)","(X)","90.8","±6.1","(X)","(X)","92.6","±3.0","(X)","(X)","98.6","±2.8","(X)","(X)","95.2","±0.5","(X)","(X)","97.3","±1.4","(X)","(X)","89.8","±0.6","(X)","(X)","93.7","±2.5","(X)","(X)","100.9","±5.5","(X)","(X)","90.7","±4.0","(X)","(X)","94.9","±3.7","(X)","(X)","95.1","±0.6","(X)","(X)","98.9","±1.7","(X)","(X)","96.4","±3.2","(X)","(X)","93.6","±0.7","(X)","(X)","101.4","±1.4","(X)","(X)","98.3","±1.7","(X)","(X)","91.5","±3.0","(X)","(X)","109.6","±2.9","(X)","(X)","91.8","±3.2","(X)","(X)","99.9","±2.3","(X)","(X)","111.5","±2.4","(X)","(X)","101.0","±2.9","(X)","(X)","99.4","±0.7","(X)","(X)","98.2","±2.1","(X)","(X)","106.1","±5.9","(X)","(X)","97.5","±2.3","(X)","(X)","127.0","±6.1","(X)","(X)","171.7","±7.1","(X)","(X)","88.1","±2.0","(X)","(X)","97.2","±2.3","(X)","(X)","97.7","±0.7","(X)","(X)","100.1","±2.4","(X)","(X)","98.6","±1.9","(X)","(X)","99.5","±1.5","(X)","(X)","96.9","±0.9","(X)","(X)","93.1","±3.9","(X)","(X)","105.3","±4.8","(X)","(X)","95.6","±5.4","(X)","(X)","102.7","±3.9","(X)","(X)","93.1","±1.5","(X)","(X)","103.4","±4.6","(X)","(X)","87.4","±1.5","(X)","(X)","96.9","±3.6","(X)","(X)","94.7","±2.5","(X)","(X)","95.8","±3.1","(X)","(X)","98.3","±1.2","(X)","(X)","101.8","±4.1","(X)","(X)","91.8","±0.1","(X)","(X)","100.8","±2.1","(X)","(X)","124.7","±2.4","(X)","(X)","96.0","±0.8","(X)","(X)","111.7","±5.6","(X)","(X)","100.5","±5.7","(X)","(X)","96.7","±0.3","(X)","(X)","101.1","±2.8","(X)","(X)","96.5","±1.7","(X)","(X)","97.7","±1.1","(X)","(X)","95.5","±1.1","(X)","(X)","100.8","±3.1","(X)","(X)","101.1","±0.3","(X)","(X)","95.6","±0.9","(X)","(X)","104.7","±7.3","(X)","(X)","102.9","±1.1","(X)","(X)"
"        Under 5 years","1,016","±19","6.1%","±0.1","1,141","±34","6.1%","±0.2","1,784","±58","4.2%","±0.1","19,697","±66","6.7%","±0.1","2,043","±63","5.4%","±0.2","626","±4","6.0%","±0.1","172","±32","3.6%","±0.7","1,472","±59","5.2%","±0.2","602","±100","6.0%","±1.0","1,069","±39","5.0%","±0.2","804","±30","5.6%","±0.2","1,078","±60","4.3%","±0.2","297","±18","4.0%","±0.5","1,400","±38","6.2%","±0.2","1,140","±45","5.5%","±0.2","7,579","±66","6.8%","±0.1","3,667","±165","6.0%","±0.3","3,483","±32","7.3%","±0.1","1,049","±37","6.3%","±0.2","315","*****","5.0%","*****","738","±97","6.7%","±0.9","1,003","±29","5.9%","±0.2","7,414","±52","5.9%","±0.1","923","±56","5.4%","±0.3","582","±37","4.8%","±0.3","5,252","±86","5.2%","±0.1","965","±46","5.3%","±0.3","2,919","±93","6.3%","±0.2","1,290","±3","6.5%","±0.1","1,557","±182","4.7%","±0.5","872","±68","6.9%","±0.5","2,342","±143","6.1%","±0.4","579","±37","4.2%","±0.3","841","±5","5.0%","±0.1","3,871","±104","5.9%","±0.2","1,699","±91","6.6%","±0.4","221","±53","3.6%","±0.9","944","±44","5.8%","±0.3","538","±51","6.3%","±0.6","571","±45","4.4%","±0.3","704","±58","5.9%","±0.5","1,244","±73","5.9%","±0.3","4,570","±47","6.1%","±0.1","976","±68","5.7%","±0.4","722","±40","4.2%","±0.2","2,547","±63","6.0%","±0.1","2,791","±8","7.0%","±0.1","411","±64","6.2%","±1.0","395","±20","4.6%","±0.2","485","±94","5.9%","±1.1","314","±11","4.4%","±0.1","1,220","±37","5.5%","±0.2","492","±56","4.9%","±0.6","1,097","±3","6.9%","±0.1","547","±61","5.4%","±0.6","1,438","±80","6.3%","±0.4","1,033","*****","5.3%","*****","3,847","±71","6.0%","±0.1","373","±26","4.6%","±0.3","25,296","*****","6.3%","*****","1,202","±66","6.4%","±0.4","1,390","±18","6.1%","±0.1","7,029","±151","5.6%","±0.1","505","±40","5.1%","±0.4","405","±47","5.2%","±0.6","8,148","*****","6.3%","*****","1,142","±74","7.2%","±0.5","929","±52","5.3%","±0.3","638","±35","5.1%","±0.3","2,287","±114","6.0%","±0.3","712","±55","4.5%","±0.3","15,979","*****","6.3%","*****","4,398","±56","5.7%","±0.1","367","*****","6.0%","*****","1,250","±40","6.2%","±0.2"
"        5 to 9 years","1,151","±207","6.9%","±1.2","857","±174","4.6%","±0.9","2,054","±304","4.9%","±0.7","22,894","±778","7.8%","±0.3","2,424","±258","6.4%","±0.7","652","±120","6.3%","±1.2","180","±54","3.8%","±1.1","2,003","±229","7.0%","±0.8","432","±137","4.3%","±1.4","1,035","±183","4.8%","±0.9","889","±150","6.2%","±1.0","1,302","±170","5.2%","±0.7","332","±86","4.4%","±1.2","1,204","±216","5.3%","±1.0","1,321","±208","6.3%","±1.0","7,979","±473","7.1%","±0.4","4,143","±509","6.8%","±0.8","3,791","±258","8.0%","±0.5","1,222","±163","7.3%","±1.0","306","±78","4.8%","±1.2","790","±180","7.2%","±1.6","925","±153","5.4%","±0.9","8,196","±540","6.5%","±0.4","1,064","±184","6.2%","±1.1","546","±124","4.5%","±1.0","5,937","±521","5.9%","±0.5","814","±205","4.5%","±1.1","2,941","±316","6.4%","±0.7","1,512","±218","7.6%","±1.1","1,832","±291","5.5%","±0.9","810","±135","6.4%","±1.1","2,348","±216","6.2%","±0.6","649","±148","4.7%","±1.1","921","±172","5.5%","±1.0","4,228","±301","6.4%","±0.5","1,780","±253","6.9%","±1.0","317","±89","5.1%","±1.4","896","±168","5.5%","±1.0","307","±87","3.6%","±1.0","598","±117","4.6%","±0.9","758","±147","6.3%","±1.2","945","±183","4.4%","±0.9","4,864","±436","6.5%","±0.6","1,128","±158","6.6%","±0.9","894","±111","5.2%","±0.7","2,569","±284","6.0%","±0.7","3,057","±270","7.7%","±0.7","616","±101","9.2%","±1.5","308","±78","3.6%","±0.9","560","±149","6.8%","±1.8","308","±100","4.3%","±1.4","1,138","±207","5.1%","±0.9","780","±111","7.7%","±1.1","1,073","±182","6.7%","±1.1","685","±106","6.7%","±1.0","1,342","±176","5.9%","±0.8","1,411","±151","7.3%","±0.8","4,273","±353","6.7%","±0.6","371","±94","4.5%","±1.1","25,987","±1,231","6.5%","±0.3","1,031","±190","5.5%","±1.0","1,543","±221","6.8%","±1.0","8,266","±499","6.6%","±0.4","647","±175","6.6%","±1.8","482","±89","6.1%","±1.1","8,757","±609","6.8%","±0.5","1,266","±162","8.0%","±1.0","925","±133","5.3%","±0.8","676","±134","5.4%","±1.1","2,373","±322","6.2%","±0.8","1,003","±151","6.3%","±0.9","17,021","±784","6.8%","±0.3","4,259","±427","5.5%","±0.6","319","±85","5.2%","±1.4","1,525","±228","7.6%","±1.1"
"        10 to 14 years","1,196","±205","7.1%","±1.2","1,472","±179","7.9%","±1.0","2,147","±302","5.1%","±0.7","20,058","±772","6.8%","±0.3","2,524","±258","6.7%","±0.7","945","±131","9.1%","±1.3","330","±73","7.0%","±1.6","1,573","±231","5.5%","±0.8","816","±159","8.2%","±1.6","1,398","±193","6.5%","±0.9","839","±142","5.8%","±1.0","1,431","±187","5.7%","±0.7","599","±98","8.0%","±1.3","1,492","±205","6.6%","±0.9","1,534","±201","7.3%","±1.0","7,974","±483","7.1%","±0.4","4,197","±494","6.9%","±0.8","3,462","±276","7.3%","±0.6","1,060","±154","6.4%","±0.9","319","±69","5.0%","±1.1","766","±166","6.9%","±1.5","1,135","±160","6.6%","±0.9","7,933","±550","6.3%","±0.4","1,134","±193","6.6%","±1.1","858","±107","7.0%","±0.9","5,223","±523","5.2%","±0.5","1,376","±185","7.6%","±1.0","3,226","±308","7.0%","±0.7","1,405","±217","7.1%","±1.1","1,848","±284","5.6%","±0.9","1,027","±145","8.1%","±1.1","2,956","±249","7.8%","±0.7","728","±148","5.3%","±1.1","846","±149","5.0%","±0.9","3,607","±309","5.5%","±0.5","1,727","±250","6.7%","±1.0","362","±79","5.8%","±1.3","1,135","±167","7.0%","±1.0","527","±88","6.2%","±1.0","599","±128","4.6%","±1.0","815","±135","6.8%","±1.1","1,561","±161","7.3%","±0.8","5,875","±433","7.9%","±0.6","1,155","±161","6.8%","±0.9","1,021","±124","6.0%","±0.7","3,218","±305","7.6%","±0.7","2,708","±276","6.8%","±0.7","364","±110","5.4%","±1.6","591","±78","6.9%","±0.9","569","±133","6.9%","±1.6","439","±106","6.1%","±1.5","1,692","±207","7.6%","±0.9","482","±115","4.8%","±1.1","1,369","±189","8.6%","±1.2","573","±99","5.6%","±1.0","1,730","±190","7.6%","±0.8","1,121","±149","5.8%","±0.8","4,215","±366","6.6%","±0.6","496","±82","6.1%","±1.0","26,627","±1,232","6.7%","±0.3","1,554","±194","8.3%","±1.0","1,094","±221","4.8%","±1.0","8,665","±525","6.9%","±0.4","732","±189","7.4%","±1.9","396","±90","5.0%","±1.1","8,372","±608","6.5%","±0.5","1,323","±180","8.4%","±1.1","1,068","±139","6.1%","±0.8","692","±133","5.5%","±1.1","2,946","±310","7.7%","±0.8","700","±153","4.4%","±1.0","16,516","±785","6.6%","±0.3","6,101","±428","7.9%","±0.6","361","±65","5.9%","±1.1","1,220","±228","6.0%","±1.1"
"        15 to 19 years","896","±187","5.3%","±1.1","1,210","±142","6.5%","±0.8","2,262","±94","5.4%","±0.2","20,238","±186","6.9%","±0.1","2,402","±103","6.3%","±0.3","633","±183","6.1%","±1.8","361","±86","7.7%","±1.8","1,997","±192","7.0%","±0.7","612","±118","6.1%","±1.2","2,464","±268","11.5%","±1.3","842","±85","5.8%","±0.6","1,379","±65","5.5%","±0.3","608","±118","8.1%","±1.6","2,065","±249","9.2%","±1.1","1,066","±125","5.1%","±0.6","8,444","±336","7.5%","±0.3","4,002","±179","6.6%","±0.3","3,456","±104","7.3%","±0.2","1,068","±101","6.4%","±0.6","470","±76","7.4%","±1.2","681","±93","6.2%","±0.8","1,826","±293","10.7%","±1.7","9,808","±160","7.8%","±0.1","1,105","±48","6.4%","±0.3","763","±106","6.2%","±0.9","5,589","±166","5.6%","±0.2","1,152","±72","6.4%","±0.4","3,121","±175","6.8%","±0.4","1,126","±130","5.7%","±0.7","1,868","±194","5.6%","±0.6","898","±156","7.1%","±1.2","2,766","±177","7.3%","±0.5","717","±37","5.2%","±0.3","1,116","±172","6.7%","±1.0","4,593","±123","7.0%","±0.2","1,956","±142","7.5%","±0.5","399","±89","6.4%","±1.4","1,193","±74","7.3%","±0.5","463","±86","5.4%","±1.0","539","±114","4.2%","±0.9","616","±96","5.2%","±0.8","1,177","±55","5.5%","±0.3","4,927","±112","6.6%","±0.2","1,043","±90","6.1%","±0.5","810","±31","4.7%","±0.2","2,879","±261","6.8%","±0.6","2,723","±103","6.9%","±0.3","250","±80","3.7%","±1.2","385","±62","4.5%","±0.7","448","±142","5.4%","±1.7","430","±80","6.0%","±1.1","1,444","±185","6.5%","±0.8","621","±56","6.2%","±0.6","1,091","±115","6.9%","±0.7","694","±83","6.8%","±0.8","1,520","±102","6.7%","±0.5","1,211","±75","6.3%","±0.4","5,030","±224","7.9%","±0.4","565","±101","6.9%","±1.2","24,461","±85","6.1%","±0.1","1,187","±60","6.3%","±0.3","1,417","±170","6.2%","±0.7","8,070","±256","6.4%","±0.2","618","±91","6.3%","±0.9","428","±90","5.4%","±1.1","8,284","±132","6.4%","±0.1","1,245","±145","7.9%","±0.9","1,067","±77","6.1%","±0.4","673","±101","5.4%","±0.8","2,423","±189","6.3%","±0.5","959","±94","6.0%","±0.6","21,837","±286","8.7%","±0.1","5,980","±177","7.7%","±0.2","483","±108","7.8%","±1.8","1,229","±94","6.1%","±0.5"
"        20 to 24 years","874","±151","5.2%","±0.9","994","±242","5.3%","±1.3","1,746","±64","4.1%","±0.2","17,123","±191","5.8%","±0.1","1,937","±72","5.1%","±0.2","566","±114","5.5%","±1.1","288","±75","6.1%","±1.6","1,138","±115","4.0%","±0.4","558","±147","5.6%","±1.5","3,035","±250","14.2%","±1.2","757","±81","5.3%","±0.6","1,155","±67","4.6%","±0.3","282","±104","3.8%","±1.4","2,280","±338","10.1%","±1.5","1,234","±161","5.9%","±0.8","8,409","±340","7.5%","±0.3","3,400","±179","5.6%","±0.3","2,984","±50","6.3%","±0.1","822","±112","4.9%","±0.7","342","±96","5.4%","±1.5","563","±104","5.1%","±0.9","1,286","±245","7.5%","±1.4","14,200","±224","11.3%","±0.2","898","±53","5.2%","±0.3","534","±113","4.4%","±0.9","5,137","±196","5.1%","±0.2","1,081","±119","6.0%","±0.7","2,742","±110","5.9%","±0.2","1,215","±196","6.1%","±1.0","2,045","±260","6.2%","±0.8","682","±163","5.4%","±1.3","2,345","±147","6.2%","±0.4","680","±60","4.9%","±0.4","1,079","±138","6.4%","±0.8","4,532","±75","6.9%","±0.1","1,450","±148","5.6%","±0.6","417","±74","6.7%","±1.2","1,169","±66","7.2%","±0.4","631","±116","7.4%","±1.4","858","±144","6.6%","±1.1","609","±134","5.1%","±1.1","1,103","±86","5.2%","±0.4","4,240","±134","5.7%","±0.2","766","±24","4.5%","±0.1","610","±24","3.6%","±0.1","2,504","±197","5.9%","±0.5","2,543","±114","6.4%","±0.3","308","±115","4.6%","±1.7","386","±65","4.5%","±0.8","562","±114","6.8%","±1.4","457","±50","6.4%","±0.7","1,162","±173","5.2%","±0.8","460","±13","4.6%","±0.1","848","±134","5.3%","±0.8","592","±70","5.8%","±0.7","1,255","±93","5.5%","±0.4","1,027","±62","5.3%","±0.3","4,965","±230","7.8%","±0.4","425","±102","5.2%","±1.2","26,061","±118","6.5%","±0.1","982","±64","5.2%","±0.3","1,153","±169","5.1%","±0.7","6,577","±216","5.2%","±0.2","429","±83","4.4%","±0.8","408","±85","5.2%","±1.1","8,454","±132","6.6%","±0.1","1,223","±169","7.7%","±1.1","857","±48","4.9%","±0.3","655","±101","5.3%","±0.8","2,133","±213","5.6%","±0.6","674","±83","4.2%","±0.5","26,094","±313","10.4%","±0.1","5,700","±181","7.4%","±0.2","266","±57","4.3%","±0.9","1,212","±107","6.0%","±0.5"
"        25 to 34 years","1,941","±159","11.6%","±0.9","2,083","±289","11.1%","±1.5","3,930","±83","9.3%","±0.2","43,321","±134","14.7%","±0.1","4,562","±138","12.0%","±0.4","1,236","±165","11.9%","±1.6","531","±109","11.3%","±2.3","2,982","±196","10.5%","±0.7","1,090","±236","10.9%","±2.4","2,337","±164","10.9%","±0.8","1,793","±72","12.5%","±0.5","2,366","±63","9.4%","±0.3","797","±106","10.6%","±1.4","2,899","±327","12.9%","±1.4","2,424","±148","11.6%","±0.7","16,579","±249","14.8%","±0.2","7,649","±304","12.6%","±0.5","6,140","±78","12.9%","±0.2","1,933","±113","11.6%","±0.7","714","±107","11.2%","±1.7","1,179","±173","10.7%","±1.6","1,909","±252","11.1%","±1.5","17,335","±203","13.8%","±0.2","1,858","±63","10.8%","±0.4","1,119","±36","9.1%","±0.3","10,894","±173","10.9%","±0.2","2,302","±84","12.7%","±0.5","6,355","±189","13.8%","±0.4","2,182","±221","11.0%","±1.1","4,314","±252","13.0%","±0.8","1,143","±121","9.0%","±1.0","4,345","±128","11.4%","±0.3","1,615","±92","11.6%","±0.7","2,339","±157","13.9%","±0.9","8,398","±106","12.8%","±0.2","3,117","±178","12.0%","±0.7","355","±84","5.7%","±1.4","1,876","±52","11.5%","±0.3","1,010","±165","11.9%","±1.9","2,235","±191","17.2%","±1.5","1,403","±161","11.7%","±1.3","2,415","±89","11.4%","±0.4","10,410","±242","13.9%","±0.3","2,150","±137","12.6%","±0.8","1,575","±74","9.2%","±0.4","5,357","±270","12.6%","±0.6","5,204","±87","13.1%","±0.2","685","±135","10.3%","±2.0","907","±42","10.6%","±0.5","589","±116","7.2%","±1.4","559","±45","7.8%","±0.6","2,334","±66","10.5%","±0.3","1,064","±54","10.6%","±0.5","1,568","±158","9.9%","±1.0","1,098","±86","10.8%","±0.8","2,805","±135","12.3%","±0.6","1,947","±77","10.1%","±0.4","8,286","±351","13.0%","±0.5","857","±57","10.5%","±0.7","57,525","±84","14.4%","±0.1","2,313","±80","12.3%","±0.4","3,320","±78","14.6%","±0.3","15,291","±312","12.2%","±0.2","1,077","±58","10.9%","±0.6","725","±102","9.2%","±1.3","17,226","*****","13.4%","*****","1,744","±214","11.0%","±1.4","1,671","±65","9.5%","±0.4","1,183","±46","9.5%","±0.4","4,513","±145","11.8%","±0.4","1,354","±55","8.5%","±0.3","37,228","±310","14.8%","±0.1","9,577","±280","12.4%","±0.4","556","±75","9.0%","±1.2","2,407","±154","11.9%","±0.8"
"        35 to 44 years","1,968","±188","11.7%","±1.1","1,997","±185","10.7%","±1.0","4,269","±82","10.1%","±0.2","43,722","±139","14.8%","±0.1","4,365","±96","11.5%","±0.3","1,259","±227","12.2%","±2.2","506","±117","10.7%","±2.5","3,261","±165","11.4%","±0.6","1,068","±184","10.7%","±1.8","2,082","±135","9.7%","±0.6","1,547","±35","10.7%","±0.2","2,751","±118","11.0%","±0.5","954","±78","12.7%","±1.0","2,222","±149","9.9%","±0.7","2,289","±104","11.0%","±0.5","14,948","±195","13.3%","±0.2","7,631","±184","12.6%","±0.3","5,720","±78","12.0%","±0.2","2,158","±146","12.9%","±0.9","725","±90","11.4%","±1.4","1,246","±135","11.3%","±1.2","1,871","±169","10.9%","±1.0","16,302","±232","12.9%","±0.2","2,082","±97","12.1%","±0.6","1,250","±59","10.2%","±0.5","11,581","±153","11.6%","±0.2","2,229","±45","12.3%","±0.2","5,910","±189","12.8%","±0.4","2,202","±244","11.1%","±1.2","4,176","±199","12.6%","±0.6","2,035","±161","16.0%","±1.3","4,710","±227","12.4%","±0.6","1,576","±58","11.4%","±0.4","2,470","±132","14.7%","±0.8","8,031","±168","12.2%","±0.3","3,042","±174","11.7%","±0.7","849","±102","13.7%","±1.6","1,834","±31","11.3%","±0.2","1,162","±206","13.7%","±2.4","2,158","±141","16.6%","±1.1","1,498","±137","12.5%","±1.1","2,509","±132","11.8%","±0.6","10,521","±199","14.1%","±0.3","1,875","±105","11.0%","±0.6","1,663","±59","9.7%","±0.3","5,577","±184","13.1%","±0.4","4,891","±69","12.3%","±0.2","687","±111","10.3%","±1.7","782","±43","9.1%","±0.5","1,113","±141","13.5%","±1.7","733","±26","10.2%","±0.4","2,654","±72","11.9%","±0.3","1,285","±92","12.8%","±0.9","1,799","±117","11.3%","±0.7","1,226","±113","12.0%","±1.1","2,551","±112","11.2%","±0.5","2,049","±87","10.6%","±0.5","7,607","±199","11.9%","±0.3","867","±53","10.6%","±0.7","52,082","*****","13.1%","*****","2,183","±75","11.7%","±0.4","3,136","±82","13.8%","±0.4","17,511","±289","13.9%","±0.2","1,110","±97","11.3%","±1.0","776","±40","9.9%","±0.5","15,874","±102","12.4%","±0.1","1,961","±138","12.4%","±0.9","1,796","±77","10.2%","±0.4","1,217","±31","9.8%","±0.3","4,607","±161","12.0%","±0.4","1,662","±51","10.4%","±0.3","33,661","±346","13.4%","±0.1","9,109","±253","11.8%","±0.3","737","±81","12.0%","±1.3","2,375","±179","11.8%","±0.9"
"        45 to 54 years","2,008","±137","12.0%","±0.8","2,372","±123","12.7%","±0.7","4,567","±98","10.8%","±0.2","35,828","±148","12.2%","±0.1","4,597","±105","12.1%","±0.3","1,245","±144","12.0%","±1.4","560","±85","11.9%","±1.8","3,256","±122","11.4%","±0.4","1,218","±105","12.2%","±1.1","2,110","±111","9.9%","±0.5","1,778","±52","12.3%","±0.4","2,777","±45","11.1%","±0.2","913","±68","12.2%","±0.9","2,409","±148","10.7%","±0.7","2,647","±113","12.7%","±0.5","12,531","±126","11.2%","±0.1","7,301","±196","12.0%","±0.3","5,562","±76","11.7%","±0.2","2,044","±112","12.3%","±0.7","628","±102","9.9%","±1.6","1,387","±122","12.6%","±1.1","1,925","±115","11.2%","±0.7","13,914","±217","11.0%","±0.2","2,266","±103","13.2%","±0.6","1,446","±44","11.8%","±0.4","11,790","±89","11.8%","±0.1","2,339","±78","12.9%","±0.4","5,909","±146","12.8%","±0.3","2,427","±221","12.3%","±1.1","4,441","±222","13.4%","±0.7","1,272","±99","10.0%","±0.8","4,612","±215","12.1%","±0.6","1,745","±47","12.6%","±0.3","2,017","±109","12.0%","±0.7","7,743","±98","11.8%","±0.1","3,191","±186","12.3%","±0.7","702","±98","11.3%","±1.6","1,901","±27","11.7%","±0.2","1,073","±139","12.6%","±1.6","1,948","±159","15.0%","±1.2","1,380","±115","11.5%","±1.0","2,760","±83","13.0%","±0.4","9,440","±154","12.6%","±0.2","2,199","±110","12.9%","±0.6","1,873","±47","11.0%","±0.3","5,220","±85","12.3%","±0.2","4,561","±62","11.5%","±0.2","748","±128","11.2%","±1.9","1,010","±33","11.8%","±0.4","982","±131","11.9%","±1.6","849","±49","11.8%","±0.7","2,618","±63","11.7%","±0.3","1,327","±65","13.2%","±0.6","1,660","±65","10.4%","±0.4","1,309","±94","12.9%","±0.9","2,891","±101","12.7%","±0.4","2,302","±61","11.9%","±0.3","7,324","±225","11.5%","±0.4","1,074","±81","13.2%","±1.0","46,807","*****","11.7%","*****","2,175","±69","11.6%","±0.4","2,802","±62","12.3%","±0.3","15,749","±238","12.5%","±0.2","1,174","±86","11.9%","±0.9","968","±36","12.3%","±0.5","15,447","±101","12.0%","±0.1","1,758","±174","11.1%","±1.1","2,109","±60","12.0%","±0.3","1,335","±43","10.7%","±0.3","4,705","±172","12.3%","±0.4","1,975","±68","12.4%","±0.4","27,622","±266","11.0%","±0.1","9,234","±209","11.9%","±0.3","722","±57","11.7%","±0.9","2,464","±135","12.2%","±0.7"
"        55 to 59 years","1,169","±188","7.0%","±1.1","1,080","±159","5.8%","±0.8","2,636","±387","6.3%","±0.9","16,520","±792","5.6%","±0.3","2,341","±333","6.2%","±0.9","566","±106","5.5%","±1.0","488","±98","10.3%","±2.1","1,777","±220","6.2%","±0.8","599","±91","6.0%","±0.9","1,220","±151","5.7%","±0.7","874","±135","6.1%","±0.9","2,071","±202","8.3%","±0.8","530","±137","7.1%","±1.8","1,340","±197","5.9%","±0.9","1,653","±195","7.9%","±0.9","6,531","±452","5.8%","±0.4","4,032","±440","6.6%","±0.7","2,745","±295","5.8%","±0.6","1,111","±162","6.7%","±1.0","490","±97","7.7%","±1.5","736","±121","6.7%","±1.1","925","±187","5.4%","±1.1","7,216","±611","5.7%","±0.5","1,137","±145","6.6%","±0.8","940","±159","7.7%","±1.3","6,814","±556","6.8%","±0.6","1,294","±201","7.1%","±1.1","2,589","±326","5.6%","±0.7","1,379","±165","7.0%","±0.8","2,145","±283","6.5%","±0.9","725","±139","5.7%","±1.1","2,498","±347","6.6%","±0.9","1,066","±157","7.7%","±1.1","1,124","±125","6.7%","±0.7","4,581","±408","7.0%","±0.6","1,634","±213","6.3%","±0.8","561","±100","9.0%","±1.6","1,099","±140","6.8%","±0.9","569","±119","6.7%","±1.4","599","±104","4.6%","±0.8","778","±105","6.5%","±0.9","1,600","±209","7.5%","±1.0","4,158","±430","5.6%","±0.6","1,291","±205","7.6%","±1.2","1,390","±175","8.1%","±1.0","2,697","±301","6.3%","±0.7","2,769","±332","7.0%","±0.8","543","±95","8.1%","±1.4","721","±173","8.4%","±2.0","571","±126","6.9%","±1.5","408","±106","5.7%","±1.5","1,656","±219","7.4%","±1.0","629","±135","6.2%","±1.3","1,187","±155","7.5%","±1.0","570","±95","5.6%","±0.9","1,612","±161","7.1%","±0.7","1,188","±230","6.1%","±1.2","3,945","±338","6.2%","±0.5","544","±90","6.7%","±1.1","24,444","±912","6.1%","±0.2","1,043","±260","5.6%","±1.4","1,416","±183","6.2%","±0.8","7,629","±491","6.1%","±0.4","778","±128","7.9%","±1.3","482","±97","6.1%","±1.2","8,010","±538","6.2%","±0.4","1,054","±153","6.7%","±1.0","1,489","±179","8.5%","±1.0","888","±198","7.1%","±1.6","2,308","±233","6.0%","±0.6","1,416","±146","8.9%","±0.9","14,012","±684","5.6%","±0.3","4,861","±500","6.3%","±0.6","465","±75","7.6%","±1.2","1,612","±201","8.0%","±1.0"
"        60 to 64 years","1,212","±190","7.2%","±1.1","1,524","±161","8.1%","±0.9","3,657","±371","8.7%","±0.9","14,983","±792","5.1%","±0.3","2,758","±343","7.3%","±0.9","707","±108","6.8%","±1.0","277","±80","5.9%","±1.7","2,427","±203","8.5%","±0.7","836","±91","8.4%","±0.9","1,158","±152","5.4%","±0.7","1,137","±138","7.9%","±1.0","1,909","±201","7.6%","±0.8","612","±120","8.2%","±1.6","1,317","±198","5.8%","±0.9","1,472","±195","7.1%","±0.9","5,732","±453","5.1%","±0.4","4,147","±423","6.8%","±0.7","3,205","±288","6.7%","±0.6","1,117","±161","6.7%","±1.0","456","±97","7.2%","±1.5","786","±121","7.1%","±1.1","1,261","±198","7.4%","±1.2","6,759","±606","5.4%","±0.5","1,259","±156","7.3%","±0.9","1,027","±170","8.4%","±1.4","7,541","±535","7.5%","±0.5","1,272","±195","7.0%","±1.1","3,005","±328","6.5%","±0.7","1,348","±167","6.8%","±0.8","2,375","±296","7.2%","±0.9","907","±153","7.1%","±1.2","2,526","±329","6.6%","±0.9","1,038","±160","7.5%","±1.2","1,021","±125","6.1%","±0.7","4,261","±399","6.5%","±0.6","1,979","±266","7.6%","±1.0","452","±98","7.3%","±1.6","1,139","±127","7.0%","±0.8","528","±123","6.2%","±1.4","919","±106","7.1%","±0.8","864","±99","7.2%","±0.8","1,641","±221","7.7%","±1.0","4,988","±420","6.7%","±0.6","1,156","±197","6.8%","±1.2","1,549","±176","9.1%","±1.0","2,865","±301","6.7%","±0.7","2,453","±323","6.2%","±0.8","515","±90","7.7%","±1.3","772","±155","9.0%","±1.8","609","±132","7.4%","±1.6","738","±115","10.3%","±1.6","1,682","±217","7.5%","±1.0","866","±138","8.6%","±1.4","1,014","±154","6.4%","±1.0","800","±103","7.9%","±1.0","1,422","±160","6.3%","±0.7","1,700","±219","8.8%","±1.1","4,046","±357","6.3%","±0.6","667","±136","8.2%","±1.7","24,827","±912","6.2%","±0.2","1,421","±259","7.6%","±1.4","1,458","±187","6.4%","±0.8","8,102","±511","6.4%","±0.4","687","±131","7.0%","±1.3","769","±96","9.8%","±1.2","8,369","±538","6.5%","±0.4","827","±155","5.2%","±1.0","1,206","±166","6.9%","±0.9","1,055","±185","8.5%","±1.5","2,819","±220","7.3%","±0.6","1,222","±136","7.7%","±0.9","11,393","±672","4.5%","±0.3","5,359","±476","6.9%","±0.6","380","±75","6.2%","±1.2","1,356","±206","6.7%","±1.0"
"        65 to 74 years","2,040","±80","12.2%","±0.5","2,272","±69","12.1%","±0.4","6,885","±101","16.3%","±0.2","23,818","±175","8.1%","±0.1","4,586","±61","12.1%","±0.2","1,116","±51","10.8%","±0.5","557","±54","11.8%","±1.1","4,028","±64","14.1%","±0.2","1,242","±2","12.4%","±0.1","2,028","±69","9.5%","±0.3","1,713","±41","11.9%","±0.3","3,731","±67","14.9%","±0.3","925","±47","12.3%","±0.6","2,189","±22","9.7%","±0.1","2,365","±93","11.3%","±0.4","9,005","±203","8.0%","±0.2","6,190","±116","10.2%","±0.2","4,291","±52","9.0%","±0.1","1,769","±82","10.6%","±0.5","926","±43","14.6%","±0.7","1,296","±20","11.7%","±0.3","1,825","±70","10.6%","±0.4","10,083","±85","8.0%","±0.1","2,021","±58","11.7%","±0.3","1,738","±33","14.2%","±0.3","13,984","±137","14.0%","±0.1","1,885","±46","10.4%","±0.3","4,237","±33","9.2%","±0.1","2,143","±176","10.8%","±0.9","3,874","±133","11.7%","±0.4","1,274","±57","10.0%","±0.4","3,884","±91","10.2%","±0.2","1,894","±36","13.7%","±0.3","1,819","±50","10.8%","±0.3","7,360","±85","11.2%","±0.1","2,606","±129","10.0%","±0.5","921","±48","14.8%","±0.8","1,724","±35","10.6%","±0.2","948","±10","11.1%","±0.1","1,168","±44","9.0%","±0.3","1,469","±63","12.3%","±0.5","2,530","±72","11.9%","±0.3","6,595","±83","8.8%","±0.1","1,988","±30","11.7%","±0.2","2,997","±67","17.6%","±0.4","4,282","±90","10.1%","±0.2","3,754","±28","9.4%","±0.1","903","±44","13.5%","±0.7","1,334","±38","15.6%","±0.4","931","±64","11.3%","±0.8","1,147","±33","16.0%","±0.5","2,867","±41","12.8%","±0.2","1,220","±42","12.1%","±0.4","1,953","±35","12.3%","±0.2","1,220","±55","12.0%","±0.5","2,453","±52","10.8%","±0.2","2,489","±34","12.9%","±0.2","5,901","±100","9.2%","±0.2","1,004","±65","12.3%","±0.8","40,076","±105","10.0%","±0.1","2,031","±50","10.8%","±0.3","2,563","±84","11.3%","±0.4","12,999","±199","10.3%","±0.2","1,178","±82","12.0%","±0.8","1,181","±42","15.0%","±0.5","12,773","±171","9.9%","±0.1","1,427","±103","9.0%","±0.6","2,582","±48","14.7%","±0.3","1,937","±36","15.5%","±0.3","4,318","±77","11.3%","±0.2","2,374","±57","14.9%","±0.4","18,348","±164","7.3%","±0.1","7,497","±174","9.7%","±0.2","906","±15","14.7%","±0.2","2,084","±75","10.3%","±0.4"
"        75 to 84 years","931","±140","5.6%","±0.8","1,106","±151","5.9%","±0.8","4,616","±227","11.0%","±0.5","12,060","±439","4.1%","±0.1","2,419","±170","6.4%","±0.4","542","±92","5.2%","±0.9","340","±61","7.2%","±1.3","2,019","±155","7.1%","±0.5","620","±91","6.2%","±0.9","1,159","±103","5.4%","±0.5","1,052","±110","7.3%","±0.8","2,322","±161","9.3%","±0.6","385","±95","5.1%","±1.3","1,109","±151","4.9%","±0.7","1,324","±131","6.3%","±0.6","4,567","±363","4.1%","±0.3","3,480","±239","5.7%","±0.4","2,177","±157","4.6%","±0.3","1,110","±118","6.7%","±0.7","388","±84","6.1%","±1.3","665","±71","6.0%","±0.6","1,062","±95","6.2%","±0.6","5,384","±276","4.3%","±0.2","985","±130","5.7%","±0.8","1,166","±87","9.5%","±0.7","7,879","±342","7.9%","±0.3","1,071","±142","5.9%","±0.8","2,492","±195","5.4%","±0.4","1,305","±140","6.6%","±0.7","2,136","±178","6.4%","±0.5","821","±117","6.5%","±0.9","1,956","±207","5.1%","±0.5","1,189","±127","8.6%","±0.9","887","±113","5.3%","±0.7","3,563","±220","5.4%","±0.3","1,320","±130","5.1%","±0.5","508","±67","8.2%","±1.1","890","±120","5.5%","±0.7","502","±79","5.9%","±0.9","616","±67","4.8%","±0.5","840","±109","7.0%","±0.9","1,324","±119","6.2%","±0.6","2,936","±182","3.9%","±0.2","1,047","±92","6.1%","±0.5","1,592","±157","9.3%","±0.9","2,365","±147","5.6%","±0.3","1,688","±135","4.2%","±0.3","390","±82","5.8%","±1.2","779","±71","9.1%","±0.8","512","±85","6.2%","±1.0","687","±65","9.6%","±0.9","1,237","±139","5.5%","±0.6","637","±96","6.3%","±1.0","1,017","±88","6.4%","±0.6","650","±62","6.4%","±0.6","1,191","±128","5.2%","±0.6","1,483","±132","7.7%","±0.7","3,054","±281","4.8%","±0.4","644","±99","7.9%","±1.2","16,807","±661","4.2%","±0.2","1,207","±147","6.4%","±0.8","1,068","±111","4.7%","±0.5","7,878","±376","6.3%","±0.3","754","±92","7.7%","±0.9","644","±94","8.2%","±1.2","5,841","±413","4.5%","±0.3","677","±92","4.3%","±0.6","1,293","±133","7.3%","±0.8","1,134","±159","9.1%","±1.3","2,059","±227","5.4%","±0.6","1,463","±153","9.2%","±1.0","9,236","±332","3.7%","±0.1","4,091","±240","5.3%","±0.3","451","±57","7.3%","±0.9","983","±104","4.9%","±0.5"
"        85 years and over","371","±115","2.2%","±0.7","614","±158","3.3%","±0.8","1,597","±203","3.8%","±0.5","4,279","±424","1.5%","±0.1","938","±166","2.5%","±0.4","261","±90","2.5%","±0.9","127","±59","2.7%","±1.3","593","±153","2.1%","±0.5","304","±76","3.0%","±0.8","283","±91","1.3%","±0.4","374","±102","2.6%","±0.7","776","±159","3.1%","±0.6","257","±88","3.4%","±1.2","601","±158","2.7%","±0.7","403","±117","1.9%","±0.6","1,819","±314","1.6%","±0.3","953","±218","1.6%","±0.4","593","±149","1.2%","±0.3","218","±87","1.3%","±0.5","272","±70","4.3%","±1.1","208","±60","1.9%","±0.5","190","±85","1.1%","±0.5","1,457","±276","1.2%","±0.2","488","±122","2.8%","±0.7","270","±73","2.2%","±0.6","2,441","±310","2.4%","±0.3","331","±130","1.8%","±0.7","736","±178","1.6%","±0.4","244","±91","1.2%","±0.5","531","±117","1.6%","±0.4","235","±90","1.9%","±0.7","832","±202","2.2%","±0.5","390","±121","2.8%","±0.9","295","±106","1.8%","±0.6","1,012","±219","1.5%","±0.3","431","±122","1.7%","±0.5","147","±68","2.4%","±1.1","465","±117","2.9%","±0.7","253","±79","3.0%","±0.9","158","±64","1.2%","±0.5","225","±97","1.9%","±0.8","431","±106","2.0%","±0.5","1,223","±170","1.6%","±0.2","258","±94","1.5%","±0.6","380","±151","2.2%","±0.9","508","±123","1.2%","±0.3","607","±134","1.5%","±0.3","261","±75","3.9%","±1.1","201","±73","2.3%","±0.9","297","±85","3.6%","±1.0","106","±63","1.5%","±0.9","613","±129","2.7%","±0.6","210","±80","2.1%","±0.8","234","±85","1.5%","±0.5","218","±63","2.1%","±0.6","530","±124","2.3%","±0.5","387","±113","2.0%","±0.6","1,337","±262","2.1%","±0.4","275","±106","3.4%","±1.3","7,949","±662","2.0%","±0.2","404","±141","2.2%","±0.8","380","±111","1.7%","±0.5","1,958","±309","1.6%","±0.2","150","±72","1.5%","±0.7","197","±88","2.5%","±1.1","2,893","±394","2.3%","±0.3","150","±65","0.9%","±0.4","605","±131","3.4%","±0.7","391","±157","3.1%","±1.3","877","±229","2.3%","±0.6","422","±133","2.6%","±0.8","2,916","±340","1.2%","±0.1","1,229","±220","1.6%","±0.3","144","±58","2.3%","±0.9","478","±99","2.4%","±0.5"
"        Median age (years)","41.0","±0.9","(X)","(X)","42.7","±0.5","(X)","(X)","51.9","±0.5","(X)","(X)","35.8","±0.1","(X)","(X)","41.3","±0.8","(X)","(X)","38.5","±2.3","(X)","(X)","44.8","±4.0","(X)","(X)","44.7","±0.4","(X)","(X)","42.9","±2.1","(X)","(X)","31.9","±0.6","(X)","(X)","42.6","±0.4","(X)","(X)","49.5","±0.3","(X)","(X)","43.7","±1.6","(X)","(X)","34.5","±1.5","(X)","(X)","42.6","±0.5","(X)","(X)","34.5","±0.1","(X)","(X)","39.1","±0.8","(X)","(X)","36.0","±0.4","(X)","(X)","40.6","±0.6","(X)","(X)","44.5","±2.8","(X)","(X)","41.2","±1.7","(X)","(X)","37.7","±1.3","(X)","(X)","34.0","±0.2","(X)","(X)","42.4","±0.9","(X)","(X)","48.6","±1.5","(X)","(X)","45.3","±0.1","(X)","(X)","40.2","±1.3","(X)","(X)","37.8","±0.7","(X)","(X)","41.1","±0.7","(X)","(X)","43.0","±0.7","(X)","(X)","39.4","±0.7","(X)","(X)","39.0","±0.5","(X)","(X)","47.5","±0.4","(X)","(X)","40.4","±0.5","(X)","(X)","39.5","±0.4","(X)","(X)","39.4","±0.7","(X)","(X)","48.5","±1.3","(X)","(X)","39.8","±0.7","(X)","(X)","41.9","±1.0","(X)","(X)","40.1","±1.1","(X)","(X)","42.2","±1.0","(X)","(X)","43.8","±0.3","(X)","(X)","37.3","±0.4","(X)","(X)","41.2","±1.6","(X)","(X)","51.9","±0.7","(X)","(X)","39.0","±0.8","(X)","(X)","36.9","±0.4","(X)","(X)","45.5","±2.5","(X)","(X)","50.8","±0.8","(X)","(X)","44.2","±0.7","(X)","(X)","48.9","±1.0","(X)","(X)","44.0","±0.5","(X)","(X)","44.1","±0.7","(X)","(X)","39.9","±1.2","(X)","(X)","42.8","±1.3","(X)","(X)","39.8","±0.8","(X)","(X)","44.4","±0.5","(X)","(X)","36.7","±0.5","(X)","(X)","45.8","±0.9","(X)","(X)","37.5","±0.2","(X)","(X)","39.3","±0.8","(X)","(X)","39.7","±0.8","(X)","(X)","40.4","±0.4","(X)","(X)","42.4","±1.8","(X)","(X)","48.5","±0.9","(X)","(X)","38.0","±0.3","(X)","(X)","34.8","±0.8","(X)","(X)","47.5","±0.7","(X)","(X)","49.2","±0.5","(X)","(X)","41.5","±0.6","(X)","(X)","49.6","±0.5","(X)","(X)","32.5","±0.2","(X)","(X)","38.4","±0.5","(X)","(X)","44.9","±0.8","(X)","(X)","39.9","±1.1","(X)","(X)"
"        Under 18 years","3,890","±13","23.2%","±0.1","4,243","*****","22.7%","*****","7,480","±90","17.7%","±0.2","75,790","*****","25.7%","*****","8,626","±47","22.8%","±0.1","2,565","±30","24.8%","±0.3","863","*****","18.3%","*****","6,290","±82","22.1%","±0.3","2,220","±86","22.2%","±0.9","4,214","±20","19.7%","±0.1","3,111","*****","21.6%","*****","4,737","*****","18.9%","*****","1,573","±92","21.0%","±1.2","4,842","±83","21.5%","±0.4","4,722","±5","22.6%","±0.1","28,368","*****","25.3%","*****","14,676","*****","24.1%","*****","12,993","±42","27.3%","±0.1","4,059","±55","24.3%","±0.3","1,293","*****","20.4%","*****","2,790","*****","25.3%","*****","3,804","±29","22.2%","±0.2","28,718","*****","22.8%","*****","3,892","±13","22.6%","±0.1","2,496","±77","20.4%","±0.6","20,004","*****","20.0%","*****","3,868","±85","21.4%","±0.5","11,158","±49","24.2%","±0.1","5,051","±37","25.5%","±0.2","6,499","±215","19.6%","±0.6","3,290","±32","25.9%","±0.3","9,216","±168","24.2%","±0.4","2,460","±57","17.7%","±0.4","3,285","±80","19.6%","±0.5","14,222","±57","21.6%","±0.1","6,349","*****","24.5%","*****","1,148","±13","18.5%","±0.2","3,667","±56","22.5%","±0.3","1,640","±37","19.3%","±0.4","2,068","*****","15.9%","*****","2,661","*****","22.3%","*****","4,543","±111","21.4%","±0.5","18,680","*****","25.0%","*****","3,982","*****","23.4%","*****","3,172","±23","18.6%","±0.1","10,063","±45","23.6%","±0.1","10,393","±54","26.1%","±0.1","1,544","±30","23.1%","±0.4","1,558","±30","18.2%","±0.3","1,843","±63","22.4%","±0.8","1,367","*****","19.1%","*****","4,968","±25","22.3%","±0.1","2,200","±91","21.8%","±0.9","4,257","±40","26.8%","±0.3","2,269","±17","22.3%","±0.2","5,484","*****","24.1%","*****","4,361","*****","22.5%","*****","14,797","*****","23.2%","*****","1,649","±39","20.2%","±0.5","93,455","*****","23.4%","*****","4,564","±36","24.4%","±0.2","4,851","±17","21.3%","±0.1","29,379","*****","23.4%","*****","2,267","*****","23.0%","*****","1,614","±31","20.5%","±0.4","30,710","*****","23.9%","*****","4,524","±39","28.6%","±0.2","3,636","±22","20.7%","±0.1","2,500","±28","20.0%","±0.2","9,198","±66","24.0%","±0.2","3,047","±56","19.1%","±0.4","59,899","*****","23.8%","*****","18,060","*****","23.3%","*****","1,331","*****","21.6%","*****","4,873","*****","24.1%","*****"
"        16 years and over","13,195","±123","78.7%","±0.7","15,016","±115","80.2%","±0.6","35,673","±144","84.6%","±0.3","227,293","±453","77.2%","±0.2","30,182","±151","79.6%","±0.4","8,048","±92","77.7%","±0.9","3,970","±32","84.2%","±0.7","23,031","±177","80.7%","±0.6","8,009","±95","80.1%","±1.0","17,582","±106","82.2%","±0.5","11,683","±68","81.1%","±0.5","20,920","±106","83.5%","±0.4","6,066","±104","81.0%","±1.4","18,197","±146","80.8%","±0.6","16,678","±72","79.9%","±0.3","86,780","±305","77.4%","±0.3","47,551","±261","78.2%","±0.4","35,935","±203","75.5%","±0.4","13,176","±79","79.0%","±0.5","5,309","±71","83.6%","±1.1","8,604","±87","77.9%","±0.8","13,926","±91","81.2%","±0.5","100,277","±352","79.6%","±0.3","13,868","±98","80.5%","±0.6","10,121","±86","82.7%","±0.7","82,810","±202","82.8%","±0.2","14,652","±104","80.9%","±0.6","36,458","±180","78.9%","±0.4","15,249","±95","77.1%","±0.5","27,499","±216","83.0%","±0.7","9,836","±79","77.4%","±0.6","29,971","±204","78.6%","±0.5","11,757","±81","84.8%","±0.6","13,953","±80","83.2%","±0.5","53,443","±179","81.2%","±0.3","20,269","±119","78.2%","±0.5","5,285","±67","85.1%","±1.1","13,116","±81","80.6%","±0.5","7,076","±48","83.1%","±0.6","11,144","±55","85.9%","±0.4","9,577","±67","80.1%","±0.6","17,256","±138","81.2%","±0.7","58,477","±218","78.2%","±0.3","13,483","±99","79.2%","±0.6","14,325","±58","83.9%","±0.3","33,868","±161","79.5%","±0.4","30,633","±145","77.1%","±0.4","5,227","±41","78.2%","±0.6","7,201","±41","84.0%","±0.5","6,565","±100","79.8%","±1.2","6,087","±38","84.8%","±0.5","18,006","±86","80.7%","±0.4","8,239","±90","81.8%","±0.9","12,012","±92","75.5%","±0.6","8,252","±70","81.0%","±0.7","17,853","±82","78.5%","±0.4","15,500","±120","80.1%","±0.6","50,768","±176","79.5%","±0.3","6,822","±71","83.6%","±0.9","315,490","±623","79.1%","±0.2","14,742","±95","78.7%","±0.5","18,392","±127","80.9%","±0.6","99,653","±278","79.3%","±0.2","7,836","±74","79.6%","±0.8","6,438","±42","81.9%","±0.5","101,640","±293","79.1%","±0.2","11,710","±104","74.1%","±0.7","14,466","±78","82.2%","±0.4","10,228","±57","82.0%","±0.5","30,434","±145","79.3%","±0.4","13,338","±104","83.7%","±0.7","199,049","±468","79.0%","±0.2","61,601","±161","79.6%","±0.2","4,936","±36","80.2%","±0.6","16,046","±91","79.5%","±0.4"
"        18 years and over","12,883","±13","76.8%","±0.1","14,479","*****","77.3%","*****","34,670","±90","82.3%","±0.2","218,751","*****","74.3%","*****","29,270","±47","77.2%","±0.1","7,789","±30","75.2%","±0.3","3,854","*****","81.7%","*****","22,236","±82","77.9%","±0.3","7,777","±86","77.8%","±0.9","17,164","±20","80.3%","±0.1","11,288","*****","78.4%","*****","20,311","*****","81.1%","*****","5,918","±92","79.0%","±1.2","17,685","±83","78.5%","±0.4","16,150","±5","77.4%","±0.1","83,729","*****","74.7%","*****","46,116","*****","75.9%","*****","34,616","±42","72.7%","±0.1","12,622","±55","75.7%","±0.3","5,058","*****","79.6%","*****","8,251","*****","74.7%","*****","13,339","±29","77.8%","±0.2","97,283","*****","77.2%","*****","13,328","±13","77.4%","±0.1","9,743","±77","79.6%","±0.6","80,058","*****","80.0%","*****","14,243","±85","78.6%","±0.5","35,024","±49","75.8%","±0.1","14,727","±37","74.5%","±0.2","26,643","±215","80.4%","±0.6","9,411","±32","74.1%","±0.3","28,904","±168","75.8%","±0.4","11,406","±57","82.3%","±0.4","13,490","±80","80.4%","±0.5","51,558","±57","78.4%","±0.1","19,583","*****","75.5%","*****","5,063","±13","81.5%","±0.2","12,598","±56","77.5%","±0.3","6,871","±37","80.7%","±0.4","10,898","*****","84.1%","*****","9,298","*****","77.7%","*****","16,697","±111","78.6%","±0.5","56,067","*****","75.0%","*****","13,050","*****","76.6%","*****","13,904","±23","81.4%","±0.1","32,525","±45","76.4%","±0.1","29,356","±54","73.9%","±0.1","5,137","±30","76.9%","±0.4","7,013","±30","81.8%","±0.3","6,385","±63","77.6%","±0.8","5,808","*****","80.9%","*****","17,349","±25","77.7%","±0.1","7,873","±91","78.2%","±0.9","11,653","±40","73.2%","±0.3","7,913","±17","77.7%","±0.2","17,256","*****","75.9%","*****","14,987","*****","77.5%","*****","49,033","*****","76.8%","*****","6,513","±39","79.8%","±0.5","305,494","*****","76.6%","*****","14,169","±36","75.6%","±0.2","17,889","±17","78.7%","±0.1","96,345","*****","76.6%","*****","7,572","*****","77.0%","*****","6,247","±31","79.5%","±0.4","97,738","*****","76.1%","*****","11,273","±39","71.4%","±0.2","13,961","±22","79.3%","±0.1","9,974","±28","80.0%","±0.2","29,170","±66","76.0%","±0.2","12,889","±56","80.9%","±0.4","191,964","*****","76.2%","*****","59,335","*****","76.7%","*****","4,826","*****","78.4%","*****","15,322","*****","75.9%","*****"
"        21 years and over","12,301","±175","73.3%","±1.0","13,841","±177","73.9%","±0.9","33,576","±152","79.7%","±0.4","208,617","±490","70.8%","±0.2","28,103","±172","74.2%","±0.5","7,419","±162","71.7%","±1.6","3,606","±79","76.4%","±1.7","21,222","±187","74.4%","±0.7","7,410","±155","74.1%","±1.5","14,428","±285","67.5%","±1.3","10,838","±71","75.3%","±0.5","19,590","±116","78.2%","±0.5","5,585","±107","74.6%","±1.4","15,871","±295","70.5%","±1.3","15,466","±190","74.1%","±0.9","78,508","±495","70.0%","±0.4","44,141","±209","72.6%","±0.3","33,118","±155","69.6%","±0.3","12,072","±131","72.4%","±0.8","4,879","±69","76.8%","±1.1","7,928","±117","71.8%","±1.1","11,811","±263","68.9%","±1.5","89,251","±521","70.8%","±0.4","12,785","±112","74.2%","±0.6","9,232","±127","75.4%","±1.0","77,084","±259","77.0%","±0.3","13,598","±132","75.1%","±0.7","33,457","±170","72.4%","±0.4","13,994","±174","70.8%","±0.9","25,665","±236","77.4%","±0.7","9,061","±130","71.3%","±1.0","27,065","±257","71.0%","±0.7","11,040","±99","79.6%","±0.7","12,913","±165","77.0%","±1.0","48,732","±227","74.1%","±0.3","18,524","±137","71.4%","±0.5","4,816","±79","77.5%","±1.3","11,761","±118","72.3%","±0.7","6,475","±156","76.1%","±1.8","10,553","±115","81.4%","±0.9","8,892","±143","74.4%","±1.2","16,042","±117","75.5%","±0.5","53,688","±257","71.8%","±0.3","12,626","±102","74.1%","±0.6","13,445","±86","78.7%","±0.5","30,935","±267","72.6%","±0.6","27,942","±213","70.3%","±0.5","4,903","±97","73.4%","±1.5","6,810","±75","79.5%","±0.9","6,036","±131","73.4%","±1.6","5,647","±65","78.7%","±0.9","16,434","±199","73.6%","±0.9","7,601","±103","75.5%","±1.0","11,105","±118","69.8%","±0.7","7,609","±80","74.7%","±0.8","16,441","±135","72.3%","±0.6","14,437","±84","74.6%","±0.4","45,237","±245","70.9%","±0.4","6,305","±101","77.2%","±1.2","292,427","±685","73.3%","±0.2","13,600","±95","72.6%","±0.5","17,047","±162","75.0%","±0.7","92,494","±383","73.6%","±0.3","7,259","±81","73.8%","±0.8","6,123","±98","77.9%","±1.3","93,256","±317","72.6%","±0.2","10,566","±166","66.9%","±1.0","13,319","±111","75.7%","±0.6","9,636","±84","77.2%","±0.7","27,944","±223","72.8%","±0.6","12,362","±143","77.6%","±0.9","174,125","±804","69.1%","±0.3","54,869","±359","70.9%","±0.5","4,538","±79","73.7%","±1.3","14,786","±116","73.2%","±0.6"
"        62 years and over","3,943","±172","23.5%","±1.0","4,867","±186","26.0%","±1.0","15,379","±390","36.5%","±0.9","49,197","±725","16.7%","±0.2","9,725","±302","25.7%","±0.8","2,517","±118","24.3%","±1.1","1,223","±82","25.9%","±1.7","8,165","±243","28.6%","±0.9","2,624","±117","26.2%","±1.2","4,270","±160","20.0%","±0.7","3,708","±151","25.8%","±1.0","8,001","±207","31.9%","±0.8","1,946","±124","26.0%","±1.7","4,463","±163","19.8%","±0.7","4,980","±198","23.9%","±0.9","18,648","±396","16.6%","±0.4","12,983","±415","21.4%","±0.7","8,931","±283","18.8%","±0.6","3,809","±153","22.8%","±0.9","1,905","±85","30.0%","±1.3","2,637","±116","23.9%","±1.0","3,710","±166","21.6%","±1.0","20,860","±400","16.6%","±0.3","4,250","±137","24.7%","±0.8","3,808","±152","31.1%","±1.2","28,818","±500","28.8%","±0.5","4,053","±164","22.4%","±0.9","9,101","±266","19.7%","±0.6","4,343","±215","22.0%","±1.1","7,802","±257","23.5%","±0.8","2,840","±130","22.4%","±1.0","7,938","±298","20.8%","±0.8","4,130","±145","29.8%","±1.0","3,565","±132","21.3%","±0.8","14,622","±347","22.2%","±0.5","5,654","±193","21.8%","±0.7","1,864","±81","30.0%","±1.3","3,854","±136","23.7%","±0.8","2,077","±119","24.4%","±1.4","2,514","±122","19.4%","±0.9","2,953","±119","24.7%","±1.0","5,228","±198","24.6%","±0.9","13,742","±346","18.4%","±0.5","3,896","±152","22.9%","±0.9","5,802","±181","34.0%","±1.1","8,754","±270","20.6%","±0.6","7,434","±234","18.7%","±0.6","1,906","±92","28.5%","±1.4","2,642","±104","30.8%","±1.2","2,129","±118","25.9%","±1.4","2,345","±97","32.7%","±1.3","5,739","±207","25.7%","±0.9","2,706","±171","26.9%","±1.7","3,870","±149","24.3%","±0.9","2,591","±112","25.4%","±1.1","5,002","±152","22.0%","±0.7","5,398","±222","27.9%","±1.1","12,577","±283","19.7%","±0.4","2,311","±97","28.3%","±1.2","79,813","±920","20.0%","±0.2","4,637","±218","24.8%","±1.2","4,887","±161","21.5%","±0.7","27,767","±504","22.1%","±0.4","2,389","±140","24.3%","±1.4","2,584","±121","32.9%","±1.5","25,789","±449","20.1%","±0.3","2,804","±141","17.8%","±0.9","5,182","±169","29.4%","±1.0","4,070","±168","32.6%","±1.3","9,174","±247","23.9%","±0.6","5,054","±176","31.7%","±1.1","37,325","±558","14.8%","±0.2","15,513","±392","20.0%","±0.5","1,783","±80","29.0%","±1.3","4,250","±149","21.0%","±0.7"
"        65 years and over","3,342","±30","19.9%","±0.2","3,992","±42","21.3%","±0.2","13,098","±98","31.1%","±0.2","40,157","±131","13.6%","±0.1","7,943","±52","21.0%","±0.1","1,919","±25","18.5%","±0.2","1,024","±45","21.7%","±1.0","6,640","±76","23.3%","±0.3","2,166","±37","21.7%","±0.4","3,470","±38","16.2%","±0.2","3,139","±29","21.8%","±0.2","6,829","±79","27.3%","±0.3","1,567","±58","20.9%","±0.8","3,899","±63","17.3%","±0.3","4,092","±54","19.6%","±0.3","15,391","±150","13.7%","±0.1","10,623","±144","17.5%","±0.2","7,061","±49","14.8%","±0.1","3,097","±31","18.6%","±0.2","1,586","*****","25.0%","*****","2,169","±44","19.6%","±0.4","3,077","±59","17.9%","±0.3","16,924","±106","13.4%","±0.1","3,494","±61","20.3%","±0.4","3,174","±50","25.9%","±0.4","24,304","±104","24.3%","±0.1","3,287","±55","18.1%","±0.3","7,465","±80","16.2%","±0.2","3,692","±117","18.7%","±0.6","6,541","±179","19.7%","±0.5","2,330","±52","18.3%","±0.4","6,672","±108","17.5%","±0.3","3,473","±37","25.0%","±0.3","3,001","±13","17.9%","±0.1","11,935","±87","18.1%","±0.1","4,357","±146","16.8%","±0.6","1,576","±21","25.4%","±0.3","3,079","±48","18.9%","±0.3","1,703","±17","20.0%","±0.2","1,942","±22","15.0%","±0.2","2,534","±38","21.2%","±0.3","4,285","±90","20.2%","±0.4","10,754","±91","14.4%","±0.1","3,293","±30","19.3%","±0.2","4,969","±60","29.1%","±0.4","7,155","±72","16.8%","±0.2","6,049","±35","15.2%","±0.1","1,554","±15","23.3%","±0.2","2,314","±43","27.0%","±0.5","1,740","±11","21.1%","±0.1","1,940","±36","27.0%","±0.5","4,717","±60","21.1%","±0.3","2,067","±58","20.5%","±0.6","3,204","±41","20.1%","±0.3","2,088","±50","20.5%","±0.5","4,174","±31","18.4%","±0.1","4,359","±70","22.5%","±0.4","10,292","±102","16.1%","±0.2","1,923","±87","23.6%","±1.1","64,832","*****","16.3%","*****","3,642","±76","19.4%","±0.4","4,011","±44","17.6%","±0.2","22,835","±200","18.2%","±0.2","2,082","±84","21.2%","±0.9","2,022","±39","25.7%","±0.5","21,507","*****","16.7%","*****","2,254","±107","14.3%","±0.7","4,480","±51","25.5%","±0.3","3,462","±34","27.8%","±0.3","7,254","±99","18.9%","±0.3","4,259","±125","26.7%","±0.8","30,500","±116","12.1%","±0.1","12,817","±177","16.6%","±0.2","1,501","*****","24.4%","*****","3,545","±87","17.6%","±0.4"
"        18 years and over","12,883","±13","12,883","(X)","14,479","*****","14,479","(X)","34,670","±90","34,670","(X)","218,751","*****","218,751","(X)","29,270","±47","29,270","(X)","7,789","±30","7,789","(X)","3,854","*****","3,854","(X)","22,236","±82","22,236","(X)","7,777","±86","7,777","(X)","17,164","±20","17,164","(X)","11,288","*****","11,288","(X)","20,311","*****","20,311","(X)","5,918","±92","5,918","(X)","17,685","±83","17,685","(X)","16,150","±5","16,150","(X)","83,729","*****","83,729","(X)","46,116","*****","46,116","(X)","34,616","±42","34,616","(X)","12,622","±55","12,622","(X)","5,058","*****","5,058","(X)","8,251","*****","8,251","(X)","13,339","±29","13,339","(X)","97,283","*****","97,283","(X)","13,328","±13","13,328","(X)","9,743","±77","9,743","(X)","80,058","*****","80,058","(X)","14,243","±85","14,243","(X)","35,024","±49","35,024","(X)","14,727","±37","14,727","(X)","26,643","±215","26,643","(X)","9,411","±32","9,411","(X)","28,904","±168","28,904","(X)","11,406","±57","11,406","(X)","13,490","±80","13,490","(X)","51,558","±57","51,558","(X)","19,583","*****","19,583","(X)","5,063","±13","5,063","(X)","12,598","±56","12,598","(X)","6,871","±37","6,871","(X)","10,898","*****","10,898","(X)","9,298","*****","9,298","(X)","16,697","±111","16,697","(X)","56,067","*****","56,067","(X)","13,050","*****","13,050","(X)","13,904","±23","13,904","(X)","32,525","±45","32,525","(X)","29,356","±54","29,356","(X)","5,137","±30","5,137","(X)","7,013","±30","7,013","(X)","6,385","±63","6,385","(X)","5,808","*****","5,808","(X)","17,349","±25","17,349","(X)","7,873","±91","7,873","(X)","11,653","±40","11,653","(X)","7,913","±17","7,913","(X)","17,256","*****","17,256","(X)","14,987","*****","14,987","(X)","49,033","*****","49,033","(X)","6,513","±39","6,513","(X)","305,494","*****","305,494","(X)","14,169","±36","14,169","(X)","17,889","±17","17,889","(X)","96,345","*****","96,345","(X)","7,572","*****","7,572","(X)","6,247","±31","6,247","(X)","97,738","*****","97,738","(X)","11,273","±39","11,273","(X)","13,961","±22","13,961","(X)","9,974","±28","9,974","(X)","29,170","±66","29,170","(X)","12,889","±56","12,889","(X)","191,964","*****","191,964","(X)","59,335","*****","59,335","(X)","4,826","*****","4,826","(X)","15,322","*****","15,322","(X)"
"            Male","6,190","±62","48.0%","±0.5","6,818","±13","47.1%","±0.1","16,682","±123","48.1%","±0.3","108,742","±55","49.7%","±0.1","14,180","±87","48.4%","±0.3","3,611","±20","46.4%","±0.3","1,972","*****","51.2%","*****","11,164","±120","50.2%","±0.5","3,974","±72","51.1%","±0.7","8,119","±41","47.3%","±0.2","5,475","±25","48.5%","±0.2","10,060","±59","49.5%","±0.3","2,888","±103","48.8%","±1.1","8,420","±86","47.6%","±0.5","7,932","±64","49.1%","±0.4","39,951","±62","47.7%","±0.1","22,617","±73","49.0%","±0.2","15,901","±65","45.9%","±0.2","6,034","±22","47.8%","±0.2","2,435","*****","48.1%","*****","3,824","±50","46.3%","±0.6","6,458","±81","48.4%","±0.6","46,560","±45","47.9%","±0.1","6,556","±81","49.2%","±0.6","4,747","±110","48.7%","±0.9","38,138","±39","47.6%","±0.1","7,072","±99","49.7%","±0.5","17,158","±122","49.0%","±0.4","7,083","±37","48.1%","±0.2","14,026","±226","52.6%","±0.7","4,416","±75","46.9%","±0.7","14,233","±205","49.2%","±0.6","6,076","±86","53.3%","±0.6","6,790","±65","50.3%","±0.5","25,451","±98","49.4%","±0.2","9,606","±132","49.1%","±0.7","2,456","±17","48.5%","±0.3","6,123","±70","48.6%","±0.5","3,991","±35","58.1%","±0.3","7,200","±48","66.1%","±0.4","4,409","±43","47.4%","±0.5","8,193","±94","49.1%","±0.6","27,389","±75","48.9%","±0.1","6,535","±60","50.1%","±0.5","6,913","±59","49.7%","±0.4","16,047","±92","49.3%","±0.2","14,206","±56","48.4%","±0.1","2,390","±33","46.5%","±0.4","3,521","±65","50.2%","±1.0","3,077","±76","48.2%","±1.3","2,942","±24","50.7%","±0.4","8,307","±70","47.9%","±0.4","4,005","±91","50.9%","±1.0","5,222","±38","44.8%","±0.4","3,902","±53","49.3%","±0.7","8,267","±25","47.9%","±0.1","7,352","±39","49.1%","±0.3","24,162","±131","49.3%","±0.3","3,208","±69","49.3%","±0.9","143,375","*****","46.9%","*****","6,930","±103","48.9%","±0.7","9,968","±54","55.7%","±0.3","46,637","±133","48.4%","±0.1","3,791","±57","50.1%","±0.7","3,149","±47","50.4%","±0.8","47,570","*****","48.7%","*****","5,680","±86","50.4%","±0.7","6,772","±57","48.5%","±0.4","4,905","±39","49.2%","±0.4","14,003","±82","48.0%","±0.2","6,293","±95","48.8%","±0.6","95,673","*****","49.8%","*****","28,538","±102","48.1%","±0.2","2,326","*****","48.2%","*****","7,719","±56","50.4%","±0.4"
"            Female","6,693","±60","52.0%","±0.5","7,661","±14","52.9%","±0.1","17,988","±89","51.9%","±0.3","110,009","±56","50.3%","±0.1","15,090","±91","51.6%","±0.3","4,178","±30","53.6%","±0.3","1,882","*****","48.8%","*****","11,072","±102","49.8%","±0.5","3,803","±69","48.9%","±0.7","9,045","±34","52.7%","±0.2","5,813","±24","51.5%","±0.2","10,251","±59","50.5%","±0.3","3,030","±44","51.2%","±1.1","9,265","±121","52.4%","±0.5","8,218","±64","50.9%","±0.4","43,778","±61","52.3%","±0.1","23,499","±73","51.0%","±0.2","18,715","±44","54.1%","±0.2","6,588","±44","52.2%","±0.2","2,623","*****","51.9%","*****","4,427","±50","53.7%","±0.6","6,881","±81","51.6%","±0.6","50,723","±45","52.1%","±0.1","6,772","±79","50.8%","±0.6","4,996","±73","51.3%","±0.9","41,920","±39","52.4%","±0.1","7,171","±60","50.3%","±0.5","17,866","±137","51.0%","±0.4","7,644","±44","51.9%","±0.2","12,617","±184","47.4%","±0.7","4,995","±60","53.1%","±0.7","14,671","±157","50.8%","±0.6","5,330","±58","46.7%","±0.6","6,700","±99","49.7%","±0.5","26,107","±76","50.6%","±0.2","9,977","±131","50.9%","±0.7","2,607","±14","51.5%","±0.3","6,475","±69","51.4%","±0.5","2,880","±22","41.9%","±0.3","3,698","±47","33.9%","±0.4","4,889","±43","52.6%","±0.5","8,504","±134","50.9%","±0.6","28,678","±76","51.1%","±0.1","6,515","±60","49.9%","±0.5","6,991","±56","50.3%","±0.4","16,478","±70","50.7%","±0.2","15,150","±22","51.6%","±0.1","2,747","±19","53.5%","±0.4","3,492","±73","49.8%","±1.0","3,308","±98","51.8%","±1.3","2,866","±24","49.3%","±0.4","9,042","±73","52.1%","±0.4","3,868","±85","49.1%","±1.0","6,431","±61","55.2%","±0.4","4,011","±52","50.7%","±0.7","8,989","±25","52.1%","±0.1","7,635","±39","50.9%","±0.3","24,871","±131","50.7%","±0.3","3,305","±56","50.7%","±0.9","162,119","*****","53.1%","*****","7,239","±97","51.1%","±0.7","7,921","±52","44.3%","±0.3","49,708","±134","51.6%","±0.1","3,781","±56","49.9%","±0.7","3,098","±57","49.6%","±0.8","50,168","*****","51.3%","*****","5,593","±72","49.6%","±0.7","7,189","±55","51.5%","±0.4","5,069","±38","50.8%","±0.4","15,167","±52","52.0%","±0.2","6,596","±77","51.2%","±0.6","96,291","*****","50.2%","*****","30,797","±101","51.9%","±0.2","2,500","*****","51.8%","*****","7,603","±57","49.6%","±0.4"
"            Sex ratio (males per 100 females)","92.5","±1.7","(X)","(X)","89.0","±0.3","(X)","(X)","92.7","±1.1","(X)","(X)","98.8","±0.1","(X)","(X)","94.0","±1.1","(X)","(X)","86.4","±0.9","(X)","(X)","104.8","*****","(X)","(X)","100.8","±1.9","(X)","(X)","104.5","±3.0","(X)","(X)","89.8","±0.8","(X)","(X)","94.2","±0.8","(X)","(X)","98.1","±1.1","(X)","(X)","95.3","±4.2","(X)","(X)","90.9","±2.0","(X)","(X)","96.5","±1.5","(X)","(X)","91.3","±0.3","(X)","(X)","96.2","±0.6","(X)","(X)","85.0","±0.5","(X)","(X)","91.6","±0.6","(X)","(X)","92.8","*****","(X)","(X)","86.4","±2.1","(X)","(X)","93.9","±2.2","(X)","(X)","91.8","±0.2","(X)","(X)","96.8","±2.3","(X)","(X)","95.0","±3.3","(X)","(X)","91.0","±0.2","(X)","(X)","98.6","±1.9","(X)","(X)","96.0","±1.4","(X)","(X)","92.7","±0.9","(X)","(X)","111.2","±2.9","(X)","(X)","88.4","±2.5","(X)","(X)","97.0","±2.2","(X)","(X)","114.0","±2.7","(X)","(X)","101.3","±2.2","(X)","(X)","97.5","±0.6","(X)","(X)","96.3","±2.6","(X)","(X)","94.2","±1.1","(X)","(X)","94.6","±1.9","(X)","(X)","138.6","±1.8","(X)","(X)","194.7","±3.7","(X)","(X)","90.2","±1.7","(X)","(X)","96.3","±2.3","(X)","(X)","95.5","±0.5","(X)","(X)","100.3","±1.9","(X)","(X)","98.9","±1.6","(X)","(X)","97.4","±0.9","(X)","(X)","93.8","±0.4","(X)","(X)","87.0","±1.6","(X)","(X)","100.8","±3.9","(X)","(X)","93.0","±4.7","(X)","(X)","102.7","±1.7","(X)","(X)","91.9","±1.5","(X)","(X)","103.5","±3.9","(X)","(X)","81.2","±1.3","(X)","(X)","97.3","±2.6","(X)","(X)","92.0","±0.5","(X)","(X)","96.3","±1.0","(X)","(X)","97.1","±1.0","(X)","(X)","97.1","±3.6","(X)","(X)","88.4","*****","(X)","(X)","95.7","±2.7","(X)","(X)","125.8","±1.5","(X)","(X)","93.8","±0.5","(X)","(X)","100.3","±3.0","(X)","(X)","101.6","±3.2","(X)","(X)","94.8","*****","(X)","(X)","101.6","±2.8","(X)","(X)","94.2","±1.5","(X)","(X)","96.8","±1.4","(X)","(X)","92.3","±0.8","(X)","(X)","95.4","±2.4","(X)","(X)","99.4","*****","(X)","(X)","92.7","±0.6","(X)","(X)","93.0","*****","(X)","(X)","101.5","±1.5","(X)","(X)"
"        65 years and over","3,342","±30","3,342","(X)","3,992","±42","3,992","(X)","13,098","±98","13,098","(X)","40,157","±131","40,157","(X)","7,943","±52","7,943","(X)","1,919","±25","1,919","(X)","1,024","±45","1,024","(X)","6,640","±76","6,640","(X)","2,166","±37","2,166","(X)","3,470","±38","3,470","(X)","3,139","±29","3,139","(X)","6,829","±79","6,829","(X)","1,567","±58","1,567","(X)","3,899","±63","3,899","(X)","4,092","±54","4,092","(X)","15,391","±150","15,391","(X)","10,623","±144","10,623","(X)","7,061","±49","7,061","(X)","3,097","±31","3,097","(X)","1,586","*****","1,586","(X)","2,169","±44","2,169","(X)","3,077","±59","3,077","(X)","16,924","±106","16,924","(X)","3,494","±61","3,494","(X)","3,174","±50","3,174","(X)","24,304","±104","24,304","(X)","3,287","±55","3,287","(X)","7,465","±80","7,465","(X)","3,692","±117","3,692","(X)","6,541","±179","6,541","(X)","2,330","±52","2,330","(X)","6,672","±108","6,672","(X)","3,473","±37","3,473","(X)","3,001","±13","3,001","(X)","11,935","±87","11,935","(X)","4,357","±146","4,357","(X)","1,576","±21","1,576","(X)","3,079","±48","3,079","(X)","1,703","±17","1,703","(X)","1,942","±22","1,942","(X)","2,534","±38","2,534","(X)","4,285","±90","4,285","(X)","10,754","±91","10,754","(X)","3,293","±30","3,293","(X)","4,969","±60","4,969","(X)","7,155","±72","7,155","(X)","6,049","±35","6,049","(X)","1,554","±15","1,554","(X)","2,314","±43","2,314","(X)","1,740","±11","1,740","(X)","1,940","±36","1,940","(X)","4,717","±60","4,717","(X)","2,067","±58","2,067","(X)","3,204","±41","3,204","(X)","2,088","±50","2,088","(X)","4,174","±31","4,174","(X)","4,359","±70","4,359","(X)","10,292","±102","10,292","(X)","1,923","±87","1,923","(X)","64,832","*****","64,832","(X)","3,642","±76","3,642","(X)","4,011","±44","4,011","(X)","22,835","±200","22,835","(X)","2,082","±84","2,082","(X)","2,022","±39","2,022","(X)","21,507","*****","21,507","(X)","2,254","±107","2,254","(X)","4,480","±51","4,480","(X)","3,462","±34","3,462","(X)","7,254","±99","7,254","(X)","4,259","±125","4,259","(X)","30,500","±116","30,500","(X)","12,817","±177","12,817","(X)","1,501","*****","1,501","(X)","3,545","±87","3,545","(X)"
"            Male","1,520","±14","45.5%","±0.5","1,791","±2","44.9%","±0.5","6,090","±72","46.5%","±0.6","18,129","±103","45.1%","±0.2","3,554","±47","44.7%","±0.6","843","±6","43.9%","±0.6","458","±45","44.7%","±2.4","3,076","±59","46.3%","±0.5","944","±19","43.6%","±0.7","1,575","±27","45.4%","±0.6","1,339","±16","42.7%","±0.6","3,232","±63","47.3%","±0.6","685","±38","43.7%","±1.6","1,689","±20","43.3%","±0.8","1,886","±28","46.1%","±0.4","6,574","±38","42.7%","±0.4","4,808","±89","45.3%","±0.4","3,061","±28","43.4%","±0.4","1,390","±2","44.9%","±0.4","697","*****","43.9%","*****","981","±44","45.2%","±1.1","1,346","±8","43.7%","±0.8","7,459","±69","44.1%","±0.3","1,558","±34","44.6%","±0.7","1,459","±26","46.0%","±0.7","10,995","±104","45.2%","±0.3","1,517","±39","46.2%","±0.7","3,262","±62","43.7%","±0.6","1,709","±68","46.3%","±1.2","2,906","±96","44.4%","±1.2","1,052","±33","45.2%","±1.2","3,039","±69","45.5%","±0.7","1,633","±30","47.0%","±0.8","1,363","±11","45.4%","±0.2","5,256","±40","44.0%","±0.4","2,045","±54","46.9%","±1.4","741","±20","47.0%","±0.8","1,335","±8","43.4%","±0.7","741","±8","43.5%","±0.5","906","±22","46.7%","±0.6","1,153","±30","45.5%","±0.8","1,972","±58","46.0%","±0.7","4,829","±69","44.9%","±0.5","1,591","±44","48.3%","±1.0","2,420","±46","48.7%","±0.9","3,189","±56","44.6%","±0.5","2,679","±44","44.3%","±0.7","688","±9","44.3%","±0.5","1,108","±37","47.9%","±1.4","785","±9","45.1%","±0.4","976","±33","50.3%","±1.2","2,095","±64","44.4%","±0.8","987","±29","47.8%","±1.1","1,395","±39","43.5%","±0.7","961","±45","46.0%","±1.7","1,806","±25","43.3%","±0.4","2,061","±64","47.3%","±1.0","4,670","±82","45.4%","±0.5","889","±50","46.2%","±1.9","27,907","*****","43.0%","*****","1,636","±70","44.9%","±1.3","1,843","±34","45.9%","±0.6","10,308","±133","45.1%","±0.4","1,000","±49","48.0%","±1.6","1,023","±40","50.6%","±1.4","9,581","*****","44.5%","*****","1,033","±90","45.8%","±2.5","2,066","±35","46.1%","±0.7","1,643","±10","47.5%","±0.5","3,232","±45","44.6%","±0.6","1,949","±40","45.8%","±1.5","13,566","±103","44.5%","±0.2","5,609","±87","43.8%","±0.6","663","*****","44.2%","*****","1,607","±53","45.3%","±0.8"
"            Female","1,822","±28","54.5%","±0.5","2,201","±42","55.1%","±0.5","7,008","±108","53.5%","±0.6","22,028","±94","54.9%","±0.2","4,389","±55","55.3%","±0.6","1,076","±25","56.1%","±0.6","566","*****","55.3%","±2.4","3,564","±40","53.7%","±0.5","1,222","±29","56.4%","±0.7","1,895","±32","54.6%","±0.6","1,800","±33","57.3%","±0.6","3,597","±50","52.7%","±0.6","882","±40","56.3%","±1.6","2,210","±65","56.7%","±0.8","2,206","±37","53.9%","±0.4","8,817","±142","57.3%","±0.4","5,815","±72","54.7%","±0.4","4,000","±44","56.6%","±0.4","1,707","±31","55.1%","±0.4","889","*****","56.1%","*****","1,188","±20","54.8%","±1.1","1,731","±58","56.3%","±0.8","9,465","±71","55.9%","±0.3","1,936","±46","55.4%","±0.7","1,715","±41","54.0%","±0.7","13,309","±53","54.8%","±0.3","1,770","±32","53.8%","±0.7","4,203","±60","56.3%","±0.6","1,983","±78","53.7%","±1.2","3,635","±143","55.6%","±1.2","1,278","±43","54.8%","±1.2","3,633","±75","54.5%","±0.7","1,840","±37","53.0%","±0.8","1,638","±4","54.6%","±0.2","6,679","±84","56.0%","±0.4","2,312","±126","53.1%","±1.4","835","±9","53.0%","±0.8","1,744","±47","56.6%","±0.7","962","±15","56.5%","±0.5","1,036","±2","53.3%","±0.6","1,381","±25","54.5%","±0.8","2,313","±50","54.0%","±0.7","5,925","±71","55.1%","±0.5","1,702","±27","51.7%","±1.0","2,549","±59","51.3%","±0.9","3,966","±48","55.4%","±0.5","3,370","±44","55.7%","±0.7","866","±14","55.7%","±0.5","1,206","±40","52.1%","±1.4","955","±9","54.9%","±0.4","964","±25","49.7%","±1.2","2,622","±23","55.6%","±0.8","1,080","±43","52.2%","±1.1","1,809","±15","56.5%","±0.7","1,127","±41","54.0%","±1.7","2,368","±22","56.7%","±0.4","2,298","±43","52.7%","±1.0","5,622","±61","54.6%","±0.5","1,034","±64","53.8%","±1.9","36,925","*****","57.0%","*****","2,006","±46","55.1%","±1.3","2,168","±34","54.1%","±0.6","12,527","±126","54.9%","±0.4","1,082","±59","52.0%","±1.6","999","±27","49.4%","±1.4","11,926","*****","55.5%","*****","1,221","±62","54.2%","±2.5","2,414","±43","53.9%","±0.7","1,819","±32","52.5%","±0.5","4,022","±84","55.4%","±0.6","2,310","±123","54.2%","±1.5","16,934","±58","55.5%","±0.2","7,208","±151","56.2%","±0.6","838","*****","55.8%","*****","1,938","±48","54.7%","±0.8"
"            Sex ratio (males per 100 females)","83.4","±1.5","(X)","(X)","81.4","±1.5","(X)","(X)","86.9","±2.0","(X)","(X)","82.3","±0.6","(X)","(X)","81.0","±1.8","(X)","(X)","78.3","±2.0","(X)","(X)","80.9","±7.9","(X)","(X)","86.3","±1.8","(X)","(X)","77.3","±2.3","(X)","(X)","83.1","±2.1","(X)","(X)","74.4","±2.0","(X)","(X)","89.9","±2.2","(X)","(X)","77.7","±5.2","(X)","(X)","76.4","±2.6","(X)","(X)","85.5","±1.5","(X)","(X)","74.6","±1.2","(X)","(X)","82.7","±1.2","(X)","(X)","76.5","±1.2","(X)","(X)","81.4","±1.5","(X)","(X)","78.4","*****","(X)","(X)","82.6","±3.7","(X)","(X)","77.8","±2.6","(X)","(X)","78.8","±0.9","(X)","(X)","80.5","±2.4","(X)","(X)","85.1","±2.5","(X)","(X)","82.6","±0.9","(X)","(X)","85.7","±2.4","(X)","(X)","77.6","±2.0","(X)","(X)","86.2","±4.1","(X)","(X)","79.9","±3.9","(X)","(X)","82.3","±4.0","(X)","(X)","83.6","±2.4","(X)","(X)","88.8","±2.9","(X)","(X)","83.2","±0.6","(X)","(X)","78.7","±1.2","(X)","(X)","88.5","±5.0","(X)","(X)","88.7","±2.7","(X)","(X)","76.5","±2.1","(X)","(X)","77.0","±1.5","(X)","(X)","87.5","±2.1","(X)","(X)","83.5","±2.7","(X)","(X)","85.3","±2.5","(X)","(X)","81.5","±1.6","(X)","(X)","93.5","±3.8","(X)","(X)","94.9","±3.3","(X)","(X)","80.4","±1.8","(X)","(X)","79.5","±2.2","(X)","(X)","79.4","±1.7","(X)","(X)","91.9","±5.2","(X)","(X)","82.2","±1.4","(X)","(X)","101.2","±4.8","(X)","(X)","79.9","±2.7","(X)","(X)","91.4","±4.0","(X)","(X)","77.1","±2.3","(X)","(X)","85.3","±5.7","(X)","(X)","76.3","±1.4","(X)","(X)","89.7","±3.5","(X)","(X)","83.1","±1.7","(X)","(X)","86.0","±6.5","(X)","(X)","75.6","*****","(X)","(X)","81.6","±4.2","(X)","(X)","85.0","±2.2","(X)","(X)","82.3","±1.2","(X)","(X)","92.4","±6.0","(X)","(X)","102.4","±5.7","(X)","(X)","80.3","*****","(X)","(X)","84.6","±8.7","(X)","(X)","85.6","±2.2","(X)","(X)","90.3","±1.6","(X)","(X)","80.4","±1.9","(X)","(X)","84.4","±5.1","(X)","(X)","80.1","±0.7","(X)","(X)","77.8","±2.0","(X)","(X)","79.1","*****","(X)","(X)","82.9","±2.5","(X)","(X)"
"RACE","","","","","","","","","","","","","","","","","","","","","","","","","","","","","","","","","","","","","","","","","","","","","","","","","","","","","","","","","","","","","","","","","","","","","","","","","","","","","","","","","","","","","","","","","","","","","","","","","","","","","","","","","","","","","","","","","","","","","","","","","","","","","","","","","","","","","","","","","","","","","","","","","","","","","","","","","","","","","","","","","","","","","","","","","","","","","","","","","","","","","","","","","","","","","","","","","","","","","","","","","","","","","","","","","","","","","","","","","","","","","","","","","","","","","","","","","","","","","","","","","","","","","","","","","","","","","","","","","","","","","","","","","","","","","","","","","","","","","","","","","","","","","","","","","","","","","","","","","","","",""
"    Total population","16,773","*****","16,773","(X)","18,722","*****","18,722","(X)","42,150","*****","42,150","(X)","294,541","*****","294,541","(X)","37,896","*****","37,896","(X)","10,354","*****","10,354","(X)","4,717","*****","4,717","(X)","28,526","*****","28,526","(X)","9,997","*****","9,997","(X)","21,378","*****","21,378","(X)","14,399","*****","14,399","(X)","25,048","*****","25,048","(X)","7,491","*****","7,491","(X)","22,527","*****","22,527","(X)","20,872","*****","20,872","(X)","112,097","*****","112,097","(X)","60,792","*****","60,792","(X)","47,609","*****","47,609","(X)","16,681","*****","16,681","(X)","6,351","*****","6,351","(X)","11,041","*****","11,041","(X)","17,143","*****","17,143","(X)","126,001","*****","126,001","(X)","17,220","*****","17,220","(X)","12,239","*****","12,239","(X)","100,062","*****","100,062","(X)","18,111","*****","18,111","(X)","46,182","*****","46,182","(X)","19,778","*****","19,778","(X)","33,142","*****","33,142","(X)","12,701","*****","12,701","(X)","38,120","*****","38,120","(X)","13,866","*****","13,866","(X)","16,775","*****","16,775","(X)","65,780","*****","65,780","(X)","25,932","*****","25,932","(X)","6,211","*****","6,211","(X)","16,265","*****","16,265","(X)","8,511","*****","8,511","(X)","12,966","*****","12,966","(X)","11,959","*****","11,959","(X)","21,240","*****","21,240","(X)","74,747","*****","74,747","(X)","17,032","*****","17,032","(X)","17,076","*****","17,076","(X)","42,588","*****","42,588","(X)","39,749","*****","39,749","(X)","6,681","*****","6,681","(X)","8,571","*****","8,571","(X)","8,228","*****","8,228","(X)","7,175","*****","7,175","(X)","22,317","*****","22,317","(X)","10,073","*****","10,073","(X)","15,910","*****","15,910","(X)","10,182","*****","10,182","(X)","22,740","*****","22,740","(X)","19,348","*****","19,348","(X)","63,830","*****","63,830","(X)","8,162","*****","8,162","(X)","398,949","*****","398,949","(X)","18,733","*****","18,733","(X)","22,740","*****","22,740","(X)","125,724","*****","125,724","(X)","9,839","*****","9,839","(X)","7,861","*****","7,861","(X)","128,448","*****","128,448","(X)","15,797","*****","15,797","(X)","17,597","*****","17,597","(X)","12,474","*****","12,474","(X)","38,368","*****","38,368","(X)","15,936","*****","15,936","(X)","251,863","*****","251,863","(X)","77,395","*****","77,395","(X)","6,157","*****","6,157","(X)","20,195","*****","20,195","(X)"
"        One race","16,278","±201","97.0%","±1.2","17,893","±272","95.6%","±1.5","39,950","±369","94.8%","±0.9","228,991","±4,132","77.7%","±1.4","36,301","±218","95.8%","±0.6","9,719","±272","93.9%","±2.6","4,326","±169","91.7%","±3.6","22,861","±866","80.1%","±3.0","9,541","±164","95.4%","±1.6","20,616","±222","96.4%","±1.0","13,645","±111","94.8%","±0.8","24,053","±209","96.0%","±0.8","7,287","±155","97.3%","±2.1","21,940","±207","97.4%","±0.9","20,157","±193","96.6%","±0.9","105,095","±1,054","93.8%","±0.9","54,450","±966","89.6%","±1.6","43,843","±645","92.1%","±1.4","15,154","±270","90.8%","±1.6","6,168","±96","97.1%","±1.5","10,644","±181","96.4%","±1.6","16,078","±270","93.8%","±1.6","120,305","±810","95.5%","±0.6","15,422","±554","89.6%","±3.2","11,576","±109","94.6%","±0.9","94,565","±718","94.5%","±0.7","17,417","±163","96.2%","±0.9","43,800","±518","94.8%","±1.1","18,496","±364","93.5%","±1.8","31,628","±294","95.4%","±0.9","11,990","±255","94.4%","±2.0","35,366","±592","92.8%","±1.6","12,721","±334","91.7%","±2.4","15,567","±313","92.8%","±1.9","63,622","±581","96.7%","±0.9","23,875","±456","92.1%","±1.8","5,938","±105","95.6%","±1.7","15,361","±305","94.4%","±1.9","8,133","±146","95.6%","±1.7","12,374","±244","95.4%","±1.9","11,327","±228","94.7%","±1.9","19,840","±392","93.4%","±1.8","70,487","±586","94.3%","±0.8","13,339","±693","78.3%","±4.1","16,399","±146","96.0%","±0.9","41,166","±363","96.7%","±0.9","37,432","±432","94.2%","±1.1","6,329","±45","94.7%","±0.7","8,249","±117","96.2%","±1.4","8,068","±76","98.1%","±0.9","6,868","±101","95.7%","±1.4","21,661","±193","97.1%","±0.9","9,542","±133","94.7%","±1.3","15,439","±141","97.0%","±0.9","9,638","±169","94.7%","±1.7","20,984","±313","92.3%","±1.4","18,252","±164","94.3%","±0.8","59,303","±651","92.9%","±1.0","7,841","±129","96.1%","±1.6","373,370","±2,382","93.6%","±0.6","17,707","±160","94.5%","±0.9","22,196","±155","97.6%","±0.7","118,485","±952","94.2%","±0.8","9,147","±173","93.0%","±1.8","7,080","±272","90.1%","±3.5","115,900","±1,151","90.2%","±0.9","14,665","±482","92.8%","±3.1","16,660","±345","94.7%","±2.0","11,666","±243","93.5%","±1.9","36,772","±486","95.8%","±1.3","15,368","±176","96.4%","±1.1","206,610","±3,093","82.0%","±1.2","72,854","±654","94.1%","±0.8","6,005","±63","97.5%","±1.0","19,331","±246","95.7%","±1.2"
"        Two or More Races","495","±201","3.0%","±1.2","829","±272","4.4%","±1.5","2,200","±369","5.2%","±0.9","65,550","±4,132","22.3%","±1.4","1,595","±218","4.2%","±0.6","635","±272","6.1%","±2.6","391","±169","8.3%","±3.6","5,665","±866","19.9%","±3.0","456","±164","4.6%","±1.6","762","±222","3.6%","±1.0","754","±111","5.2%","±0.8","995","±209","4.0%","±0.8","204","±155","2.7%","±2.1","587","±207","2.6%","±0.9","715","±193","3.4%","±0.9","7,002","±1,054","6.2%","±0.9","6,342","±966","10.4%","±1.6","3,766","±645","7.9%","±1.4","1,527","±270","9.2%","±1.6","183","±96","2.9%","±1.5","397","±181","3.6%","±1.6","1,065","±270","6.2%","±1.6","5,696","±810","4.5%","±0.6","1,798","±554","10.4%","±3.2","663","±109","5.4%","±0.9","5,497","±718","5.5%","±0.7","694","±163","3.8%","±0.9","2,382","±518","5.2%","±1.1","1,282","±364","6.5%","±1.8","1,514","±294","4.6%","±0.9","711","±255","5.6%","±2.0","2,754","±592","7.2%","±1.6","1,145","±334","8.3%","±2.4","1,208","±313","7.2%","±1.9","2,158","±581","3.3%","±0.9","2,057","±456","7.9%","±1.8","273","±105","4.4%","±1.7","904","±305","5.6%","±1.9","378","±146","4.4%","±1.7","592","±244","4.6%","±1.9","632","±228","5.3%","±1.9","1,400","±392","6.6%","±1.8","4,260","±586","5.7%","±0.8","3,693","±693","21.7%","±4.1","677","±146","4.0%","±0.9","1,422","±363","3.3%","±0.9","2,317","±432","5.8%","±1.1","352","±45","5.3%","±0.7","322","±117","3.8%","±1.4","160","±76","1.9%","±0.9","307","±101","4.3%","±1.4","656","±193","2.9%","±0.9","531","±133","5.3%","±1.3","471","±141","3.0%","±0.9","544","±169","5.3%","±1.7","1,756","±313","7.7%","±1.4","1,096","±164","5.7%","±0.8","4,527","±651","7.1%","±1.0","321","±129","3.9%","±1.6","25,579","±2,382","6.4%","±0.6","1,026","±160","5.5%","±0.9","544","±155","2.4%","±0.7","7,239","±952","5.8%","±0.8","692","±173","7.0%","±1.8","781","±272","9.9%","±3.5","12,548","±1,151","9.8%","±0.9","1,132","±482","7.2%","±3.1","937","±345","5.3%","±2.0","808","±243","6.5%","±1.9","1,596","±486","4.2%","±1.3","568","±176","3.6%","±1.1","45,253","±3,093","18.0%","±1.2","4,541","±654","5.9%","±0.8","152","±63","2.5%","±1.0","864","±246","4.3%","±1.2"
"        One race","16,278","±201","97.0%","±1.2","17,893","±272","95.6%","±1.5","39,950","±369","94.8%","±0.9","228,991","±4,132","77.7%","±1.4","36,301","±218","95.8%","±0.6","9,719","±272","93.9%","±2.6","4,326","±169","91.7%","±3.6","22,861","±866","80.1%","±3.0","9,541","±164","95.4%","±1.6","20,616","±222","96.4%","±1.0","13,645","±111","94.8%","±0.8","24,053","±209","96.0%","±0.8","7,287","±155","97.3%","±2.1","21,940","±207","97.4%","±0.9","20,157","±193","96.6%","±0.9","105,095","±1,054","93.8%","±0.9","54,450","±966","89.6%","±1.6","43,843","±645","92.1%","±1.4","15,154","±270","90.8%","±1.6","6,168","±96","97.1%","±1.5","10,644","±181","96.4%","±1.6","16,078","±270","93.8%","±1.6","120,305","±810","95.5%","±0.6","15,422","±554","89.6%","±3.2","11,576","±109","94.6%","±0.9","94,565","±718","94.5%","±0.7","17,417","±163","96.2%","±0.9","43,800","±518","94.8%","±1.1","18,496","±364","93.5%","±1.8","31,628","±294","95.4%","±0.9","11,990","±255","94.4%","±2.0","35,366","±592","92.8%","±1.6","12,721","±334","91.7%","±2.4","15,567","±313","92.8%","±1.9","63,622","±581","96.7%","±0.9","23,875","±456","92.1%","±1.8","5,938","±105","95.6%","±1.7","15,361","±305","94.4%","±1.9","8,133","±146","95.6%","±1.7","12,374","±244","95.4%","±1.9","11,327","±228","94.7%","±1.9","19,840","±392","93.4%","±1.8","70,487","±586","94.3%","±0.8","13,339","±693","78.3%","±4.1","16,399","±146","96.0%","±0.9","41,166","±363","96.7%","±0.9","37,432","±432","94.2%","±1.1","6,329","±45","94.7%","±0.7","8,249","±117","96.2%","±1.4","8,068","±76","98.1%","±0.9","6,868","±101","95.7%","±1.4","21,661","±193","97.1%","±0.9","9,542","±133","94.7%","±1.3","15,439","±141","97.0%","±0.9","9,638","±169","94.7%","±1.7","20,984","±313","92.3%","±1.4","18,252","±164","94.3%","±0.8","59,303","±651","92.9%","±1.0","7,841","±129","96.1%","±1.6","373,370","±2,382","93.6%","±0.6","17,707","±160","94.5%","±0.9","22,196","±155","97.6%","±0.7","118,485","±952","94.2%","±0.8","9,147","±173","93.0%","±1.8","7,080","±272","90.1%","±3.5","115,900","±1,151","90.2%","±0.9","14,665","±482","92.8%","±3.1","16,660","±345","94.7%","±2.0","11,666","±243","93.5%","±1.9","36,772","±486","95.8%","±1.3","15,368","±176","96.4%","±1.1","206,610","±3,093","82.0%","±1.2","72,854","±654","94.1%","±0.8","6,005","±63","97.5%","±1.0","19,331","±246","95.7%","±1.2"
"            White","11,816","±124","70.4%","±0.7","13,110","±239","70.0%","±1.3","39,153","±364","92.9%","±0.9","194,407","±3,826","66.0%","±1.3","35,722","±167","94.3%","±0.4","6,034","±204","58.3%","±2.0","3,725","±154","79.0%","±3.3","20,888","±753","73.2%","±2.6","4,094","±150","41.0%","±1.5","14,874","±207","69.6%","±1.0","13,539","±78","94.0%","±0.5","23,640","±251","94.4%","±1.0","6,282","±15","83.9%","±0.2","13,785","±136","61.2%","±0.6","17,124","±228","82.0%","±1.1","82,027","±742","73.2%","±0.7","50,417","±884","82.9%","±1.5","19,214","±162","40.4%","±0.3","12,009","±50","72.0%","±0.3","3,359","±57","52.9%","±0.9","4,961","±143","44.9%","±1.3","11,266","±182","65.7%","±1.1","100,668","±675","79.9%","±0.5","14,853","±563","86.3%","±3.3","11,371","±109","92.9%","±0.9","83,604","±731","83.6%","±0.7","16,618","±146","91.8%","±0.8","41,655","±616","90.2%","±1.3","10,970","±321","55.5%","±1.6","27,455","±285","82.8%","±0.9","8,176","±181","64.4%","±1.4","32,371","±640","84.9%","±1.7","12,174","±293","87.8%","±2.1","12,702","±48","75.7%","±0.3","24,710","±261","37.6%","±0.4","21,858","±431","84.3%","±1.7","3,586","±62","57.7%","±1.0","15,077","±291","92.7%","±1.8","3,401","±114","40.0%","±1.3","8,046","±117","62.1%","±0.9","8,723","±127","72.9%","±1.1","18,959","±372","89.3%","±1.8","64,071","±498","85.7%","±0.7","12,687","±667","74.5%","±3.9","16,056","±156","94.0%","±0.9","28,768","±235","67.5%","±0.6","22,846","±275","57.5%","±0.7","3,570","±25","53.4%","±0.4","7,797","±72","91.0%","±0.8","5,340","±123","64.9%","±1.5","6,718","±101","93.6%","±1.4","12,328","±121","55.2%","±0.5","9,242","±119","91.8%","±1.2","5,478","±100","34.4%","±0.6","8,942","±163","87.8%","±1.6","19,300","±148","84.9%","±0.7","17,304","±158","89.4%","±0.8","53,984","±742","84.6%","±1.2","6,910","±98","84.7%","±1.2","202,564","±1,506","50.8%","±0.4","16,818","±139","89.8%","±0.7","9,350","±100","41.1%","±0.4","103,194","±875","82.1%","±0.7","8,351","±122","84.9%","±1.2","6,935","±252","88.2%","±3.2","88,914","±891","69.2%","±0.7","9,277","±400","58.7%","±2.5","16,259","±330","92.4%","±1.9","11,305","±245","90.6%","±2.0","23,789","±392","62.0%","±1.0","14,810","±160","92.9%","±1.0","169,308","±2,569","67.2%","±1.0","67,988","±606","87.8%","±0.8","4,289","±22","69.7%","±0.4","15,971","±387","79.1%","±1.9"
"            Black or African American","4,319","±136","25.7%","±0.8","4,606","±107","24.6%","±0.6","159","±75","0.4%","±0.2","5,357","±465","1.8%","±0.2","103","±54","0.3%","±0.1","2,735","±170","26.4%","±1.6","581","±188","12.3%","±4.0","54","±47","0.2%","±0.2","5,338","±82","53.4%","±0.8","5,076","±151","23.7%","±0.7","13","±21","0.1%","±0.1","90","±33","0.4%","±0.1","984","±161","13.1%","±2.1","7,873","±193","34.9%","±0.9","2,307","±195","11.1%","±0.9","18,803","±554","16.8%","±0.5","706","±233","1.2%","±0.4","24,013","±582","50.4%","±1.2","3,071","±277","18.4%","±1.7","2,779","±114","43.8%","±1.8","5,371","±112","48.6%","±1.0","4,580","±140","26.7%","±0.8","14,961","±492","11.9%","±0.4","43","±39","0.2%","±0.2","27","±27","0.2%","±0.2","7,839","±451","7.8%","±0.5","469","±75","2.6%","±0.4","1,026","±176","2.2%","±0.4","5,878","±166","29.7%","±0.8","3,823","±123","11.5%","±0.4","2,642","±140","20.8%","±1.1","612","±167","1.6%","±0.4","228","±98","1.6%","±0.7","2,468","±243","14.7%","±1.4","37,023","±568","56.3%","±0.9","450","±110","1.7%","±0.4","2,226","±121","35.8%","±1.9","160","±74","1.0%","±0.5","4,658","±107","54.7%","±1.3","3,703","±192","28.6%","±1.5","2,340","±121","19.6%","±1.0","363","±65","1.7%","±0.3","4,136","±297","5.5%","±0.4","33","±40","0.2%","±0.2","32","±32","0.2%","±0.2","10,934","±234","25.7%","±0.5","13,836","±304","34.8%","±0.8","2,687","±87","40.2%","±1.3","76","±20","0.9%","±0.2","2,626","±116","31.9%","±1.4","11","±18","0.2%","±0.3","9,146","±135","41.0%","±0.6","179","±97","1.8%","±1.0","9,777","±200","61.5%","±1.3","392","±77","3.8%","±0.8","1,331","±317","5.9%","±1.4","18","±26","0.1%","±0.1","1,499","±318","2.3%","±0.5","857","±90","10.5%","±1.1","146,981","±1,169","36.8%","±0.3","212","±57","1.1%","±0.3","12,504","±138","55.0%","±0.6","10,593","±522","8.4%","±0.4","148","±85","1.5%","±0.9","6","±23","0.1%","±0.3","7,366","±586","5.7%","±0.5","790","±149","5.0%","±0.9","107","±80","0.6%","±0.5","13","±22","0.1%","±0.2","12,432","±308","32.4%","±0.8","101","±67","0.6%","±0.4","8,017","±714","3.2%","±0.3","3,410","±276","4.4%","±0.4","1,671","±84","27.1%","±1.4","349","±77","1.7%","±0.4"
"            American Indian and Alaska Native","16","±14","0.1%","±0.1","37","±37","0.2%","±0.2","219","±101","0.5%","±0.2","3,318","±707","1.1%","±0.2","145","±65","0.4%","±0.2","517","±222","5.0%","±2.1","11","±18","0.2%","±0.4","283","±93","1.0%","±0.3","8","±15","0.1%","±0.2","24","±23","0.1%","±0.1","48","±43","0.3%","±0.3","141","±63","0.6%","±0.3","0","±18","0.0%","±0.5","60","±43","0.3%","±0.2","94","±49","0.5%","±0.2","286","±96","0.3%","±0.1","663","±206","1.1%","±0.3","56","±43","0.1%","±0.1","45","±52","0.3%","±0.3","0","±18","0.0%","±0.6","17","±21","0.2%","±0.2","0","±20","0.0%","±0.2","285","±117","0.2%","±0.1","151","±91","0.9%","±0.5","79","±74","0.6%","±0.6","475","±166","0.5%","±0.2","21","±22","0.1%","±0.1","43","±29","0.1%","±0.1","117","±102","0.6%","±0.5","129","±76","0.4%","±0.2","34","±42","0.3%","±0.3","190","±130","0.5%","±0.3","88","±64","0.6%","±0.5","86","±56","0.5%","±0.3","214","±135","0.3%","±0.2","129","±128","0.5%","±0.5","12","±18","0.2%","±0.3","15","±21","0.1%","±0.1","0","±18","0.0%","±0.4","36","±30","0.3%","±0.2","120","±48","1.0%","±0.4","42","±37","0.2%","±0.2","160","±126","0.2%","±0.2","241","±246","1.4%","±1.4","77","±57","0.5%","±0.3","316","±106","0.7%","±0.2","55","±68","0.1%","±0.2","0","±18","0.0%","±0.6","130","±84","1.5%","±1.0","2","±7","0.0%","±0.1","67","±49","0.9%","±0.7","41","±32","0.2%","±0.1","20","±18","0.2%","±0.2","6","±8","0.0%","±0.1","13","±19","0.1%","±0.2","139","±115","0.6%","±0.5","256","±103","1.3%","±0.5","747","±295","1.2%","±0.5","7","±9","0.1%","±0.1","1,305","±385","0.3%","±0.1","38","±37","0.2%","±0.2","56","±37","0.2%","±0.2","299","±99","0.2%","±0.1","23","±24","0.2%","±0.2","93","±53","1.2%","±0.7","1,040","±217","0.8%","±0.2","357","±139","2.3%","±0.9","23","±20","0.1%","±0.1","95","±45","0.8%","±0.4","41","±45","0.1%","±0.1","122","±82","0.8%","±0.5","2,626","±702","1.0%","±0.3","135","±70","0.2%","±0.1","1","±3","0.0%","±0.1","108","±62","0.5%","±0.3"
"                Aztec","0","±20","0.0%","±0.2","0","±20","0.0%","±0.2","57","±64","0.1%","±0.2","698","±356","0.2%","±0.1","0","±27","0.0%","±0.1","517","±222","5.0%","±2.1","0","±13","0.0%","±0.8","0","±24","0.0%","±0.1","0","±18","0.0%","±0.4","0","±24","0.0%","±0.2","0","±20","0.0%","±0.3","0","±24","0.0%","±0.1","0","±18","0.0%","±0.5","0","±24","0.0%","±0.2","0","±24","0.0%","±0.2","0","±30","0.0%","±0.1","0","±30","0.0%","±0.1","0","±27","0.0%","±0.1","0","±20","0.0%","±0.2","0","±18","0.0%","±0.6","0","±20","0.0%","±0.3","0","±20","0.0%","±0.2","3","±6","0.0%","±0.1","0","±20","0.0%","±0.2","0","±20","0.0%","±0.3","52","±90","0.1%","±0.1","0","±20","0.0%","±0.2","0","±27","0.0%","±0.1","0","±20","0.0%","±0.2","24","±36","0.1%","±0.1","0","±20","0.0%","±0.3","14","±16","0.0%","±0.1","0","±20","0.0%","±0.3","0","±20","0.0%","±0.2","172","±135","0.3%","±0.2","0","±24","0.0%","±0.1","0","±18","0.0%","±0.6","0","±20","0.0%","±0.2","0","±18","0.0%","±0.4","0","±20","0.0%","±0.3","0","±20","0.0%","±0.3","0","±24","0.0%","±0.2","71","±107","0.1%","±0.1","0","±20","0.0%","±0.2","0","±20","0.0%","±0.2","0","±27","0.0%","±0.1","44","±66","0.1%","±0.2","0","±18","0.0%","±0.6","13","±18","0.2%","±0.2","0","±18","0.0%","±0.5","0","±18","0.0%","±0.5","0","±24","0.0%","±0.2","0","±20","0.0%","±0.4","0","±20","0.0%","±0.2","12","±18","0.1%","±0.2","0","±24","0.0%","±0.2","14","±21","0.1%","±0.1","285","±213","0.4%","±0.3","3","±6","0.0%","±0.1","271","±275","0.1%","±0.1","0","±20","0.0%","±0.2","0","±24","0.0%","±0.2","0","±30","0.0%","±0.1","0","±18","0.0%","±0.4","0","±18","0.0%","±0.5","15","±28","0.0%","±0.1","0","±20","0.0%","±0.2","0","±20","0.0%","±0.2","0","±20","0.0%","±0.3","0","±27","0.0%","±0.1","0","±20","0.0%","±0.2","474","±412","0.2%","±0.2","3","±7","0.0%","±0.1","0","±18","0.0%","±0.6","17","±27","0.1%","±0.1"
"                Blackfeet Tribe of the Blackfeet Indian Reservation of Montana","0","±20","0.0%","±0.2","0","±20","0.0%","±0.2","0","±27","0.0%","±0.1","11","±18","0.0%","±0.1","0","±27","0.0%","±0.1","0","±20","0.0%","±0.4","0","±13","0.0%","±0.8","0","±24","0.0%","±0.1","0","±18","0.0%","±0.4","0","±24","0.0%","±0.2","1","±2","0.0%","±0.1","0","±24","0.0%","±0.1","0","±18","0.0%","±0.5","0","±24","0.0%","±0.2","0","±24","0.0%","±0.2","0","±30","0.0%","±0.1","0","±30","0.0%","±0.1","0","±27","0.0%","±0.1","0","±20","0.0%","±0.2","0","±18","0.0%","±0.6","0","±20","0.0%","±0.3","0","±20","0.0%","±0.2","0","±30","0.0%","±0.1","0","±20","0.0%","±0.2","0","±20","0.0%","±0.3","5","±13","0.0%","±0.1","0","±20","0.0%","±0.2","0","±27","0.0%","±0.1","0","±20","0.0%","±0.2","0","±27","0.0%","±0.1","0","±20","0.0%","±0.3","0","±27","0.0%","±0.1","0","±20","0.0%","±0.3","0","±20","0.0%","±0.2","0","±30","0.0%","±0.1","0","±24","0.0%","±0.1","0","±18","0.0%","±0.6","0","±20","0.0%","±0.2","0","±18","0.0%","±0.4","0","±20","0.0%","±0.3","0","±20","0.0%","±0.3","0","±24","0.0%","±0.2","0","±30","0.0%","±0.1","0","±20","0.0%","±0.2","0","±20","0.0%","±0.2","0","±27","0.0%","±0.1","0","±27","0.0%","±0.1","0","±18","0.0%","±0.6","7","±10","0.1%","±0.1","0","±18","0.0%","±0.5","0","±18","0.0%","±0.5","0","±24","0.0%","±0.2","0","±20","0.0%","±0.4","0","±20","0.0%","±0.2","0","±20","0.0%","±0.4","0","±24","0.0%","±0.2","0","±20","0.0%","±0.2","0","±30","0.0%","±0.1","0","±18","0.0%","±0.5","14","±20","0.0%","±0.1","0","±20","0.0%","±0.2","0","±24","0.0%","±0.2","0","±30","0.0%","±0.1","0","±18","0.0%","±0.4","0","±18","0.0%","±0.5","0","±30","0.0%","±0.1","0","±20","0.0%","±0.2","0","±20","0.0%","±0.2","0","±20","0.0%","±0.3","0","±27","0.0%","±0.1","0","±20","0.0%","±0.2","2","±4","0.0%","±0.1","0","±30","0.0%","±0.1","0","±18","0.0%","±0.6","0","±24","0.0%","±0.2"
"                Maya","0","±20","0.0%","±0.2","0","±20","0.0%","±0.2","0","±27","0.0%","±0.1","158","±233","0.1%","±0.1","0","±27","0.0%","±0.1","0","±20","0.0%","±0.4","0","±13","0.0%","±0.8","0","±24","0.0%","±0.1","0","±18","0.0%","±0.4","0","±24","0.0%","±0.2","0","±20","0.0%","±0.3","0","±24","0.0%","±0.1","0","±18","0.0%","±0.5","0","±24","0.0%","±0.2","0","±24","0.0%","±0.2","37","±53","0.0%","±0.1","6","±12","0.0%","±0.1","10","±17","0.0%","±0.1","0","±20","0.0%","±0.2","0","±18","0.0%","±0.6","0","±20","0.0%","±0.3","0","±20","0.0%","±0.2","0","±30","0.0%","±0.1","0","±20","0.0%","±0.2","0","±20","0.0%","±0.3","0","±30","0.0%","±0.1","0","±20","0.0%","±0.2","0","±27","0.0%","±0.1","0","±20","0.0%","±0.2","0","±27","0.0%","±0.1","0","±20","0.0%","±0.3","50","±78","0.1%","±0.2","0","±20","0.0%","±0.3","0","±20","0.0%","±0.2","0","±30","0.0%","±0.1","61","±117","0.2%","±0.5","0","±18","0.0%","±0.6","0","±20","0.0%","±0.2","0","±18","0.0%","±0.4","0","±20","0.0%","±0.3","0","±20","0.0%","±0.3","0","±24","0.0%","±0.2","21","±40","0.0%","±0.1","191","±241","1.1%","±1.4","11","±19","0.1%","±0.1","0","±27","0.0%","±0.1","0","±27","0.0%","±0.1","0","±18","0.0%","±0.6","0","±18","0.0%","±0.4","0","±18","0.0%","±0.5","0","±18","0.0%","±0.5","0","±24","0.0%","±0.2","0","±20","0.0%","±0.4","0","±20","0.0%","±0.2","0","±20","0.0%","±0.4","0","±24","0.0%","±0.2","0","±20","0.0%","±0.2","308","±222","0.5%","±0.3","0","±18","0.0%","±0.5","18","±33","0.0%","±0.1","0","±20","0.0%","±0.2","0","±24","0.0%","±0.2","0","±30","0.0%","±0.1","0","±18","0.0%","±0.4","0","±18","0.0%","±0.5","0","±30","0.0%","±0.1","0","±20","0.0%","±0.2","0","±20","0.0%","±0.2","0","±20","0.0%","±0.3","0","±27","0.0%","±0.1","0","±20","0.0%","±0.2","28","±39","0.0%","±0.1","6","±14","0.0%","±0.1","0","±18","0.0%","±0.6","19","±22","0.1%","±0.1"
"                Native Village of Barrow Inupiat Traditional Government","0","±20","0.0%","±0.2","0","±20","0.0%","±0.2","0","±27","0.0%","±0.1","0","±30","0.0%","±0.1","0","±27","0.0%","±0.1","0","±20","0.0%","±0.4","0","±13","0.0%","±0.8","0","±24","0.0%","±0.1","0","±18","0.0%","±0.4","0","±24","0.0%","±0.2","0","±20","0.0%","±0.3","0","±24","0.0%","±0.1","0","±18","0.0%","±0.5","0","±24","0.0%","±0.2","0","±24","0.0%","±0.2","0","±30","0.0%","±0.1","0","±30","0.0%","±0.1","0","±27","0.0%","±0.1","0","±20","0.0%","±0.2","0","±18","0.0%","±0.6","0","±20","0.0%","±0.3","0","±20","0.0%","±0.2","0","±30","0.0%","±0.1","0","±20","0.0%","±0.2","0","±20","0.0%","±0.3","0","±30","0.0%","±0.1","0","±20","0.0%","±0.2","0","±27","0.0%","±0.1","0","±20","0.0%","±0.2","0","±27","0.0%","±0.1","0","±20","0.0%","±0.3","0","±27","0.0%","±0.1","0","±20","0.0%","±0.3","0","±20","0.0%","±0.2","0","±30","0.0%","±0.1","0","±24","0.0%","±0.1","0","±18","0.0%","±0.6","0","±20","0.0%","±0.2","0","±18","0.0%","±0.4","0","±20","0.0%","±0.3","0","±20","0.0%","±0.3","0","±24","0.0%","±0.2","0","±30","0.0%","±0.1","0","±20","0.0%","±0.2","0","±20","0.0%","±0.2","0","±27","0.0%","±0.1","0","±27","0.0%","±0.1","0","±18","0.0%","±0.6","0","±18","0.0%","±0.4","0","±18","0.0%","±0.5","0","±18","0.0%","±0.5","0","±24","0.0%","±0.2","0","±20","0.0%","±0.4","0","±20","0.0%","±0.2","0","±20","0.0%","±0.4","0","±24","0.0%","±0.2","0","±20","0.0%","±0.2","0","±30","0.0%","±0.1","0","±18","0.0%","±0.5","0","±30","0.0%","±0.1","0","±20","0.0%","±0.2","0","±24","0.0%","±0.2","0","±30","0.0%","±0.1","0","±18","0.0%","±0.4","0","±18","0.0%","±0.5","0","±30","0.0%","±0.1","0","±20","0.0%","±0.2","0","±20","0.0%","±0.2","0","±20","0.0%","±0.3","0","±27","0.0%","±0.1","0","±20","0.0%","±0.2","0","±30","0.0%","±0.1","0","±30","0.0%","±0.1","0","±18","0.0%","±0.6","0","±24","0.0%","±0.2"
"                Navajo Nation","0","±20","0.0%","±0.2","0","±20","0.0%","±0.2","0","±27","0.0%","±0.1","6","±9","0.0%","±0.1","0","±27","0.0%","±0.1","0","±20","0.0%","±0.4","0","±13","0.0%","±0.8","0","±24","0.0%","±0.1","0","±18","0.0%","±0.4","0","±24","0.0%","±0.2","24","±32","0.2%","±0.2","0","±24","0.0%","±0.1","0","±18","0.0%","±0.5","0","±24","0.0%","±0.2","0","±24","0.0%","±0.2","0","±30","0.0%","±0.1","0","±30","0.0%","±0.1","0","±27","0.0%","±0.1","0","±20","0.0%","±0.2","0","±18","0.0%","±0.6","10","±17","0.1%","±0.2","0","±20","0.0%","±0.2","0","±30","0.0%","±0.1","0","±20","0.0%","±0.2","0","±20","0.0%","±0.3","2","±5","0.0%","±0.1","0","±20","0.0%","±0.2","4","±6","0.0%","±0.1","0","±20","0.0%","±0.2","0","±27","0.0%","±0.1","0","±20","0.0%","±0.3","0","±27","0.0%","±0.1","0","±20","0.0%","±0.3","0","±20","0.0%","±0.2","0","±30","0.0%","±0.1","0","±24","0.0%","±0.1","0","±18","0.0%","±0.6","0","±20","0.0%","±0.2","0","±18","0.0%","±0.4","0","±20","0.0%","±0.3","0","±20","0.0%","±0.3","0","±24","0.0%","±0.2","0","±30","0.0%","±0.1","0","±20","0.0%","±0.2","0","±20","0.0%","±0.2","0","±27","0.0%","±0.1","0","±27","0.0%","±0.1","0","±18","0.0%","±0.6","0","±18","0.0%","±0.4","0","±18","0.0%","±0.5","0","±18","0.0%","±0.5","0","±24","0.0%","±0.2","0","±20","0.0%","±0.4","0","±20","0.0%","±0.2","0","±20","0.0%","±0.4","0","±24","0.0%","±0.2","8","±15","0.0%","±0.1","8","±13","0.0%","±0.1","0","±18","0.0%","±0.5","0","±30","0.0%","±0.1","5","±8","0.0%","±0.1","0","±24","0.0%","±0.2","0","±30","0.0%","±0.1","0","±18","0.0%","±0.4","0","±18","0.0%","±0.5","0","±30","0.0%","±0.1","0","±20","0.0%","±0.2","0","±20","0.0%","±0.2","0","±20","0.0%","±0.3","0","±27","0.0%","±0.1","0","±20","0.0%","±0.2","0","±30","0.0%","±0.1","0","±30","0.0%","±0.1","0","±18","0.0%","±0.6","0","±24","0.0%","±0.2"
"                Nome Eskimo Community","0","±20","0.0%","±0.2","0","±20","0.0%","±0.2","0","±27","0.0%","±0.1","0","±30","0.0%","±0.1","0","±27","0.0%","±0.1","0","±20","0.0%","±0.4","0","±13","0.0%","±0.8","0","±24","0.0%","±0.1","0","±18","0.0%","±0.4","0","±24","0.0%","±0.2","0","±20","0.0%","±0.3","0","±24","0.0%","±0.1","0","±18","0.0%","±0.5","0","±24","0.0%","±0.2","0","±24","0.0%","±0.2","0","±30","0.0%","±0.1","0","±30","0.0%","±0.1","0","±27","0.0%","±0.1","0","±20","0.0%","±0.2","0","±18","0.0%","±0.6","0","±20","0.0%","±0.3","0","±20","0.0%","±0.2","0","±30","0.0%","±0.1","0","±20","0.0%","±0.2","0","±20","0.0%","±0.3","0","±30","0.0%","±0.1","0","±20","0.0%","±0.2","0","±27","0.0%","±0.1","0","±20","0.0%","±0.2","0","±27","0.0%","±0.1","0","±20","0.0%","±0.3","0","±27","0.0%","±0.1","0","±20","0.0%","±0.3","0","±20","0.0%","±0.2","0","±30","0.0%","±0.1","0","±24","0.0%","±0.1","0","±18","0.0%","±0.6","0","±20","0.0%","±0.2","0","±18","0.0%","±0.4","0","±20","0.0%","±0.3","0","±20","0.0%","±0.3","0","±24","0.0%","±0.2","0","±30","0.0%","±0.1","0","±20","0.0%","±0.2","0","±20","0.0%","±0.2","0","±27","0.0%","±0.1","0","±27","0.0%","±0.1","0","±18","0.0%","±0.6","0","±18","0.0%","±0.4","0","±18","0.0%","±0.5","0","±18","0.0%","±0.5","0","±24","0.0%","±0.2","0","±20","0.0%","±0.4","0","±20","0.0%","±0.2","0","±20","0.0%","±0.4","0","±24","0.0%","±0.2","0","±20","0.0%","±0.2","0","±30","0.0%","±0.1","0","±18","0.0%","±0.5","0","±30","0.0%","±0.1","0","±20","0.0%","±0.2","0","±24","0.0%","±0.2","0","±30","0.0%","±0.1","0","±18","0.0%","±0.4","0","±18","0.0%","±0.5","0","±30","0.0%","±0.1","0","±20","0.0%","±0.2","0","±20","0.0%","±0.2","0","±20","0.0%","±0.3","0","±27","0.0%","±0.1","0","±20","0.0%","±0.2","0","±30","0.0%","±0.1","0","±30","0.0%","±0.1","0","±18","0.0%","±0.6","0","±24","0.0%","±0.2"
"                Other American Indian and Alaska Native","16","±14","0.1%","±0.1","37","±37","0.2%","±0.2","162","±78","0.4%","±0.2","2,445","±546","0.8%","±0.2","145","±65","0.4%","±0.2","0","±20","0.0%","±0.4","11","±18","0.2%","±0.4","283","±93","1.0%","±0.3","8","±15","0.1%","±0.2","24","±23","0.1%","±0.1","23","±29","0.2%","±0.2","141","±63","0.6%","±0.3","0","±18","0.0%","±0.5","60","±43","0.3%","±0.2","94","±49","0.5%","±0.2","249","±84","0.2%","±0.1","657","±204","1.1%","±0.3","46","±41","0.1%","±0.1","45","±52","0.3%","±0.3","0","±18","0.0%","±0.6","7","±12","0.1%","±0.1","0","±20","0.0%","±0.2","282","±116","0.2%","±0.1","151","±91","0.9%","±0.5","79","±74","0.6%","±0.6","416","±149","0.4%","±0.1","21","±22","0.1%","±0.1","39","±29","0.1%","±0.1","117","±102","0.6%","±0.5","105","±70","0.3%","±0.2","34","±42","0.3%","±0.3","126","±109","0.3%","±0.3","88","±64","0.6%","±0.5","86","±56","0.5%","±0.3","42","±31","0.1%","±0.1","68","±53","0.3%","±0.2","12","±18","0.2%","±0.3","15","±21","0.1%","±0.1","0","±18","0.0%","±0.4","36","±30","0.3%","±0.2","120","±48","1.0%","±0.4","42","±37","0.2%","±0.2","68","±46","0.1%","±0.1","50","±45","0.3%","±0.3","66","±53","0.4%","±0.3","316","±106","0.7%","±0.2","11","±16","0.0%","±0.1","0","±18","0.0%","±0.6","110","±78","1.3%","±0.9","2","±7","0.0%","±0.1","67","±49","0.9%","±0.7","41","±32","0.2%","±0.1","20","±18","0.2%","±0.2","6","±8","0.0%","±0.1","1","±3","0.0%","±0.1","139","±115","0.6%","±0.5","234","±97","1.2%","±0.5","146","±94","0.2%","±0.1","4","±8","0.0%","±0.1","1,002","±238","0.3%","±0.1","33","±35","0.2%","±0.2","56","±37","0.2%","±0.2","299","±99","0.2%","±0.1","23","±24","0.2%","±0.2","93","±53","1.2%","±0.7","1,025","±213","0.8%","±0.2","357","±139","2.3%","±0.9","23","±20","0.1%","±0.1","95","±45","0.8%","±0.4","41","±45","0.1%","±0.1","122","±82","0.8%","±0.5","2,122","±520","0.8%","±0.2","126","±73","0.2%","±0.1","1","±3","0.0%","±0.1","72","±46","0.4%","±0.2"
"            Asian","14","±18","0.1%","±0.1","3","±6","0.0%","±0.1","273","±40","0.6%","±0.1","12,840","±571","4.4%","±0.2","98","±78","0.3%","±0.2","7","±11","0.1%","±0.1","9","±17","0.2%","±0.4","448","±176","1.6%","±0.6","26","±25","0.3%","±0.3","95","±63","0.4%","±0.3","5","±6","0.0%","±0.1","51","±48","0.2%","±0.2","16","±29","0.2%","±0.4","83","±86","0.4%","±0.4","157","±145","0.8%","±0.7","1,291","±195","1.2%","±0.2","709","±188","1.2%","±0.3","332","±67","0.7%","±0.1","10","±16","0.1%","±0.1","5","±9","0.1%","±0.1","0","±20","0.0%","±0.3","121","±45","0.7%","±0.3","1,341","±267","1.1%","±0.2","162","±50","0.9%","±0.3","4","±6","0.0%","±0.1","774","±141","0.8%","±0.1","66","±49","0.4%","±0.3","170","±92","0.4%","±0.2","105","±50","0.5%","±0.3","10","±13","0.0%","±0.1","75","±116","0.6%","±0.9","354","±41","0.9%","±0.1","64","±22","0.5%","±0.2","54","±32","0.3%","±0.2","484","±188","0.7%","±0.3","811","±116","3.1%","±0.4","69","±88","1.1%","±1.4","15","±13","0.1%","±0.1","9","±16","0.1%","±0.2","47","±79","0.4%","±0.6","19","±21","0.2%","±0.2","292","±90","1.4%","±0.4","830","±154","1.1%","±0.2","81","±71","0.5%","±0.4","129","±31","0.8%","±0.2","325","±59","0.8%","±0.1","168","±93","0.4%","±0.2","66","±79","1.0%","±1.2","82","±76","1.0%","±0.9","0","±18","0.0%","±0.5","6","±10","0.1%","±0.1","53","±56","0.2%","±0.2","41","±55","0.4%","±0.5","149","±135","0.9%","±0.9","18","±25","0.2%","±0.2","5","±7","0.0%","±0.1","0","±20","0.0%","±0.2","636","±170","1.0%","±0.3","0","±18","0.0%","±0.5","8,626","±503","2.2%","±0.1","74","±41","0.4%","±0.2","19","±21","0.1%","±0.1","1,330","±323","1.1%","±0.3","135","±105","1.4%","±1.1","17","±23","0.2%","±0.3","5,602","±452","4.4%","±0.4","46","±66","0.3%","±0.4","99","±17","0.6%","±0.1","44","±37","0.4%","±0.3","319","±25","0.8%","±0.1","63","±22","0.4%","±0.1","6,041","±391","2.4%","±0.2","526","±140","0.7%","±0.2","0","±18","0.0%","±0.6","261","±42","1.3%","±0.2"
"                Asian Indian","3","±6","0.0%","±0.1","0","±20","0.0%","±0.2","0","±27","0.0%","±0.1","7,554","±844","2.6%","±0.3","0","±27","0.0%","±0.1","0","±20","0.0%","±0.4","9","±17","0.2%","±0.4","0","±24","0.0%","±0.1","0","±18","0.0%","±0.4","0","±24","0.0%","±0.2","0","±20","0.0%","±0.3","16","±22","0.1%","±0.1","0","±18","0.0%","±0.5","15","±23","0.1%","±0.1","0","±24","0.0%","±0.2","199","±177","0.2%","±0.2","0","±30","0.0%","±0.1","41","±40","0.1%","±0.1","0","±20","0.0%","±0.2","0","±18","0.0%","±0.6","0","±20","0.0%","±0.3","64","±69","0.4%","±0.4","286","±252","0.2%","±0.2","2","±5","0.0%","±0.1","0","±20","0.0%","±0.3","272","±132","0.3%","±0.1","0","±20","0.0%","±0.2","0","±27","0.0%","±0.1","38","±45","0.2%","±0.2","0","±27","0.0%","±0.1","0","±20","0.0%","±0.3","68","±91","0.2%","±0.2","14","±24","0.1%","±0.2","18","±25","0.1%","±0.1","264","±160","0.4%","±0.2","0","±24","0.0%","±0.1","0","±18","0.0%","±0.6","0","±20","0.0%","±0.2","0","±18","0.0%","±0.4","0","±20","0.0%","±0.3","0","±20","0.0%","±0.3","1","±2","0.0%","±0.1","0","±30","0.0%","±0.1","0","±20","0.0%","±0.2","42","±38","0.2%","±0.2","63","±99","0.1%","±0.2","60","±69","0.2%","±0.2","0","±18","0.0%","±0.6","0","±18","0.0%","±0.4","0","±18","0.0%","±0.5","0","±18","0.0%","±0.5","0","±24","0.0%","±0.2","0","±20","0.0%","±0.4","0","±20","0.0%","±0.2","10","±18","0.1%","±0.2","2","±3","0.0%","±0.1","0","±20","0.0%","±0.2","98","±117","0.2%","±0.2","0","±18","0.0%","±0.5","2,484","±596","0.6%","±0.1","28","±38","0.1%","±0.2","0","±24","0.0%","±0.2","183","±296","0.1%","±0.2","0","±18","0.0%","±0.4","0","±18","0.0%","±0.5","201","±149","0.2%","±0.1","0","±20","0.0%","±0.2","0","±20","0.0%","±0.2","24","±31","0.2%","±0.2","69","±67","0.2%","±0.2","0","±20","0.0%","±0.2","770","±326","0.3%","±0.1","23","±29","0.0%","±0.1","0","±18","0.0%","±0.6","0","±24","0.0%","±0.2"
"                Chinese","11","±18","0.1%","±0.1","0","±20","0.0%","±0.2","44","±49","0.1%","±0.1","921","±376","0.3%","±0.1","21","±33","0.1%","±0.1","0","±20","0.0%","±0.4","0","±13","0.0%","±0.8","4","±4","0.0%","±0.1","8","±14","0.1%","±0.1","62","±56","0.3%","±0.3","0","±20","0.0%","±0.3","0","±24","0.0%","±0.1","0","±18","0.0%","±0.5","0","±24","0.0%","±0.2","126","±141","0.6%","±0.7","431","±230","0.4%","±0.2","42","±172","0.1%","±0.3","90","±51","0.2%","±0.1","10","±16","0.1%","±0.1","0","±18","0.0%","±0.6","0","±20","0.0%","±0.3","57","±85","0.3%","±0.5","151","±133","0.1%","±0.1","25","±33","0.1%","±0.2","0","±20","0.0%","±0.3","57","±42","0.1%","±0.1","51","±55","0.3%","±0.3","30","±55","0.1%","±0.1","9","±17","0.0%","±0.1","1","±3","0.0%","±0.1","72","±115","0.6%","±0.9","0","±27","0.0%","±0.1","0","±20","0.0%","±0.3","0","±20","0.0%","±0.2","17","±21","0.0%","±0.1","13","±21","0.1%","±0.1","0","±18","0.0%","±0.6","0","±20","0.0%","±0.2","0","±18","0.0%","±0.4","0","±20","0.0%","±0.3","0","±20","0.0%","±0.3","64","±64","0.3%","±0.3","58","±59","0.1%","±0.1","11","±20","0.1%","±0.1","4","±9","0.0%","±0.1","0","±27","0.0%","±0.1","0","±27","0.0%","±0.1","46","±77","0.7%","±1.2","0","±18","0.0%","±0.4","0","±18","0.0%","±0.5","0","±18","0.0%","±0.5","0","±24","0.0%","±0.2","0","±20","0.0%","±0.4","58","±82","0.4%","±0.5","0","±20","0.0%","±0.4","0","±24","0.0%","±0.2","0","±20","0.0%","±0.2","206","±174","0.3%","±0.3","0","±18","0.0%","±0.5","991","±320","0.2%","±0.1","5","±8","0.0%","±0.1","0","±24","0.0%","±0.2","168","±160","0.1%","±0.1","0","±18","0.0%","±0.4","5","±11","0.1%","±0.1","57","±46","0.0%","±0.1","1","±2","0.0%","±0.1","0","±20","0.0%","±0.2","0","±20","0.0%","±0.3","209","±85","0.5%","±0.2","0","±20","0.0%","±0.2","1,044","±422","0.4%","±0.2","190","±147","0.2%","±0.2","0","±18","0.0%","±0.6","23","±30","0.1%","±0.2"
"                Filipino","0","±20","0.0%","±0.2","3","±6","0.0%","±0.1","130","±94","0.3%","±0.2","806","±318","0.3%","±0.1","46","±50","0.1%","±0.1","0","±20","0.0%","±0.4","0","±13","0.0%","±0.8","257","±182","0.9%","±0.6","11","±17","0.1%","±0.2","5","±10","0.0%","±0.1","2","±3","0.0%","±0.1","2","±3","0.0%","±0.1","0","±18","0.0%","±0.5","1","±9","0.0%","±0.1","31","±31","0.1%","±0.1","128","±87","0.1%","±0.1","55","±58","0.1%","±0.1","125","±98","0.3%","±0.2","0","±20","0.0%","±0.2","0","±18","0.0%","±0.6","0","±20","0.0%","±0.3","0","±20","0.0%","±0.2","140","±90","0.1%","±0.1","24","±35","0.1%","±0.2","4","±6","0.0%","±0.1","105","±88","0.1%","±0.1","15","±22","0.1%","±0.1","5","±11","0.0%","±0.1","0","±20","0.0%","±0.2","8","±13","0.0%","±0.1","3","±6","0.0%","±0.1","143","±141","0.4%","±0.4","22","±21","0.2%","±0.2","0","±20","0.0%","±0.2","96","±131","0.1%","±0.2","220","±162","0.8%","±0.6","0","±18","0.0%","±0.6","14","±13","0.1%","±0.1","0","±18","0.0%","±0.4","0","±20","0.0%","±0.3","19","±21","0.2%","±0.2","6","±9","0.0%","±0.1","300","±144","0.4%","±0.2","21","±36","0.1%","±0.2","6","±10","0.0%","±0.1","0","±27","0.0%","±0.1","8","±11","0.0%","±0.1","6","±12","0.1%","±0.2","5","±9","0.1%","±0.1","0","±18","0.0%","±0.5","0","±18","0.0%","±0.5","40","±51","0.2%","±0.2","5","±10","0.0%","±0.1","91","±131","0.6%","±0.8","0","±20","0.0%","±0.4","2","±6","0.0%","±0.1","0","±20","0.0%","±0.2","23","±28","0.0%","±0.1","0","±18","0.0%","±0.5","1,781","±408","0.4%","±0.1","34","±30","0.2%","±0.2","0","±24","0.0%","±0.2","70","±83","0.1%","±0.1","9","±15","0.1%","±0.2","0","±18","0.0%","±0.5","322","±181","0.3%","±0.1","0","±20","0.0%","±0.2","5","±8","0.0%","±0.1","20","±20","0.2%","±0.2","0","±27","0.0%","±0.1","53","±29","0.3%","±0.2","548","±178","0.2%","±0.1","18","±21","0.0%","±0.1","0","±18","0.0%","±0.6","0","±24","0.0%","±0.2"
"                Japanese","0","±20","0.0%","±0.2","0","±20","0.0%","±0.2","0","±27","0.0%","±0.1","84","±67","0.0%","±0.1","0","±27","0.0%","±0.1","7","±11","0.1%","±0.1","0","±13","0.0%","±0.8","0","±24","0.0%","±0.1","7","±11","0.1%","±0.1","12","±22","0.1%","±0.1","0","±20","0.0%","±0.3","27","±44","0.1%","±0.2","16","±29","0.2%","±0.4","0","±24","0.0%","±0.2","0","±24","0.0%","±0.2","21","±22","0.0%","±0.1","0","±30","0.0%","±0.1","11","±19","0.0%","±0.1","0","±20","0.0%","±0.2","0","±18","0.0%","±0.6","0","±20","0.0%","±0.3","0","±20","0.0%","±0.2","187","±115","0.1%","±0.1","0","±20","0.0%","±0.2","0","±20","0.0%","±0.3","54","±59","0.1%","±0.1","0","±20","0.0%","±0.2","0","±27","0.0%","±0.1","3","±6","0.0%","±0.1","0","±27","0.0%","±0.1","0","±20","0.0%","±0.3","0","±27","0.0%","±0.1","0","±20","0.0%","±0.3","0","±20","0.0%","±0.2","0","±30","0.0%","±0.1","0","±24","0.0%","±0.1","0","±18","0.0%","±0.6","0","±20","0.0%","±0.2","0","±18","0.0%","±0.4","0","±20","0.0%","±0.3","0","±20","0.0%","±0.3","0","±24","0.0%","±0.2","74","±72","0.1%","±0.1","3","±5","0.0%","±0.1","10","±16","0.1%","±0.1","0","±27","0.0%","±0.1","9","±16","0.0%","±0.1","0","±18","0.0%","±0.6","0","±18","0.0%","±0.4","0","±18","0.0%","±0.5","0","±18","0.0%","±0.5","0","±24","0.0%","±0.2","0","±20","0.0%","±0.4","0","±20","0.0%","±0.2","0","±20","0.0%","±0.4","0","±24","0.0%","±0.2","0","±20","0.0%","±0.2","0","±30","0.0%","±0.1","0","±18","0.0%","±0.5","79","±136","0.0%","±0.1","0","±20","0.0%","±0.2","0","±24","0.0%","±0.2","18","±36","0.0%","±0.1","0","±18","0.0%","±0.4","0","±18","0.0%","±0.5","16","±24","0.0%","±0.1","0","±20","0.0%","±0.2","12","±17","0.1%","±0.1","0","±20","0.0%","±0.3","0","±27","0.0%","±0.1","10","±18","0.1%","±0.1","182","±107","0.1%","±0.1","27","±45","0.0%","±0.1","0","±18","0.0%","±0.6","0","±24","0.0%","±0.2"
"                Korean","0","±20","0.0%","±0.2","0","±20","0.0%","±0.2","43","±53","0.1%","±0.1","293","±180","0.1%","±0.1","0","±27","0.0%","±0.1","0","±20","0.0%","±0.4","0","±13","0.0%","±0.8","5","±9","0.0%","±0.1","0","±18","0.0%","±0.4","0","±24","0.0%","±0.2","0","±20","0.0%","±0.3","6","±11","0.0%","±0.1","0","±18","0.0%","±0.5","0","±24","0.0%","±0.2","0","±24","0.0%","±0.2","63","±62","0.1%","±0.1","127","±99","0.2%","±0.2","43","±34","0.1%","±0.1","0","±20","0.0%","±0.2","0","±18","0.0%","±0.6","0","±20","0.0%","±0.3","0","±20","0.0%","±0.2","288","±178","0.2%","±0.1","6","±18","0.0%","±0.1","0","±20","0.0%","±0.3","50","±43","0.0%","±0.1","0","±20","0.0%","±0.2","0","±27","0.0%","±0.1","9","±16","0.0%","±0.1","0","±27","0.0%","±0.1","0","±20","0.0%","±0.3","0","±27","0.0%","±0.1","28","±34","0.2%","±0.2","6","±18","0.0%","±0.1","27","±31","0.0%","±0.1","54","±85","0.2%","±0.3","0","±18","0.0%","±0.6","0","±20","0.0%","±0.2","0","±18","0.0%","±0.4","0","±20","0.0%","±0.3","0","±20","0.0%","±0.3","0","±24","0.0%","±0.2","36","±56","0.0%","±0.1","3","±5","0.0%","±0.1","0","±20","0.0%","±0.2","33","±56","0.1%","±0.1","0","±27","0.0%","±0.1","0","±18","0.0%","±0.6","0","±18","0.0%","±0.4","0","±18","0.0%","±0.5","0","±18","0.0%","±0.5","10","±17","0.0%","±0.1","36","±53","0.4%","±0.5","0","±20","0.0%","±0.2","0","±20","0.0%","±0.4","0","±24","0.0%","±0.2","0","±20","0.0%","±0.2","22","±39","0.0%","±0.1","0","±18","0.0%","±0.5","556","±239","0.1%","±0.1","7","±17","0.0%","±0.1","5","±9","0.0%","±0.1","270","±179","0.2%","±0.1","0","±18","0.0%","±0.4","0","±18","0.0%","±0.5","123","±123","0.1%","±0.1","0","±20","0.0%","±0.2","23","±28","0.1%","±0.2","0","±20","0.0%","±0.3","34","±47","0.1%","±0.1","0","±20","0.0%","±0.2","115","±79","0.0%","±0.1","16","±28","0.0%","±0.1","0","±18","0.0%","±0.6","5","±9","0.0%","±0.1"
"                Vietnamese","0","±20","0.0%","±0.2","0","±20","0.0%","±0.2","6","±14","0.0%","±0.1","1,275","±478","0.4%","±0.2","3","±5","0.0%","±0.1","0","±20","0.0%","±0.4","0","±13","0.0%","±0.8","2","±8","0.0%","±0.1","0","±18","0.0%","±0.4","9","±14","0.0%","±0.1","3","±5","0.0%","±0.1","0","±24","0.0%","±0.1","0","±18","0.0%","±0.5","11","±21","0.0%","±0.1","0","±24","0.0%","±0.2","173","±163","0.2%","±0.1","43","±59","0.1%","±0.1","10","±17","0.0%","±0.1","0","±20","0.0%","±0.2","0","±18","0.0%","±0.6","0","±20","0.0%","±0.3","0","±20","0.0%","±0.2","28","±49","0.0%","±0.1","0","±20","0.0%","±0.2","0","±20","0.0%","±0.3","147","±137","0.1%","±0.1","0","±20","0.0%","±0.2","0","±27","0.0%","±0.1","8","±24","0.0%","±0.1","0","±27","0.0%","±0.1","0","±20","0.0%","±0.3","129","±112","0.3%","±0.3","0","±20","0.0%","±0.3","0","±20","0.0%","±0.2","31","±39","0.0%","±0.1","98","±137","0.4%","±0.5","0","±18","0.0%","±0.6","0","±20","0.0%","±0.2","9","±16","0.1%","±0.2","0","±20","0.0%","±0.3","0","±20","0.0%","±0.3","0","±24","0.0%","±0.2","130","±138","0.2%","±0.2","12","±21","0.1%","±0.1","0","±20","0.0%","±0.2","55","±81","0.1%","±0.2","29","±40","0.1%","±0.1","14","±22","0.2%","±0.3","18","±28","0.2%","±0.3","0","±18","0.0%","±0.5","0","±18","0.0%","±0.5","3","±5","0.0%","±0.1","0","±20","0.0%","±0.4","0","±20","0.0%","±0.2","8","±15","0.1%","±0.2","1","±4","0.0%","±0.1","0","±20","0.0%","±0.2","208","±175","0.3%","±0.3","0","±18","0.0%","±0.5","313","±154","0.1%","±0.1","0","±20","0.0%","±0.2","0","±24","0.0%","±0.2","412","±308","0.3%","±0.2","47","±56","0.5%","±0.6","0","±18","0.0%","±0.5","2,062","±549","1.6%","±0.4","43","±66","0.3%","±0.4","0","±20","0.0%","±0.2","0","±20","0.0%","±0.3","0","±27","0.0%","±0.1","0","±20","0.0%","±0.2","466","±238","0.2%","±0.1","35","±47","0.0%","±0.1","0","±18","0.0%","±0.6","4","±8","0.0%","±0.1"
"                Other Asian","0","±20","0.0%","±0.2","0","±20","0.0%","±0.2","50","±71","0.1%","±0.2","1,907","±563","0.6%","±0.2","28","±45","0.1%","±0.1","0","±20","0.0%","±0.4","0","±13","0.0%","±0.8","180","±149","0.6%","±0.5","0","±18","0.0%","±0.4","7","±15","0.0%","±0.1","0","±20","0.0%","±0.3","0","±24","0.0%","±0.1","0","±18","0.0%","±0.5","56","±87","0.2%","±0.4","0","±24","0.0%","±0.2","276","±173","0.2%","±0.2","442","±202","0.7%","±0.3","12","±18","0.0%","±0.1","0","±20","0.0%","±0.2","5","±9","0.1%","±0.1","0","±20","0.0%","±0.3","0","±20","0.0%","±0.2","261","±185","0.2%","±0.1","105","±59","0.6%","±0.3","0","±20","0.0%","±0.3","89","±59","0.1%","±0.1","0","±20","0.0%","±0.2","135","±136","0.3%","±0.3","38","±33","0.2%","±0.2","1","±3","0.0%","±0.1","0","±20","0.0%","±0.3","14","±34","0.0%","±0.1","0","±20","0.0%","±0.3","30","±31","0.2%","±0.2","49","±50","0.1%","±0.1","426","±190","1.6%","±0.7","69","±88","1.1%","±1.4","1","±3","0.0%","±0.1","0","±18","0.0%","±0.4","47","±79","0.4%","±0.6","0","±20","0.0%","±0.3","221","±99","1.0%","±0.5","232","±187","0.3%","±0.2","31","±37","0.2%","±0.2","67","±57","0.4%","±0.3","174","±131","0.4%","±0.3","62","±86","0.2%","±0.2","0","±18","0.0%","±0.6","59","±75","0.7%","±0.9","0","±18","0.0%","±0.5","6","±10","0.1%","±0.1","0","±24","0.0%","±0.2","0","±20","0.0%","±0.4","0","±20","0.0%","±0.2","0","±20","0.0%","±0.4","0","±24","0.0%","±0.2","0","±20","0.0%","±0.2","79","±58","0.1%","±0.1","0","±18","0.0%","±0.5","2,422","±569","0.6%","±0.1","0","±20","0.0%","±0.2","14","±18","0.1%","±0.1","209","±157","0.2%","±0.1","79","±92","0.8%","±0.9","12","±20","0.2%","±0.3","2,821","±529","2.2%","±0.4","2","±5","0.0%","±0.1","59","±35","0.3%","±0.2","0","±20","0.0%","±0.3","7","±9","0.0%","±0.1","0","±20","0.0%","±0.2","2,916","±486","1.2%","±0.2","217","±127","0.3%","±0.2","0","±18","0.0%","±0.6","229","±49","1.1%","±0.2"
"            Native Hawaiian and Other Pacific Islander","0","±20","0.0%","±0.2","50","±69","0.3%","±0.4","19","±24","0.0%","±0.1","2,030","±148","0.7%","±0.1","38","±57","0.1%","±0.2","31","±50","0.3%","±0.5","0","±13","0.0%","±0.8","354","±23","1.2%","±0.1","0","±18","0.0%","±0.4","41","±50","0.2%","±0.2","0","±20","0.0%","±0.3","9","±15","0.0%","±0.1","0","±18","0.0%","±0.5","11","±18","0.0%","±0.1","0","±24","0.0%","±0.2","38","±60","0.0%","±0.1","5","±23","0.0%","±0.1","0","±27","0.0%","±0.1","0","±20","0.0%","±0.2","0","±18","0.0%","±0.6","7","±12","0.1%","±0.1","0","±20","0.0%","±0.2","40","±39","0.0%","±0.1","0","±20","0.0%","±0.2","0","±20","0.0%","±0.3","212","±153","0.2%","±0.2","34","±40","0.2%","±0.2","214","±27","0.5%","±0.1","0","±20","0.0%","±0.2","0","±27","0.0%","±0.1","0","±20","0.0%","±0.3","216","±253","0.6%","±0.7","9","±12","0.1%","±0.1","0","±20","0.0%","±0.2","284","±259","0.4%","±0.4","50","±59","0.2%","±0.2","0","±18","0.0%","±0.6","14","±21","0.1%","±0.1","0","±18","0.0%","±0.4","0","±20","0.0%","±0.3","0","±20","0.0%","±0.3","0","±24","0.0%","±0.2","125","±114","0.2%","±0.2","145","±145","0.9%","±0.9","22","±33","0.1%","±0.2","0","±27","0.0%","±0.1","3","±4","0.0%","±0.1","0","±18","0.0%","±0.6","0","±18","0.0%","±0.4","7","±15","0.1%","±0.2","7","±13","0.1%","±0.2","0","±24","0.0%","±0.2","0","±20","0.0%","±0.4","0","±20","0.0%","±0.2","0","±20","0.0%","±0.4","7","±22","0.0%","±0.1","43","±57","0.2%","±0.3","38","±46","0.1%","±0.1","0","±18","0.0%","±0.5","165","±126","0.0%","±0.1","466","±20","2.5%","±0.2","66","±105","0.3%","±0.5","0","±30","0.0%","±0.1","5","±9","0.1%","±0.1","0","±18","0.0%","±0.5","157","±237","0.1%","±0.2","205","±20","1.3%","±0.2","3","±5","0.0%","±0.1","0","±20","0.0%","±0.3","0","±27","0.0%","±0.1","10","±19","0.1%","±0.1","6,838","±531","2.7%","±0.2","0","±30","0.0%","±0.1","22","±21","0.4%","±0.3","0","±24","0.0%","±0.2"
"                Chamorro","0","±20","0.0%","±0.2","0","±20","0.0%","±0.2","0","±27","0.0%","±0.1","12","±18","0.0%","±0.1","0","±27","0.0%","±0.1","0","±20","0.0%","±0.4","0","±13","0.0%","±0.8","0","±24","0.0%","±0.1","0","±18","0.0%","±0.4","0","±24","0.0%","±0.2","0","±20","0.0%","±0.3","0","±24","0.0%","±0.1","0","±18","0.0%","±0.5","11","±18","0.0%","±0.1","0","±24","0.0%","±0.2","0","±30","0.0%","±0.1","0","±30","0.0%","±0.1","0","±27","0.0%","±0.1","0","±20","0.0%","±0.2","0","±18","0.0%","±0.6","0","±20","0.0%","±0.3","0","±20","0.0%","±0.2","17","±27","0.0%","±0.1","0","±20","0.0%","±0.2","0","±20","0.0%","±0.3","38","±46","0.0%","±0.1","0","±20","0.0%","±0.2","0","±27","0.0%","±0.1","0","±20","0.0%","±0.2","0","±27","0.0%","±0.1","0","±20","0.0%","±0.3","0","±27","0.0%","±0.1","0","±20","0.0%","±0.3","0","±20","0.0%","±0.2","0","±30","0.0%","±0.1","13","±22","0.1%","±0.1","0","±18","0.0%","±0.6","0","±20","0.0%","±0.2","0","±18","0.0%","±0.4","0","±20","0.0%","±0.3","0","±20","0.0%","±0.3","0","±24","0.0%","±0.2","52","±73","0.1%","±0.1","0","±20","0.0%","±0.2","0","±20","0.0%","±0.2","0","±27","0.0%","±0.1","0","±27","0.0%","±0.1","0","±18","0.0%","±0.6","0","±18","0.0%","±0.4","0","±18","0.0%","±0.5","0","±18","0.0%","±0.5","0","±24","0.0%","±0.2","0","±20","0.0%","±0.4","0","±20","0.0%","±0.2","0","±20","0.0%","±0.4","0","±24","0.0%","±0.2","0","±20","0.0%","±0.2","0","±30","0.0%","±0.1","0","±18","0.0%","±0.5","0","±30","0.0%","±0.1","0","±20","0.0%","±0.2","0","±24","0.0%","±0.2","0","±30","0.0%","±0.1","0","±18","0.0%","±0.4","0","±18","0.0%","±0.5","0","±30","0.0%","±0.1","0","±20","0.0%","±0.2","0","±20","0.0%","±0.2","0","±20","0.0%","±0.3","0","±27","0.0%","±0.1","10","±19","0.1%","±0.1","1","±2","0.0%","±0.1","0","±30","0.0%","±0.1","0","±18","0.0%","±0.6","0","±24","0.0%","±0.2"
"                Native Hawaiian","0","±20","0.0%","±0.2","0","±20","0.0%","±0.2","0","±27","0.0%","±0.1","60","±74","0.0%","±0.1","0","±27","0.0%","±0.1","0","±20","0.0%","±0.4","0","±13","0.0%","±0.8","9","±17","0.0%","±0.1","0","±18","0.0%","±0.4","4","±8","0.0%","±0.1","0","±20","0.0%","±0.3","9","±15","0.0%","±0.1","0","±18","0.0%","±0.5","0","±24","0.0%","±0.2","0","±24","0.0%","±0.2","0","±30","0.0%","±0.1","0","±30","0.0%","±0.1","0","±27","0.0%","±0.1","0","±20","0.0%","±0.2","0","±18","0.0%","±0.6","0","±20","0.0%","±0.3","0","±20","0.0%","±0.2","23","±28","0.0%","±0.1","0","±20","0.0%","±0.2","0","±20","0.0%","±0.3","7","±20","0.0%","±0.1","34","±40","0.2%","±0.2","0","±27","0.0%","±0.1","0","±20","0.0%","±0.2","0","±27","0.0%","±0.1","0","±20","0.0%","±0.3","2","±5","0.0%","±0.1","0","±20","0.0%","±0.3","0","±20","0.0%","±0.2","39","±40","0.1%","±0.1","7","±11","0.0%","±0.1","0","±18","0.0%","±0.6","1","±2","0.0%","±0.1","0","±18","0.0%","±0.4","0","±20","0.0%","±0.3","0","±20","0.0%","±0.3","0","±24","0.0%","±0.2","0","±30","0.0%","±0.1","0","±20","0.0%","±0.2","0","±20","0.0%","±0.2","0","±27","0.0%","±0.1","3","±4","0.0%","±0.1","0","±18","0.0%","±0.6","0","±18","0.0%","±0.4","0","±18","0.0%","±0.5","0","±18","0.0%","±0.5","0","±24","0.0%","±0.2","0","±20","0.0%","±0.4","0","±20","0.0%","±0.2","0","±20","0.0%","±0.4","7","±22","0.0%","±0.1","0","±20","0.0%","±0.2","0","±30","0.0%","±0.1","0","±18","0.0%","±0.5","52","±47","0.0%","±0.1","0","±20","0.0%","±0.2","0","±24","0.0%","±0.2","0","±30","0.0%","±0.1","0","±18","0.0%","±0.4","0","±18","0.0%","±0.5","0","±30","0.0%","±0.1","0","±20","0.0%","±0.2","3","±5","0.0%","±0.1","0","±20","0.0%","±0.3","0","±27","0.0%","±0.1","0","±20","0.0%","±0.2","117","±171","0.0%","±0.1","0","±30","0.0%","±0.1","3","±6","0.0%","±0.1","0","±24","0.0%","±0.2"
"                Samoan","0","±20","0.0%","±0.2","0","±20","0.0%","±0.2","14","±15","0.0%","±0.1","42","±58","0.0%","±0.1","0","±27","0.0%","±0.1","0","±20","0.0%","±0.4","0","±13","0.0%","±0.8","0","±24","0.0%","±0.1","0","±18","0.0%","±0.4","0","±24","0.0%","±0.2","0","±20","0.0%","±0.3","0","±24","0.0%","±0.1","0","±18","0.0%","±0.5","0","±24","0.0%","±0.2","0","±24","0.0%","±0.2","0","±30","0.0%","±0.1","0","±30","0.0%","±0.1","0","±27","0.0%","±0.1","0","±20","0.0%","±0.2","0","±18","0.0%","±0.6","0","±20","0.0%","±0.3","0","±20","0.0%","±0.2","0","±30","0.0%","±0.1","0","±20","0.0%","±0.2","0","±20","0.0%","±0.3","46","±50","0.0%","±0.1","0","±20","0.0%","±0.2","0","±27","0.0%","±0.1","0","±20","0.0%","±0.2","0","±27","0.0%","±0.1","0","±20","0.0%","±0.3","0","±27","0.0%","±0.1","0","±20","0.0%","±0.3","0","±20","0.0%","±0.2","0","±30","0.0%","±0.1","14","±21","0.1%","±0.1","0","±18","0.0%","±0.6","0","±20","0.0%","±0.2","0","±18","0.0%","±0.4","0","±20","0.0%","±0.3","0","±20","0.0%","±0.3","0","±24","0.0%","±0.2","73","±94","0.1%","±0.1","0","±20","0.0%","±0.2","0","±20","0.0%","±0.2","0","±27","0.0%","±0.1","0","±27","0.0%","±0.1","0","±18","0.0%","±0.6","0","±18","0.0%","±0.4","0","±18","0.0%","±0.5","0","±18","0.0%","±0.5","0","±24","0.0%","±0.2","0","±20","0.0%","±0.4","0","±20","0.0%","±0.2","0","±20","0.0%","±0.4","0","±24","0.0%","±0.2","0","±20","0.0%","±0.2","0","±30","0.0%","±0.1","0","±18","0.0%","±0.5","0","±30","0.0%","±0.1","0","±20","0.0%","±0.2","0","±24","0.0%","±0.2","0","±30","0.0%","±0.1","0","±18","0.0%","±0.4","0","±18","0.0%","±0.5","0","±30","0.0%","±0.1","0","±20","0.0%","±0.2","0","±20","0.0%","±0.2","0","±20","0.0%","±0.3","0","±27","0.0%","±0.1","0","±20","0.0%","±0.2","37","±55","0.0%","±0.1","0","±30","0.0%","±0.1","0","±18","0.0%","±0.6","0","±24","0.0%","±0.2"
"                Other Native Hawaiian and Other Pacific Islander","0","±20","0.0%","±0.2","50","±69","0.3%","±0.4","5","±13","0.0%","±0.1","1,916","±168","0.7%","±0.1","38","±57","0.1%","±0.2","31","±50","0.3%","±0.5","0","±13","0.0%","±0.8","345","±32","1.2%","±0.1","0","±18","0.0%","±0.4","37","±49","0.2%","±0.2","0","±20","0.0%","±0.3","0","±24","0.0%","±0.1","0","±18","0.0%","±0.5","0","±24","0.0%","±0.2","0","±24","0.0%","±0.2","38","±60","0.0%","±0.1","5","±23","0.0%","±0.1","0","±27","0.0%","±0.1","0","±20","0.0%","±0.2","0","±18","0.0%","±0.6","7","±12","0.1%","±0.1","0","±20","0.0%","±0.2","0","±30","0.0%","±0.1","0","±20","0.0%","±0.2","0","±20","0.0%","±0.3","121","±128","0.1%","±0.1","0","±20","0.0%","±0.2","214","±27","0.5%","±0.1","0","±20","0.0%","±0.2","0","±27","0.0%","±0.1","0","±20","0.0%","±0.3","214","±252","0.6%","±0.7","9","±12","0.1%","±0.1","0","±20","0.0%","±0.2","245","±251","0.4%","±0.4","16","±26","0.1%","±0.1","0","±18","0.0%","±0.6","13","±21","0.1%","±0.1","0","±18","0.0%","±0.4","0","±20","0.0%","±0.3","0","±20","0.0%","±0.3","0","±24","0.0%","±0.2","0","±30","0.0%","±0.1","145","±145","0.9%","±0.9","22","±33","0.1%","±0.2","0","±27","0.0%","±0.1","0","±27","0.0%","±0.1","0","±18","0.0%","±0.6","0","±18","0.0%","±0.4","7","±15","0.1%","±0.2","7","±13","0.1%","±0.2","0","±24","0.0%","±0.2","0","±20","0.0%","±0.4","0","±20","0.0%","±0.2","0","±20","0.0%","±0.4","0","±24","0.0%","±0.2","43","±57","0.2%","±0.3","38","±46","0.1%","±0.1","0","±18","0.0%","±0.5","113","±120","0.0%","±0.1","466","±20","2.5%","±0.2","66","±105","0.3%","±0.5","0","±30","0.0%","±0.1","5","±9","0.1%","±0.1","0","±18","0.0%","±0.5","157","±237","0.1%","±0.2","205","±20","1.3%","±0.2","0","±20","0.0%","±0.2","0","±20","0.0%","±0.3","0","±27","0.0%","±0.1","0","±20","0.0%","±0.2","6,683","±615","2.7%","±0.2","0","±30","0.0%","±0.1","19","±21","0.3%","±0.3","0","±24","0.0%","±0.2"
"            Some Other Race","113","±78","0.7%","±0.5","87","±70","0.5%","±0.4","127","±84","0.3%","±0.2","11,039","±1,776","3.7%","±0.6","195","±111","0.5%","±0.3","395","±242","3.8%","±2.3","0","±13","0.0%","±0.8","834","±361","2.9%","±1.3","75","±71","0.8%","±0.7","506","±189","2.4%","±0.9","40","±40","0.3%","±0.3","122","±139","0.5%","±0.6","5","±17","0.1%","±0.2","128","±114","0.6%","±0.5","475","±204","2.3%","±1.0","2,650","±686","2.4%","±0.6","1,950","±545","3.2%","±0.9","228","±147","0.5%","±0.3","19","±45","0.1%","±0.3","25","±16","0.4%","±0.3","288","±238","2.6%","±2.2","111","±120","0.6%","±0.7","3,010","±589","2.4%","±0.5","213","±182","1.2%","±1.1","95","±79","0.8%","±0.6","1,661","±508","1.7%","±0.5","209","±165","1.2%","±0.9","692","±367","1.5%","±0.8","1,426","±348","7.2%","±1.8","211","±124","0.6%","±0.4","1,063","±235","8.4%","±1.8","1,623","±376","4.3%","±1.0","158","±87","1.1%","±0.6","257","±169","1.5%","±1.0","907","±232","1.4%","±0.4","577","±354","2.2%","±1.4","45","±46","0.7%","±0.7","80","±56","0.5%","±0.3","65","±34","0.8%","±0.4","542","±79","4.2%","±0.6","125","±87","1.0%","±0.7","184","±86","0.9%","±0.4","1,165","±335","1.6%","±0.4","152","±98","0.9%","±0.6","83","±81","0.5%","±0.5","823","±284","1.9%","±0.7","524","±223","1.3%","±0.6","6","±9","0.1%","±0.1","164","±90","1.9%","±1.1","93","±108","1.1%","±1.3","59","±49","0.8%","±0.7","93","±80","0.4%","±0.4","60","±59","0.6%","±0.6","29","±37","0.2%","±0.2","273","±83","2.7%","±0.8","202","±116","0.9%","±0.5","631","±163","3.3%","±0.8","2,399","±553","3.8%","±0.9","67","±68","0.8%","±0.8","13,729","±1,678","3.4%","±0.4","99","±72","0.5%","±0.4","201","±118","0.9%","±0.5","3,069","±716","2.4%","±0.6","485","±192","4.9%","±1.9","29","±31","0.4%","±0.4","12,821","±1,102","10.0%","±0.9","3,990","±620","25.3%","±3.9","169","±86","1.0%","±0.5","209","±91","1.7%","±0.7","191","±145","0.5%","±0.4","262","±133","1.6%","±0.8","13,780","±1,714","5.5%","±0.7","795","±255","1.0%","±0.3","22","±32","0.4%","±0.5","2,642","±347","13.1%","±1.7"
"        Two or More Races","495","±201","3.0%","±1.2","829","±272","4.4%","±1.5","2,200","±369","5.2%","±0.9","65,550","±4,132","22.3%","±1.4","1,595","±218","4.2%","±0.6","635","±272","6.1%","±2.6","391","±169","8.3%","±3.6","5,665","±866","19.9%","±3.0","456","±164","4.6%","±1.6","762","±222","3.6%","±1.0","754","±111","5.2%","±0.8","995","±209","4.0%","±0.8","204","±155","2.7%","±2.1","587","±207","2.6%","±0.9","715","±193","3.4%","±0.9","7,002","±1,054","6.2%","±0.9","6,342","±966","10.4%","±1.6","3,766","±645","7.9%","±1.4","1,527","±270","9.2%","±1.6","183","±96","2.9%","±1.5","397","±181","3.6%","±1.6","1,065","±270","6.2%","±1.6","5,696","±810","4.5%","±0.6","1,798","±554","10.4%","±3.2","663","±109","5.4%","±0.9","5,497","±718","5.5%","±0.7","694","±163","3.8%","±0.9","2,382","±518","5.2%","±1.1","1,282","±364","6.5%","±1.8","1,514","±294","4.6%","±0.9","711","±255","5.6%","±2.0","2,754","±592","7.2%","±1.6","1,145","±334","8.3%","±2.4","1,208","±313","7.2%","±1.9","2,158","±581","3.3%","±0.9","2,057","±456","7.9%","±1.8","273","±105","4.4%","±1.7","904","±305","5.6%","±1.9","378","±146","4.4%","±1.7","592","±244","4.6%","±1.9","632","±228","5.3%","±1.9","1,400","±392","6.6%","±1.8","4,260","±586","5.7%","±0.8","3,693","±693","21.7%","±4.1","677","±146","4.0%","±0.9","1,422","±363","3.3%","±0.9","2,317","±432","5.8%","±1.1","352","±45","5.3%","±0.7","322","±117","3.8%","±1.4","160","±76","1.9%","±0.9","307","±101","4.3%","±1.4","656","±193","2.9%","±0.9","531","±133","5.3%","±1.3","471","±141","3.0%","±0.9","544","±169","5.3%","±1.7","1,756","±313","7.7%","±1.4","1,096","±164","5.7%","±0.8","4,527","±651","7.1%","±1.0","321","±129","3.9%","±1.6","25,579","±2,382","6.4%","±0.6","1,026","±160","5.5%","±0.9","544","±155","2.4%","±0.7","7,239","±952","5.8%","±0.8","692","±173","7.0%","±1.8","781","±272","9.9%","±3.5","12,548","±1,151","9.8%","±0.9","1,132","±482","7.2%","±3.1","937","±345","5.3%","±2.0","808","±243","6.5%","±1.9","1,596","±486","4.2%","±1.3","568","±176","3.6%","±1.1","45,253","±3,093","18.0%","±1.2","4,541","±654","5.9%","±0.8","152","±63","2.5%","±1.0","864","±246","4.3%","±1.2"
"            White and Black or African American","174","±124","1.0%","±0.7","106","±117","0.6%","±0.6","152","±76","0.4%","±0.2","2,102","±517","0.7%","±0.2","204","±54","0.5%","±0.1","179","±137","1.7%","±1.3","5","±5","0.1%","±0.1","313","±79","1.1%","±0.3","34","±32","0.3%","±0.3","185","±131","0.9%","±0.6","28","±40","0.2%","±0.3","184","±67","0.7%","±0.3","33","±47","0.4%","±0.6","175","±156","0.8%","±0.7","291","±153","1.4%","±0.7","1,683","±482","1.5%","±0.4","804","±232","1.3%","±0.4","430","±165","0.9%","±0.3","69","±49","0.4%","±0.3","51","±52","0.8%","±0.8","113","±110","1.0%","±1.0","225","±132","1.3%","±0.8","1,373","±372","1.1%","±0.3","15","±23","0.1%","±0.1","35","±35","0.3%","±0.3","1,499","±434","1.5%","±0.4","81","±49","0.4%","±0.3","408","±209","0.9%","±0.5","139","±133","0.7%","±0.7","150","±84","0.5%","±0.3","103","±84","0.8%","±0.7","379","±234","1.0%","±0.6","12","±22","0.1%","±0.2","167","±102","1.0%","±0.6","726","±408","1.1%","±0.6","159","±66","0.6%","±0.3","79","±72","1.3%","±1.2","143","±74","0.9%","±0.5","71","±70","0.8%","±0.8","277","±190","2.1%","±1.5","175","±113","1.5%","±0.9","40","±65","0.2%","±0.3","1,035","±303","1.4%","±0.4","102","±97","0.6%","±0.6","20","±19","0.1%","±0.1","395","±209","0.9%","±0.5","609","±300","1.5%","±0.8","58","±40","0.9%","±0.6","26","±18","0.3%","±0.2","37","±39","0.4%","±0.5","90","±65","1.3%","±0.9","105","±80","0.5%","±0.4","47","±55","0.5%","±0.5","174","±109","1.1%","±0.7","92","±67","0.9%","±0.7","226","±141","1.0%","±0.6","37","±24","0.2%","±0.1","797","±248","1.2%","±0.4","67","±74","0.8%","±0.9","6,573","±1,128","1.6%","±0.3","100","±56","0.5%","±0.3","62","±56","0.3%","±0.2","993","±389","0.8%","±0.3","16","±19","0.2%","±0.2","16","±28","0.2%","±0.4","2,255","±430","1.8%","±0.3","67","±73","0.4%","±0.5","86","±60","0.5%","±0.3","19","±21","0.2%","±0.2","279","±225","0.7%","±0.6","25","±37","0.2%","±0.2","2,327","±605","0.9%","±0.2","1,224","±300","1.6%","±0.4","101","±55","1.6%","±0.9","101","±70","0.5%","±0.3"
"            White and American Indian and Alaska Native","125","±14","0.7%","±0.1","32","±25","0.2%","±0.1","548","±90","1.3%","±0.2","5,685","±374","1.9%","±0.1","476","±136","1.3%","±0.4","95","±20","0.9%","±0.4","139","±86","2.9%","±1.8","543","±230","1.9%","±0.8","112","±70","1.1%","±0.7","232","±56","1.1%","±0.3","505","±105","3.5%","±0.7","382","±72","1.5%","±0.3","159","±145","2.1%","±1.9","135","±43","0.6%","±0.2","258","±49","1.2%","±0.2","701","±108","0.6%","±0.1","1,908","±266","3.1%","±0.4","1,481","±395","3.1%","±0.8","1,008","±254","6.0%","±1.5","75","±71","1.2%","±1.1","0","±20","0.0%","±0.3","136","±20","0.8%","±0.2","1,061","±132","0.8%","±0.1","479","±116","2.8%","±0.7","450","±52","3.7%","±0.4","1,114","±144","1.1%","±0.1","185","±23","1.0%","±0.1","449","±41","1.0%","±0.1","160","±47","0.8%","±0.2","433","±104","1.3%","±0.3","166","±42","1.3%","±0.3","1,005","±262","2.6%","±0.7","237","±107","1.7%","±0.8","611","±255","3.6%","±1.5","526","±93","0.8%","±0.1","493","±44","1.9%","±0.2","52","±18","0.8%","±0.3","269","±44","1.7%","±0.3","61","±56","0.7%","±0.7","62","±45","0.5%","±0.3","158","±48","1.3%","±0.4","376","±36","1.8%","±0.2","942","±149","1.3%","±0.2","538","±161","3.2%","±0.9","438","±60","2.6%","±0.4","264","±106","0.6%","±0.2","283","±25","0.7%","±0.1","89","±18","1.3%","±0.6","135","±51","1.6%","±0.6","81","±32","1.0%","±0.4","85","±59","1.2%","±0.8","176","±32","0.8%","±0.1","169","±18","1.7%","±0.2","137","±20","0.9%","±0.1","162","±4","1.6%","±0.1","749","±186","3.3%","±0.8","759","±117","3.9%","±0.6","1,136","±167","1.8%","±0.3","75","±8","0.9%","±0.1","2,099","±220","0.5%","±0.1","285","±37","1.5%","±0.2","168","±37","0.7%","±0.2","1,080","±81","0.9%","±0.1","490","±110","5.0%","±1.1","228","±60","2.9%","±0.8","3,538","±312","2.8%","±0.2","242","±71","1.5%","±0.4","365","±23","2.1%","±0.1","255","±61","2.0%","±0.5","323","±45","0.8%","±0.1","255","±109","1.6%","±0.7","4,203","±400","1.7%","±0.2","872","±62","1.1%","±0.1","37","±32","0.6%","±0.5","207","±53","1.0%","±0.3"
"            White and Asian","0","±20","0.0%","±0.2","0","±20","0.0%","±0.2","54","±41","0.1%","±0.1","1,998","±444","0.7%","±0.2","230","±78","0.6%","±0.2","3","±5","0.0%","±0.1","0","±13","0.0%","±0.8","210","±141","0.7%","±0.5","0","±18","0.0%","±0.4","59","±48","0.3%","±0.2","69","±59","0.5%","±0.4","20","±25","0.1%","±0.1","0","±18","0.0%","±0.5","169","±84","0.8%","±0.4","0","±24","0.0%","±0.2","403","±173","0.4%","±0.2","195","±160","0.3%","±0.3","81","±66","0.2%","±0.1","0","±20","0.0%","±0.2","7","±13","0.1%","±0.2","8","±12","0.1%","±0.1","36","±45","0.2%","±0.3","855","±250","0.7%","±0.2","70","±50","0.4%","±0.3","14","±24","0.1%","±0.2","386","±135","0.4%","±0.1","59","±49","0.3%","±0.3","63","±73","0.1%","±0.2","53","±50","0.3%","±0.3","209","±14","0.6%","±0.1","17","±28","0.1%","±0.2","0","±27","0.0%","±0.1","20","±21","0.1%","±0.1","88","±107","0.5%","±0.6","208","±188","0.3%","±0.3","94","±88","0.4%","±0.3","0","±18","0.0%","±0.6","20","±30","0.1%","±0.2","1","±3","0.0%","±0.1","32","±43","0.2%","±0.3","25","±28","0.2%","±0.2","160","±79","0.8%","±0.4","277","±137","0.4%","±0.2","43","±58","0.3%","±0.3","24","±24","0.1%","±0.1","28","±39","0.1%","±0.1","69","±93","0.2%","±0.2","0","±18","0.0%","±0.6","0","±18","0.0%","±0.4","23","±36","0.3%","±0.4","0","±18","0.0%","±0.5","0","±24","0.0%","±0.2","74","±78","0.7%","±0.8","7","±12","0.0%","±0.1","31","±30","0.3%","±0.3","13","±13","0.1%","±0.1","15","±20","0.1%","±0.1","354","±160","0.6%","±0.3","2","±4","0.0%","±0.1","2,051","±487","0.5%","±0.1","48","±41","0.3%","±0.2","12","±19","0.1%","±0.1","674","±304","0.5%","±0.2","0","±18","0.0%","±0.4","8","±14","0.1%","±0.2","978","±300","0.8%","±0.2","11","±15","0.1%","±0.1","14","±17","0.1%","±0.1","27","±27","0.2%","±0.2","21","±25","0.1%","±0.1","41","±22","0.3%","±0.1","1,862","±377","0.7%","±0.1","287","±137","0.4%","±0.2","0","±18","0.0%","±0.6","50","±41","0.2%","±0.2"
"            White and Some Other Race","98","±75","0.6%","±0.4","665","±247","3.6%","±1.3","1,242","±319","2.9%","±0.8","52,827","±4,205","17.9%","±1.4","498","±161","1.3%","±0.4","306","±237","3.0%","±2.3","240","±149","5.1%","±3.2","4,461","±912","15.6%","±3.2","276","±150","2.8%","±1.5","201","±105","0.9%","±0.5","137","±87","1.0%","±0.6","357","±185","1.4%","±0.7","9","±14","0.1%","±0.2","69","±57","0.3%","±0.3","135","±108","0.6%","±0.5","3,441","±810","3.1%","±0.7","3,095","±716","5.1%","±1.2","561","±204","1.2%","±0.4","159","±56","1.0%","±0.3","36","±39","0.6%","±0.6","264","±149","2.4%","±1.4","606","±217","3.5%","±1.3","1,592","±456","1.3%","±0.4","1,215","±558","7.1%","±3.2","164","±105","1.3%","±0.9","1,858","±526","1.9%","±0.5","328","±153","1.8%","±0.8","1,380","±526","3.0%","±1.1","818","±320","4.1%","±1.6","552","±244","1.7%","±0.7","335","±226","2.6%","±1.8","1,178","±525","3.1%","±1.4","734","±271","5.3%","±2.0","326","±176","1.9%","±1.1","423","±261","0.6%","±0.4","1,169","±435","4.5%","±1.7","92","±66","1.5%","±1.1","469","±298","2.9%","±1.8","232","±106","2.7%","±1.2","169","±131","1.3%","±1.0","248","±174","2.1%","±1.5","760","±397","3.6%","±1.9","1,469","±451","2.0%","±0.6","2,994","±660","17.6%","±3.9","195","±134","1.1%","±0.8","573","±243","1.3%","±0.6","1,220","±292","3.1%","±0.7","193","±27","2.9%","±0.4","113","±71","1.3%","±0.8","19","±31","0.2%","±0.4","73","±77","1.0%","±1.1","246","±157","1.1%","±0.7","211","±110","2.1%","±1.1","151","±102","0.9%","±0.6","241","±140","2.4%","±1.4","665","±187","2.9%","±0.8","245","±112","1.3%","±0.6","1,806","±637","2.8%","±1.0","149","±97","1.8%","±1.2","11,724","±1,768","2.9%","±0.4","518","±149","2.8%","±0.8","271","±139","1.2%","±0.6","3,365","±739","2.7%","±0.6","165","±128","1.7%","±1.3","529","±254","6.7%","±3.2","3,703","±815","2.9%","±0.6","730","±433","4.6%","±2.7","329","±315","1.9%","±1.8","483","±237","3.9%","±1.9","738","±372","1.9%","±1.0","219","±167","1.4%","±1.0","33,843","±2,891","13.4%","±1.1","1,787","±578","2.3%","±0.7","14","±16","0.2%","±0.3","381","±212","1.9%","±1.0"
"            Black or African American and American Indian and Alaska Native","97","±140","0.6%","±0.8","16","±26","0.1%","±0.1","14","±29","0.0%","±0.1","38","±39","0.0%","±0.1","8","±13","0.0%","±0.1","6","±10","0.1%","±0.1","0","±13","0.0%","±0.8","0","±24","0.0%","±0.1","1","±2","0.0%","±0.1","30","±35","0.1%","±0.2","11","±19","0.1%","±0.1","15","±23","0.1%","±0.1","3","±4","0.0%","±0.1","0","±24","0.0%","±0.2","0","±24","0.0%","±0.2","78","±92","0.1%","±0.1","119","±124","0.2%","±0.2","568","±216","1.2%","±0.5","7","±7","0.0%","±0.1","0","±18","0.0%","±0.6","6","±10","0.1%","±0.1","10","±15","0.1%","±0.1","125","±152","0.1%","±0.1","0","±20","0.0%","±0.2","0","±20","0.0%","±0.3","58","±63","0.1%","±0.1","0","±20","0.0%","±0.2","0","±27","0.0%","±0.1","35","±70","0.2%","±0.4","0","±27","0.0%","±0.1","0","±20","0.0%","±0.3","0","±27","0.0%","±0.1","0","±20","0.0%","±0.3","9","±14","0.1%","±0.1","48","±33","0.1%","±0.1","25","±32","0.1%","±0.1","16","±22","0.3%","±0.4","0","±20","0.0%","±0.2","2","±3","0.0%","±0.1","29","±33","0.2%","±0.3","4","±8","0.0%","±0.1","0","±24","0.0%","±0.2","83","±94","0.1%","±0.1","0","±20","0.0%","±0.2","0","±20","0.0%","±0.2","57","±55","0.1%","±0.1","29","±28","0.1%","±0.1","12","±8","0.2%","±0.1","0","±18","0.0%","±0.4","0","±18","0.0%","±0.5","0","±18","0.0%","±0.5","8","±13","0.0%","±0.1","0","±20","0.0%","±0.4","0","±20","0.0%","±0.2","0","±20","0.0%","±0.4","0","±24","0.0%","±0.2","0","±20","0.0%","±0.2","7","±14","0.0%","±0.1","0","±18","0.0%","±0.5","609","±266","0.2%","±0.1","0","±20","0.0%","±0.2","3","±4","0.0%","±0.1","175","±160","0.1%","±0.1","0","±18","0.0%","±0.4","0","±18","0.0%","±0.5","380","±225","0.3%","±0.2","0","±20","0.0%","±0.2","31","±42","0.2%","±0.2","0","±20","0.0%","±0.3","14","±28","0.0%","±0.1","28","±42","0.2%","±0.3","248","±240","0.1%","±0.1","1","±2","0.0%","±0.1","0","±18","0.0%","±0.6","0","±24","0.0%","±0.2"
"            Black or African American and Some Other Race","0","±20","0.0%","±0.2","0","±20","0.0%","±0.2","0","±27","0.0%","±0.1","362","±214","0.1%","±0.1","0","±27","0.0%","±0.1","7","±17","0.1%","±0.2","7","±11","0.1%","±0.2","0","±24","0.0%","±0.1","0","±18","0.0%","±0.4","0","±24","0.0%","±0.2","0","±20","0.0%","±0.3","7","±13","0.0%","±0.1","0","±18","0.0%","±0.5","0","±24","0.0%","±0.2","0","±24","0.0%","±0.2","115","±131","0.1%","±0.1","0","±30","0.0%","±0.1","63","±77","0.1%","±0.2","12","±31","0.1%","±0.2","0","±18","0.0%","±0.6","0","±20","0.0%","±0.3","7","±13","0.0%","±0.1","115","±102","0.1%","±0.1","0","±20","0.0%","±0.2","0","±20","0.0%","±0.3","107","±102","0.1%","±0.1","1","±4","0.0%","±0.1","0","±27","0.0%","±0.1","0","±20","0.0%","±0.2","36","±43","0.1%","±0.1","32","±44","0.3%","±0.4","141","±137","0.4%","±0.4","132","±97","1.0%","±0.7","7","±12","0.0%","±0.1","44","±47","0.1%","±0.1","0","±24","0.0%","±0.1","4","±6","0.1%","±0.1","0","±20","0.0%","±0.2","0","±18","0.0%","±0.4","7","±12","0.1%","±0.1","0","±20","0.0%","±0.3","0","±24","0.0%","±0.2","85","±77","0.1%","±0.1","0","±20","0.0%","±0.2","0","±20","0.0%","±0.2","6","±10","0.0%","±0.1","9","±16","0.0%","±0.1","0","±18","0.0%","±0.6","0","±18","0.0%","±0.4","0","±18","0.0%","±0.5","0","±18","0.0%","±0.5","2","±4","0.0%","±0.1","0","±20","0.0%","±0.4","0","±20","0.0%","±0.2","0","±20","0.0%","±0.4","25","±31","0.1%","±0.1","7","±10","0.0%","±0.1","100","±86","0.2%","±0.1","0","±18","0.0%","±0.5","802","±354","0.2%","±0.1","21","±21","0.1%","±0.1","5","±7","0.0%","±0.1","31","±40","0.0%","±0.1","0","±18","0.0%","±0.4","0","±18","0.0%","±0.5","139","±162","0.1%","±0.1","25","±29","0.2%","±0.2","0","±20","0.0%","±0.2","0","±20","0.0%","±0.3","97","±149","0.3%","±0.4","0","±20","0.0%","±0.2","344","±209","0.1%","±0.1","0","±30","0.0%","±0.1","0","±18","0.0%","±0.6","10","±23","0.0%","±0.1"
"Race alone or in combination with one or more other races","","","","","","","","","","","","","","","","","","","","","","","","","","","","","","","","","","","","","","","","","","","","","","","","","","","","","","","","","","","","","","","","","","","","","","","","","","","","","","","","","","","","","","","","","","","","","","","","","","","","","","","","","","","","","","","","","","","","","","","","","","","","","","","","","","","","","","","","","","","","","","","","","","","","","","","","","","","","","","","","","","","","","","","","","","","","","","","","","","","","","","","","","","","","","","","","","","","","","","","","","","","","","","","","","","","","","","","","","","","","","","","","","","","","","","","","","","","","","","","","","","","","","","","","","","","","","","","","","","","","","","","","","","","","","","","","","","","","","","","","","","","","","","","","","","","","","","","","","","","",""
"    Total population","16,773","*****","16,773","(X)","18,722","*****","18,722","(X)","42,150","*****","42,150","(X)","294,541","*****","294,541","(X)","37,896","*****","37,896","(X)","10,354","*****","10,354","(X)","4,717","*****","4,717","(X)","28,526","*****","28,526","(X)","9,997","*****","9,997","(X)","21,378","*****","21,378","(X)","14,399","*****","14,399","(X)","25,048","*****","25,048","(X)","7,491","*****","7,491","(X)","22,527","*****","22,527","(X)","20,872","*****","20,872","(X)","112,097","*****","112,097","(X)","60,792","*****","60,792","(X)","47,609","*****","47,609","(X)","16,681","*****","16,681","(X)","6,351","*****","6,351","(X)","11,041","*****","11,041","(X)","17,143","*****","17,143","(X)","126,001","*****","126,001","(X)","17,220","*****","17,220","(X)","12,239","*****","12,239","(X)","100,062","*****","100,062","(X)","18,111","*****","18,111","(X)","46,182","*****","46,182","(X)","19,778","*****","19,778","(X)","33,142","*****","33,142","(X)","12,701","*****","12,701","(X)","38,120","*****","38,120","(X)","13,866","*****","13,866","(X)","16,775","*****","16,775","(X)","65,780","*****","65,780","(X)","25,932","*****","25,932","(X)","6,211","*****","6,211","(X)","16,265","*****","16,265","(X)","8,511","*****","8,511","(X)","12,966","*****","12,966","(X)","11,959","*****","11,959","(X)","21,240","*****","21,240","(X)","74,747","*****","74,747","(X)","17,032","*****","17,032","(X)","17,076","*****","17,076","(X)","42,588","*****","42,588","(X)","39,749","*****","39,749","(X)","6,681","*****","6,681","(X)","8,571","*****","8,571","(X)","8,228","*****","8,228","(X)","7,175","*****","7,175","(X)","22,317","*****","22,317","(X)","10,073","*****","10,073","(X)","15,910","*****","15,910","(X)","10,182","*****","10,182","(X)","22,740","*****","22,740","(X)","19,348","*****","19,348","(X)","63,830","*****","63,830","(X)","8,162","*****","8,162","(X)","398,949","*****","398,949","(X)","18,733","*****","18,733","(X)","22,740","*****","22,740","(X)","125,724","*****","125,724","(X)","9,839","*****","9,839","(X)","7,861","*****","7,861","(X)","128,448","*****","128,448","(X)","15,797","*****","15,797","(X)","17,597","*****","17,597","(X)","12,474","*****","12,474","(X)","38,368","*****","38,368","(X)","15,936","*****","15,936","(X)","251,863","*****","251,863","(X)","77,395","*****","77,395","(X)","6,157","*****","6,157","(X)","20,195","*****","20,195","(X)"
"        White","12,214","±162","72.8%","±1.0","13,923","±134","74.4%","±0.7","41,337","±177","98.1%","±0.4","258,743","±1,787","87.8%","±0.6","37,309","±178","98.5%","±0.5","6,652","±319","64.2%","±3.1","4,109","±191","87.1%","±4.1","26,545","±431","93.1%","±1.5","4,549","±102","45.5%","±1.0","15,606","±254","73.0%","±1.2","14,282","±69","99.2%","±0.5","24,586","±160","98.2%","±0.6","6,483","±156","86.5%","±2.1","14,372","±242","63.8%","±1.1","17,839","±293","85.5%","±1.4","88,774","±882","79.2%","±0.8","56,622","±620","93.1%","±1.0","22,085","±483","46.4%","±1.0","13,508","±270","81.0%","±1.6","3,535","±107","55.7%","±1.7","5,352","±266","48.5%","±2.4","12,309","±184","71.8%","±1.1","105,750","±764","83.9%","±0.6","16,651","±204","96.7%","±1.2","12,034","±49","98.3%","±0.4","88,890","±679","88.8%","±0.7","17,311","±174","95.6%","±1.0","44,022","±406","95.3%","±0.9","12,162","±369","61.5%","±1.9","28,854","±151","87.1%","±0.5","8,855","±256","69.7%","±2.0","34,984","±476","91.8%","±1.2","13,184","±104","95.1%","±0.7","13,894","±309","82.8%","±1.8","26,761","±514","40.7%","±0.8","23,890","±408","92.1%","±1.6","3,839","±86","61.8%","±1.4","15,981","±95","98.3%","±0.6","3,775","±109","44.4%","±1.3","8,595","±206","66.3%","±1.6","9,348","±162","78.2%","±1.4","20,329","±149","95.7%","±0.7","68,074","±481","91.1%","±0.6","16,372","±243","96.1%","±1.4","16,733","±103","98.0%","±0.6","30,127","±400","70.7%","±0.9","25,088","±396","63.1%","±1.0","3,910","±41","58.5%","±0.6","8,071","±107","94.2%","±1.2","5,500","±133","66.8%","±1.6","7,025","±69","97.9%","±1.0","12,974","±152","58.1%","±0.7","9,769","±106","97.0%","±1.0","5,949","±120","37.4%","±0.8","9,486","±112","93.2%","±1.1","21,029","±276","92.5%","±1.2","18,377","±200","95.0%","±1.0","58,359","±712","91.4%","±1.1","7,231","±113","88.6%","±1.4","226,286","±2,220","56.7%","±0.6","17,823","±114","95.1%","±0.6","9,886","±141","43.5%","±0.6","109,962","±986","87.5%","±0.8","9,034","±214","91.8%","±2.2","7,716","±63","98.2%","±0.8","100,429","±1,164","78.2%","±0.9","10,376","±601","65.7%","±3.8","17,149","±136","97.5%","±0.8","12,113","±105","97.1%","±0.8","25,274","±335","65.9%","±0.9","15,350","±176","96.3%","±1.1","213,413","±1,947","84.7%","±0.8","72,376","±438","93.5%","±0.6","4,441","±68","72.1%","±1.1","16,761","±353","83.0%","±1.8"
"        Black or African American","4,591","±89","27.4%","±0.5","4,738","±78","25.3%","±0.4","331","±33","0.8%","±0.1","8,840","±549","3.0%","±0.2","438","±91","1.2%","±0.2","2,950","±75","28.5%","±0.7","593","±189","12.6%","±4.0","410","±91","1.4%","±0.3","5,381","±72","53.8%","±0.7","5,337","±98","25.0%","±0.5","54","±47","0.4%","±0.3","301","±68","1.2%","±0.3","1,020","±149","13.6%","±2.0","8,087","±19","35.9%","±0.1","2,616","±148","12.5%","±0.7","20,866","±193","18.6%","±0.2","1,677","±131","2.8%","±0.2","25,598","±411","53.8%","±0.9","3,365","±265","20.2%","±1.6","2,842","±94","44.7%","±1.5","5,496","±31","49.8%","±0.3","4,867","±26","28.4%","±0.2","17,021","±189","13.5%","±0.2","70","±48","0.4%","±0.3","62","±45","0.5%","±0.4","9,857","±209","9.9%","±0.2","551","±75","3.0%","±0.4","1,451","±143","3.1%","±0.3","6,106","±7","30.9%","±0.1","4,137","±110","12.5%","±0.3","2,835","±126","22.3%","±1.0","1,175","±276","3.1%","±0.7","372","±84","2.7%","±0.6","2,651","±261","15.8%","±1.6","37,984","±321","57.7%","±0.5","736","±113","2.8%","±0.4","2,326","±110","37.4%","±1.8","303","±20","1.9%","±0.2","4,738","±67","55.7%","±0.8","4,020","±107","31.0%","±0.8","2,538","±25","21.2%","±0.2","429","±42","2.0%","±0.2","5,428","±218","7.3%","±0.3","143","±105","0.8%","±0.6","52","±38","0.3%","±0.2","11,429","±86","26.8%","±0.2","14,571","±44","36.7%","±0.1","2,757","±79","41.3%","±1.2","102","±9","1.2%","±0.1","2,663","±102","32.4%","±1.2","105","±72","1.5%","±1.0","9,275","±109","41.6%","±0.5","226","±91","2.2%","±0.9","9,953","±151","62.6%","±0.9","492","±40","4.8%","±0.4","1,660","±226","7.3%","±1.0","92","±53","0.5%","±0.3","2,533","±154","4.0%","±0.2","945","±19","11.6%","±0.2","155,729","±532","39.0%","±0.1","387","±20","2.1%","±0.1","12,589","±118","55.4%","±0.5","12,421","±173","9.9%","±0.1","164","±89","1.7%","±0.9","22","±37","0.3%","±0.5","10,749","±406","8.4%","±0.3","883","±117","5.6%","±0.7","308","±20","1.8%","±0.2","32","±31","0.3%","±0.2","12,917","±120","33.7%","±0.3","154","±81","1.0%","±0.5","11,984","±285","4.8%","±0.1","4,888","±310","6.3%","±0.4","1,772","±56","28.8%","±0.9","483","±14","2.4%","±0.1"
"        American Indian and Alaska Native","239","±140","1.4%","±0.8","95","±57","0.5%","±0.3","879","±105","2.1%","±0.2","10,520","±836","3.6%","±0.3","808","±63","2.1%","±0.2","630","±218","6.1%","±2.1","150","±80","3.2%","±1.7","900","±247","3.2%","±0.9","146","±97","1.5%","±1.0","323","±92","1.5%","±0.4","568","±93","3.9%","±0.6","561","±62","2.2%","±0.2","162","±145","2.2%","±1.9","234","±52","1.0%","±0.2","352","±24","1.7%","±0.2","1,569","±275","1.4%","±0.2","2,793","±160","4.6%","±0.3","2,598","±555","5.5%","±1.2","1,218","±280","7.3%","±1.7","80","±73","1.3%","±1.1","23","±22","0.2%","±0.2","153","±20","0.9%","±0.1","1,592","±212","1.3%","±0.2","642","±52","3.7%","±0.3","529","±87","4.3%","±0.7","2,077","±301","2.1%","±0.3","206","±10","1.1%","±0.1","559","±98","1.2%","±0.2","323","±118","1.6%","±0.6","567","±105","1.7%","±0.3","258","±86","2.0%","±0.7","1,236","±301","3.2%","±0.8","329","±104","2.4%","±0.8","706","±249","4.2%","±1.5","839","±174","1.3%","±0.3","757","±149","2.9%","±0.6","81","±22","1.3%","±0.4","284","±41","1.7%","±0.3","63","±56","0.7%","±0.7","134","±63","1.0%","±0.5","301","±38","2.5%","±0.3","434","±30","2.0%","±0.1","1,363","±301","1.8%","±0.4","787","±299","4.6%","±1.8","515","±57","3.0%","±0.3","712","±115","1.7%","±0.3","428","±109","1.1%","±0.3","101","±8","1.5%","±0.1","265","±101","3.1%","±1.2","83","±33","1.0%","±0.4","211","±77","2.9%","±1.1","344","±142","1.5%","±0.6","199","±18","2.0%","±0.2","145","±18","0.9%","±0.1","193","±30","1.9%","±0.3","960","±248","4.2%","±1.1","1,034","±80","5.3%","±0.4","2,083","±411","3.3%","±0.6","85","±11","1.0%","±0.1","5,118","±607","1.3%","±0.2","340","±26","1.8%","±0.1","242","±17","1.1%","±0.1","1,991","±357","1.6%","±0.3","534","±111","5.4%","±1.1","321","±48","4.1%","±0.6","5,877","±514","4.6%","±0.4","655","±158","4.1%","±1.0","506","±57","2.9%","±0.3","350","±55","2.8%","±0.4","473","±140","1.2%","±0.4","405","±79","2.5%","±0.5","8,528","±958","3.4%","±0.4","1,118","±113","1.4%","±0.1","38","±32","0.6%","±0.5","384","±93","1.9%","±0.5"
"        Asian","14","±18","0.1%","±0.1","13","±13","0.1%","±0.1","329","±7","0.8%","±0.1","15,896","±352","5.4%","±0.1","371","±38","1.0%","±0.1","18","±19","0.2%","±0.2","9","±17","0.2%","±0.4","762","±84","2.7%","±0.3","51","±67","0.5%","±0.7","154","±85","0.7%","±0.4","74","±60","0.5%","±0.4","76","±45","0.3%","±0.2","16","±29","0.2%","±0.4","252","±9","1.1%","±0.1","170","±147","0.8%","±0.7","2,068","±189","1.8%","±0.2","1,026","±251","1.7%","±0.4","535","±104","1.1%","±0.2","14","±18","0.1%","±0.1","19","±26","0.3%","±0.4","8","±12","0.1%","±0.1","157","±20","0.9%","±0.2","2,395","±145","1.9%","±0.1","232","±20","1.3%","±0.2","18","±23","0.1%","±0.2","1,241","±64","1.2%","±0.1","125","±20","0.7%","±0.2","265","±57","0.6%","±0.1","224","±61","1.1%","±0.3","341","±112","1.0%","±0.3","92","±121","0.7%","±1.0","354","±41","0.9%","±0.1","90","±5","0.6%","±0.1","142","±125","0.8%","±0.7","792","±115","1.2%","±0.2","905","±54","3.5%","±0.2","98","±102","1.6%","±1.6","35","±39","0.2%","±0.2","19","±19","0.2%","±0.2","79","±92","0.6%","±0.7","47","±35","0.4%","±0.3","500","±19","2.4%","±0.1","1,188","±39","1.6%","±0.1","132","±111","0.8%","±0.7","153","±18","0.9%","±0.1","353","±36","0.8%","±0.1","274","±55","0.7%","±0.1","66","±79","1.0%","±1.2","130","±92","1.5%","±1.1","23","±36","0.3%","±0.4","6","±10","0.1%","±0.1","111","±108","0.5%","±0.5","130","±94","1.3%","±0.9","156","±134","1.0%","±0.8","49","±40","0.5%","±0.4","20","±17","0.1%","±0.1","32","±26","0.2%","±0.1","1,037","±76","1.6%","±0.1","6","±13","0.1%","±0.2","11,269","±189","2.8%","±0.1","122","±20","0.7%","±0.2","31","±28","0.1%","±0.1","2,575","±325","2.0%","±0.3","135","±105","1.4%","±1.1","25","±32","0.3%","±0.4","7,267","±283","5.7%","±0.2","57","±65","0.4%","±0.4","134","±73","0.8%","±0.4","91","±57","0.7%","±0.5","340","±4","0.9%","±0.1","104","±20","0.7%","±0.2","8,616","±379","3.4%","±0.2","898","±88","1.2%","±0.1","0","±18","0.0%","±0.6","361","±49","1.8%","±0.2"
"        Native Hawaiian and Other Pacific Islander","0","±20","0.0%","±0.2","51","±69","0.3%","±0.4","111","±92","0.3%","±0.2","2,533","±183","0.9%","±0.1","38","±57","0.1%","±0.2","39","±70","0.4%","±0.7","0","±13","0.0%","±0.8","421","±66","1.5%","±0.2","0","±18","0.0%","±0.4","41","±50","0.2%","±0.2","0","±20","0.0%","±0.3","12","±18","0.0%","±0.1","0","±18","0.0%","±0.5","11","±18","0.0%","±0.1","13","±28","0.1%","±0.1","38","±60","0.0%","±0.1","6","±23","0.0%","±0.1","179","±196","0.4%","±0.4","0","±20","0.0%","±0.2","2","±4","0.0%","±0.1","7","±12","0.1%","±0.1","5","±10","0.0%","±0.1","314","±358","0.2%","±0.3","0","±20","0.0%","±0.2","0","±20","0.0%","±0.3","258","±162","0.3%","±0.2","74","±77","0.4%","±0.4","214","±27","0.5%","±0.1","0","±20","0.0%","±0.2","1","±2","0.0%","±0.1","0","±20","0.0%","±0.3","224","±254","0.6%","±0.7","12","±14","0.1%","±0.1","0","±20","0.0%","±0.2","325","±263","0.5%","±0.4","57","±60","0.2%","±0.2","0","±18","0.0%","±0.6","17","±22","0.1%","±0.1","2","±3","0.0%","±0.1","16","±30","0.1%","±0.2","0","±20","0.0%","±0.3","22","±33","0.1%","±0.2","277","±224","0.4%","±0.3","145","±145","0.9%","±0.9","22","±33","0.1%","±0.2","16","±19","0.0%","±0.1","7","±21","0.0%","±0.1","0","±18","0.0%","±0.6","48","±65","0.6%","±0.8","7","±15","0.1%","±0.2","7","±13","0.1%","±0.2","0","±24","0.0%","±0.2","6","±10","0.1%","±0.1","0","±20","0.0%","±0.2","0","±20","0.0%","±0.4","7","±22","0.0%","±0.1","59","±60","0.3%","±0.3","142","±162","0.2%","±0.3","0","±18","0.0%","±0.5","386","±171","0.1%","±0.1","466","±20","2.5%","±0.2","74","±105","0.3%","±0.5","147","±175","0.1%","±0.1","5","±9","0.1%","±0.1","0","±18","0.0%","±0.5","560","±399","0.4%","±0.3","206","±3","1.3%","±0.1","26","±34","0.1%","±0.2","4","±14","0.0%","±0.1","29","±43","0.1%","±0.1","10","±19","0.1%","±0.1","7,816","±137","3.1%","±0.1","193","±216","0.2%","±0.3","22","±21","0.4%","±0.3","15","±16","0.1%","±0.1"
"        Some Other Race","211","±114","1.3%","±0.7","761","±244","4.1%","±1.3","1,461","±365","3.5%","±0.9","65,494","±3,873","22.2%","±1.3","799","±188","2.1%","±0.5","739","±270","7.1%","±2.6","247","±148","5.2%","±3.1","5,358","±802","18.8%","±2.8","359","±150","3.6%","±1.5","734","±216","3.4%","±1.0","181","±89","1.3%","±0.6","508","±237","2.0%","±0.9","14","±24","0.2%","±0.3","197","±130","0.9%","±0.6","635","±226","3.0%","±1.1","6,389","±794","5.7%","±0.7","5,215","±892","8.6%","±1.5","1,018","±219","2.1%","±0.5","368","±53","2.2%","±0.3","61","±41","1.0%","±0.6","558","±143","5.1%","±1.3","757","±193","4.4%","±1.1","4,792","±711","3.8%","±0.6","1,442","±563","8.4%","±3.3","259","±131","2.1%","±1.1","3,772","±704","3.8%","±0.7","543","±146","3.0%","±0.8","2,137","±656","4.6%","±1.4","2,267","±329","11.5%","±1.7","811","±304","2.4%","±0.9","1,430","±183","11.3%","±1.4","2,952","±717","7.7%","±1.9","1,031","±331","7.4%","±2.4","590","±49","3.5%","±0.3","1,436","±333","2.2%","±0.5","1,787","±406","6.9%","±1.6","171","±95","2.8%","±1.5","549","±291","3.4%","±1.8","299","±111","3.5%","±1.3","718","±117","5.5%","±0.9","376","±139","3.1%","±1.2","960","±374","4.5%","±1.8","2,842","±541","3.8%","±0.7","3,154","±667","18.5%","±3.9","278","±152","1.6%","±0.9","1,456","±240","3.4%","±0.6","1,759","±284","4.4%","±0.7","199","±27","3.0%","±0.4","277","±76","3.2%","±0.9","112","±107","1.4%","±1.3","187","±102","2.6%","±1.4","392","±121","1.8%","±0.5","295","±124","2.9%","±1.2","180","±100","1.1%","±0.6","524","±161","5.1%","±1.6","896","±159","3.9%","±0.7","899","±165","4.6%","±0.9","4,405","±679","6.9%","±1.1","244","±106","3.0%","±1.3","27,146","±1,576","6.8%","±0.4","675","±139","3.6%","±0.7","477","±100","2.1%","±0.4","6,622","±859","5.3%","±0.7","671","±122","6.8%","±1.2","558","±252","7.1%","±3.2","17,314","±969","13.5%","±0.8","4,801","±427","30.4%","±2.7","519","±330","2.9%","±1.9","712","±255","5.7%","±2.0","1,026","±412","2.7%","±1.1","481","±157","3.0%","±1.0","48,587","±2,561","19.3%","±1.0","2,681","±644","3.5%","±0.8","36","±41","0.6%","±0.7","3,110","±387","15.4%","±1.9"
"HISPANIC OR LATINO AND RACE","","","","","","","","","","","","","","","","","","","","","","","","","","","","","","","","","","","","","","","","","","","","","","","","","","","","","","","","","","","","","","","","","","","","","","","","","","","","","","","","","","","","","","","","","","","","","","","","","","","","","","","","","","","","","","","","","","","","","","","","","","","","","","","","","","","","","","","","","","","","","","","","","","","","","","","","","","","","","","","","","","","","","","","","","","","","","","","","","","","","","","","","","","","","","","","","","","","","","","","","","","","","","","","","","","","","","","","","","","","","","","","","","","","","","","","","","","","","","","","","","","","","","","","","","","","","","","","","","","","","","","","","","","","","","","","","","","","","","","","","","","","","","","","","","","","","","","","","","","","",""
"    Total population","16,773","*****","16,773","(X)","18,722","*****","18,722","(X)","42,150","*****","42,150","(X)","294,541","*****","294,541","(X)","37,896","*****","37,896","(X)","10,354","*****","10,354","(X)","4,717","*****","4,717","(X)","28,526","*****","28,526","(X)","9,997","*****","9,997","(X)","21,378","*****","21,378","(X)","14,399","*****","14,399","(X)","25,048","*****","25,048","(X)","7,491","*****","7,491","(X)","22,527","*****","22,527","(X)","20,872","*****","20,872","(X)","112,097","*****","112,097","(X)","60,792","*****","60,792","(X)","47,609","*****","47,609","(X)","16,681","*****","16,681","(X)","6,351","*****","6,351","(X)","11,041","*****","11,041","(X)","17,143","*****","17,143","(X)","126,001","*****","126,001","(X)","17,220","*****","17,220","(X)","12,239","*****","12,239","(X)","100,062","*****","100,062","(X)","18,111","*****","18,111","(X)","46,182","*****","46,182","(X)","19,778","*****","19,778","(X)","33,142","*****","33,142","(X)","12,701","*****","12,701","(X)","38,120","*****","38,120","(X)","13,866","*****","13,866","(X)","16,775","*****","16,775","(X)","65,780","*****","65,780","(X)","25,932","*****","25,932","(X)","6,211","*****","6,211","(X)","16,265","*****","16,265","(X)","8,511","*****","8,511","(X)","12,966","*****","12,966","(X)","11,959","*****","11,959","(X)","21,240","*****","21,240","(X)","74,747","*****","74,747","(X)","17,032","*****","17,032","(X)","17,076","*****","17,076","(X)","42,588","*****","42,588","(X)","39,749","*****","39,749","(X)","6,681","*****","6,681","(X)","8,571","*****","8,571","(X)","8,228","*****","8,228","(X)","7,175","*****","7,175","(X)","22,317","*****","22,317","(X)","10,073","*****","10,073","(X)","15,910","*****","15,910","(X)","10,182","*****","10,182","(X)","22,740","*****","22,740","(X)","19,348","*****","19,348","(X)","63,830","*****","63,830","(X)","8,162","*****","8,162","(X)","398,949","*****","398,949","(X)","18,733","*****","18,733","(X)","22,740","*****","22,740","(X)","125,724","*****","125,724","(X)","9,839","*****","9,839","(X)","7,861","*****","7,861","(X)","128,448","*****","128,448","(X)","15,797","*****","15,797","(X)","17,597","*****","17,597","(X)","12,474","*****","12,474","(X)","38,368","*****","38,368","(X)","15,936","*****","15,936","(X)","251,863","*****","251,863","(X)","77,395","*****","77,395","(X)","6,157","*****","6,157","(X)","20,195","*****","20,195","(X)"
"        Hispanic or Latino (of any race)","661","*****","3.9%","*****","1,157","*****","6.2%","*****","1,157","*****","2.7%","*****","53,388","*****","18.1%","*****","1,120","*****","3.0%","*****","1,618","*****","15.6%","*****","544","±179","11.5%","±3.8","4,423","*****","15.5%","*****","628","*****","6.3%","*****","1,146","*****","5.4%","*****","120","±80","0.8%","±0.6","713","*****","2.8%","*****","23","±30","0.3%","±0.4","757","*****","3.4%","*****","950","*****","4.6%","*****","6,899","*****","6.2%","*****","4,950","*****","8.1%","*****","1,476","*****","3.1%","*****","367","*****","2.2%","*****","92","±56","1.4%","±0.9","765","*****","6.9%","*****","706","*****","4.1%","*****","6,949","*****","5.5%","*****","548","*****","3.2%","*****","208","*****","1.7%","*****","7,179","*****","7.2%","*****","490","*****","2.7%","*****","1,678","*****","3.6%","*****","2,955","*****","14.9%","*****","1,323","*****","4.0%","*****","1,559","*****","12.3%","*****","3,313","*****","8.7%","*****","388","*****","2.8%","*****","515","*****","3.1%","*****","1,631","*****","2.5%","*****","3,539","*****","13.6%","*****","49","±46","0.8%","±0.7","348","*****","2.1%","*****","249","*****","2.9%","*****","639","*****","4.9%","*****","445","*****","3.7%","*****","707","*****","3.3%","*****","3,871","*****","5.2%","*****","1,036","*****","6.1%","*****","446","*****","2.6%","*****","1,683","*****","4.0%","*****","1,861","*****","4.7%","*****","189","*****","2.8%","*****","410","*****","4.8%","*****","379","*****","4.6%","*****","123","±70","1.7%","±1.0","562","*****","2.5%","*****","332","*****","3.3%","*****","305","*****","1.9%","*****","801","*****","7.9%","*****","840","*****","3.7%","*****","1,325","*****","6.8%","*****","6,783","*****","10.6%","*****","179","*****","2.2%","*****","32,722","*****","8.2%","*****","461","*****","2.5%","*****","760","*****","3.3%","*****","8,776","*****","7.0%","*****","768","*****","7.8%","*****","172","*****","2.2%","*****","20,023","*****","15.6%","*****","5,538","*****","35.1%","*****","409","*****","2.3%","*****","266","*****","2.1%","*****","1,751","*****","4.6%","*****","533","*****","3.3%","*****","46,214","*****","18.3%","*****","3,693","*****","4.8%","*****","36","±39","0.6%","±0.6","4,214","*****","20.9%","*****"
"            Mexican","422","±102","2.5%","±0.6","853","±215","4.6%","±1.2","693","±119","1.6%","±0.3","35,098","±1,629","11.9%","±0.6","666","±157","1.8%","±0.4","1,618","±2","15.6%","±0.1","533","±180","11.3%","±3.8","3,230","±378","11.3%","±1.3","474","±160","4.7%","±1.6","838","±131","3.9%","±0.6","66","±62","0.5%","±0.4","540","±112","2.2%","±0.4","18","±22","0.2%","±0.3","722","±32","3.2%","±0.1","929","±27","4.5%","±0.1","5,875","±443","5.2%","±0.4","1,995","±399","3.3%","±0.7","947","±195","2.0%","±0.4","347","±40","2.1%","±0.2","82","±58","1.3%","±0.9","720","±64","6.5%","±0.6","574","±134","3.3%","±0.8","4,306","±578","3.4%","±0.5","470","±56","2.7%","±0.3","103","±56","0.8%","±0.5","5,213","±565","5.2%","±0.6","264","±116","1.5%","±0.6","1,208","±178","2.6%","±0.4","2,699","±163","13.6%","±0.8","967","±214","2.9%","±0.6","1,373","±203","10.8%","±1.6","1,805","±429","4.7%","±1.1","173","±74","1.2%","±0.5","413","±86","2.5%","±0.5","1,472","±77","2.2%","±0.1","3,118","±251","12.0%","±1.0","41","±46","0.7%","±0.7","197","±66","1.2%","±0.4","226","±25","2.7%","±0.3","549","±48","4.2%","±0.4","405","±42","3.4%","±0.4","590","±93","2.8%","±0.4","2,666","±335","3.6%","±0.4","687","±259","4.0%","±1.5","189","±83","1.1%","±0.5","1,225","±186","2.9%","±0.4","1,698","±105","4.3%","±0.3","44","±63","0.7%","±0.9","254","±98","3.0%","±1.1","223","±156","2.7%","±1.9","102","±65","1.4%","±0.9","443","±93","2.0%","±0.4","268","±54","2.7%","±0.5","215","±49","1.4%","±0.3","664","±93","6.5%","±0.9","634","±146","2.8%","±0.6","1,180","±64","6.1%","±0.3","4,043","±608","6.3%","±1.0","136","±45","1.7%","±0.5","21,714","±1,535","5.4%","±0.4","378","±61","2.0%","±0.3","234","±141","1.0%","±0.6","5,799","±698","4.6%","±0.6","742","±40","7.5%","±0.4","165","±16","2.1%","±0.2","13,808","±1,288","10.7%","±1.0","5,264","±220","33.3%","±1.4","368","±47","2.1%","±0.3","215","±60","1.7%","±0.5","1,511","±202","3.9%","±0.5","484","±56","3.0%","±0.4","33,531","±1,656","13.3%","±0.7","2,780","±315","3.6%","±0.4","32","±36","0.5%","±0.6","2,821","±351","14.0%","±1.7"
"            Puerto Rican","126","±55","0.8%","±0.3","0","±20","0.0%","±0.2","181","±115","0.4%","±0.3","1,580","±386","0.5%","±0.1","43","±54","0.1%","±0.1","0","±20","0.0%","±0.4","0","±13","0.0%","±0.8","88","±80","0.3%","±0.3","34","±57","0.3%","±0.6","6","±11","0.0%","±0.1","0","±20","0.0%","±0.3","87","±91","0.3%","±0.4","5","±17","0.1%","±0.2","15","±23","0.1%","±0.1","0","±24","0.0%","±0.2","354","±288","0.3%","±0.3","47","±40","0.1%","±0.1","32","±37","0.1%","±0.1","0","±20","0.0%","±0.2","0","±18","0.0%","±0.6","45","±64","0.4%","±0.6","0","±20","0.0%","±0.2","432","±276","0.3%","±0.2","6","±10","0.0%","±0.1","26","±26","0.2%","±0.2","257","±169","0.3%","±0.2","192","±136","1.1%","±0.8","159","±161","0.3%","±0.3","85","±130","0.4%","±0.7","13","±24","0.0%","±0.1","0","±20","0.0%","±0.3","1","±5","0.0%","±0.1","97","±93","0.7%","±0.7","34","±46","0.2%","±0.3","5","±11","0.0%","±0.1","200","±146","0.8%","±0.6","0","±18","0.0%","±0.6","70","±54","0.4%","±0.3","7","±11","0.1%","±0.1","7","±12","0.1%","±0.1","31","±38","0.3%","±0.3","12","±21","0.1%","±0.1","230","±152","0.3%","±0.2","0","±20","0.0%","±0.2","111","±94","0.7%","±0.6","134","±115","0.3%","±0.3","5","±9","0.0%","±0.1","142","±65","2.1%","±1.0","9","±17","0.1%","±0.2","0","±18","0.0%","±0.5","0","±18","0.0%","±0.5","0","±24","0.0%","±0.2","0","±20","0.0%","±0.4","43","±35","0.3%","±0.2","9","±15","0.1%","±0.2","130","±107","0.6%","±0.5","9","±16","0.0%","±0.1","452","±261","0.7%","±0.4","0","±18","0.0%","±0.5","856","±252","0.2%","±0.1","0","±20","0.0%","±0.2","43","±36","0.2%","±0.2","229","±141","0.2%","±0.1","10","±19","0.1%","±0.2","0","±18","0.0%","±0.5","483","±211","0.4%","±0.2","0","±20","0.0%","±0.2","4","±8","0.0%","±0.1","3","±9","0.0%","±0.1","0","±27","0.0%","±0.1","6","±16","0.0%","±0.1","1,040","±379","0.4%","±0.2","221","±133","0.3%","±0.2","3","±5","0.0%","±0.1","453","±244","2.2%","±1.2"
"            Cuban","12","±22","0.1%","±0.1","0","±20","0.0%","±0.2","18","±28","0.0%","±0.1","683","±506","0.2%","±0.2","0","±27","0.0%","±0.1","0","±20","0.0%","±0.4","0","±13","0.0%","±0.8","0","±24","0.0%","±0.1","0","±18","0.0%","±0.4","17","±26","0.1%","±0.1","0","±20","0.0%","±0.3","23","±27","0.1%","±0.1","0","±18","0.0%","±0.5","0","±24","0.0%","±0.2","0","±24","0.0%","±0.2","9","±17","0.0%","±0.1","64","±82","0.1%","±0.1","91","±103","0.2%","±0.2","18","±39","0.1%","±0.2","0","±18","0.0%","±0.6","0","±20","0.0%","±0.3","0","±20","0.0%","±0.2","104","±93","0.1%","±0.1","3","±5","0.0%","±0.1","0","±20","0.0%","±0.3","12","±17","0.0%","±0.1","0","±20","0.0%","±0.2","0","±27","0.0%","±0.1","17","±31","0.1%","±0.2","156","±167","0.5%","±0.5","0","±20","0.0%","±0.3","53","±59","0.1%","±0.2","5","±10","0.0%","±0.1","0","±20","0.0%","±0.2","8","±13","0.0%","±0.1","7","±13","0.0%","±0.1","0","±18","0.0%","±0.6","0","±20","0.0%","±0.2","0","±18","0.0%","±0.4","19","±21","0.1%","±0.2","0","±20","0.0%","±0.3","0","±24","0.0%","±0.2","48","±55","0.1%","±0.1","0","±20","0.0%","±0.2","52","±48","0.3%","±0.3","26","±38","0.1%","±0.1","0","±27","0.0%","±0.1","0","±18","0.0%","±0.6","67","±74","0.8%","±0.9","0","±18","0.0%","±0.5","0","±18","0.0%","±0.5","0","±24","0.0%","±0.2","23","±46","0.2%","±0.5","0","±20","0.0%","±0.2","9","±11","0.1%","±0.1","0","±24","0.0%","±0.2","0","±20","0.0%","±0.2","210","±259","0.3%","±0.4","0","±18","0.0%","±0.5","375","±190","0.1%","±0.1","0","±20","0.0%","±0.2","0","±24","0.0%","±0.2","39","±46","0.0%","±0.1","10","±18","0.1%","±0.2","0","±18","0.0%","±0.5","148","±92","0.1%","±0.1","1","±3","0.0%","±0.1","36","±48","0.2%","±0.3","0","±20","0.0%","±0.3","0","±27","0.0%","±0.1","0","±20","0.0%","±0.2","421","±231","0.2%","±0.1","41","±39","0.1%","±0.1","0","±18","0.0%","±0.6","0","±24","0.0%","±0.2"
"            Other Hispanic or Latino","101","±88","0.6%","±0.5","304","±216","1.6%","±1.2","265","±96","0.6%","±0.2","16,027","±1,688","5.4%","±0.6","411","±159","1.1%","±0.4","0","±20","0.0%","±0.4","11","±14","0.2%","±0.3","1,105","±357","3.9%","±1.3","120","±155","1.2%","±1.6","285","±137","1.3%","±0.6","54","±50","0.4%","±0.4","63","±56","0.3%","±0.2","0","±18","0.0%","±0.5","20","±24","0.1%","±0.1","21","±27","0.1%","±0.1","661","±285","0.6%","±0.3","2,844","±407","4.7%","±0.7","406","±191","0.9%","±0.4","2","±7","0.0%","±0.1","10","±13","0.2%","±0.2","0","±20","0.0%","±0.3","132","±134","0.8%","±0.8","2,107","±598","1.7%","±0.5","69","±53","0.4%","±0.3","79","±74","0.6%","±0.6","1,697","±551","1.7%","±0.6","34","±48","0.2%","±0.3","311","±179","0.7%","±0.4","154","±109","0.8%","±0.5","187","±113","0.6%","±0.3","186","±203","1.5%","±1.6","1,454","±428","3.8%","±1.1","113","±76","0.8%","±0.6","68","±65","0.4%","±0.4","146","±72","0.2%","±0.1","214","±203","0.8%","±0.8","8","±16","0.1%","±0.3","81","±53","0.5%","±0.3","16","±21","0.2%","±0.2","64","±42","0.5%","±0.3","9","±19","0.1%","±0.2","105","±85","0.5%","±0.4","927","±342","1.2%","±0.5","349","±258","2.0%","±1.5","94","±62","0.6%","±0.4","298","±156","0.7%","±0.4","158","±103","0.4%","±0.3","3","±9","0.0%","±0.1","80","±60","0.9%","±0.7","156","±156","1.9%","±1.9","21","±21","0.3%","±0.3","119","±93","0.5%","±0.4","41","±29","0.4%","±0.3","47","±49","0.3%","±0.3","119","±95","1.2%","±0.9","76","±78","0.3%","±0.3","136","±63","0.7%","±0.3","2,078","±593","3.3%","±0.9","43","±45","0.5%","±0.6","9,777","±1,512","2.5%","±0.4","83","±61","0.4%","±0.3","483","±149","2.1%","±0.7","2,709","±713","2.2%","±0.6","6","±9","0.1%","±0.1","7","±16","0.1%","±0.2","5,584","±1,291","4.3%","±1.0","273","±220","1.7%","±1.4","1","±3","0.0%","±0.1","48","±58","0.4%","±0.5","240","±202","0.6%","±0.5","43","±51","0.3%","±0.3","11,222","±1,658","4.5%","±0.7","651","±290","0.8%","±0.4","1","±4","0.0%","±0.1","940","±336","4.7%","±1.7"
"        Not Hispanic or Latino","16,112","*****","96.1%","*****","17,565","*****","93.8%","*****","40,993","*****","97.3%","*****","241,153","*****","81.9%","*****","36,776","*****","97.0%","*****","8,736","*****","84.4%","*****","4,173","±179","88.5%","±3.8","24,103","*****","84.5%","*****","9,369","*****","93.7%","*****","20,232","*****","94.6%","*****","14,279","±80","99.2%","±0.6","24,335","*****","97.2%","*****","7,468","±30","99.7%","±0.4","21,770","*****","96.6%","*****","19,922","*****","95.4%","*****","105,198","*****","93.8%","*****","55,842","*****","91.9%","*****","46,133","*****","96.9%","*****","16,314","*****","97.8%","*****","6,259","±56","98.6%","±0.9","10,276","*****","93.1%","*****","16,437","*****","95.9%","*****","119,052","*****","94.5%","*****","16,672","*****","96.8%","*****","12,031","*****","98.3%","*****","92,883","*****","92.8%","*****","17,621","*****","97.3%","*****","44,504","*****","96.4%","*****","16,823","*****","85.1%","*****","31,819","*****","96.0%","*****","11,142","*****","87.7%","*****","34,807","*****","91.3%","*****","13,478","*****","97.2%","*****","16,260","*****","96.9%","*****","64,149","*****","97.5%","*****","22,393","*****","86.4%","*****","6,162","±46","99.2%","±0.7","15,917","*****","97.9%","*****","8,262","*****","97.1%","*****","12,327","*****","95.1%","*****","11,514","*****","96.3%","*****","20,533","*****","96.7%","*****","70,876","*****","94.8%","*****","15,996","*****","93.9%","*****","16,630","*****","97.4%","*****","40,905","*****","96.0%","*****","37,888","*****","95.3%","*****","6,492","*****","97.2%","*****","8,161","*****","95.2%","*****","7,849","*****","95.4%","*****","7,052","±70","98.3%","±1.0","21,755","*****","97.5%","*****","9,741","*****","96.7%","*****","15,605","*****","98.1%","*****","9,381","*****","92.1%","*****","21,900","*****","96.3%","*****","18,023","*****","93.2%","*****","57,047","*****","89.4%","*****","7,983","*****","97.8%","*****","366,227","*****","91.8%","*****","18,272","*****","97.5%","*****","21,980","*****","96.7%","*****","116,948","*****","93.0%","*****","9,071","*****","92.2%","*****","7,689","*****","97.8%","*****","108,425","*****","84.4%","*****","10,259","*****","64.9%","*****","17,188","*****","97.7%","*****","12,208","*****","97.9%","*****","36,617","*****","95.4%","*****","15,403","*****","96.7%","*****","205,649","*****","81.7%","*****","73,702","*****","95.2%","*****","6,121","±39","99.4%","±0.6","15,981","*****","79.1%","*****"
"            White alone","11,338","±71","67.6%","±0.4","12,646","±100","67.5%","±0.5","38,626","±318","91.6%","±0.8","179,996","±3,509","61.1%","±1.2","35,186","±62","92.8%","±0.2","5,639","±14","54.5%","±0.1","3,419","±16","72.5%","±0.3","20,113","±668","70.5%","±2.3","3,839","±7","38.4%","±0.1","14,466","±43","67.7%","±0.2","13,508","±61","93.8%","±0.4","23,085","±244","92.2%","±1.0","6,273","±18","83.7%","±0.5","13,179","±48","58.5%","±0.2","16,648","±132","79.8%","±0.6","80,425","±629","71.7%","±0.6","48,747","±592","80.2%","±1.0","18,734","±42","39.3%","±0.1","11,982","±20","71.8%","±0.1","3,320","±36","52.3%","±0.6","4,726","±36","42.8%","±0.3","11,124","±115","64.9%","±0.7","97,864","±260","77.7%","±0.2","14,732","±536","85.6%","±3.1","11,351","±105","92.7%","±0.9","79,816","±301","79.8%","±0.3","16,558","±125","91.4%","±0.7","41,140","±566","89.1%","±1.2","10,269","±44","51.9%","±0.2","26,892","±117","81.1%","±0.4","7,985","±66","62.9%","±0.5","31,607","±584","82.9%","±1.5","12,080","±270","87.1%","±1.9","12,687","±43","75.6%","±0.3","24,473","±236","37.2%","±0.4","20,077","±118","77.4%","±0.5","3,583","±63","57.7%","±1.0","14,990","±282","92.2%","±1.7","3,271","±109","38.4%","±1.3","8,019","±111","61.8%","±0.9","8,596","±60","71.9%","±0.5","18,780","±357","88.4%","±1.7","62,492","±370","83.6%","±0.5","12,336","±665","72.4%","±3.9","15,744","±126","92.2%","±0.7","28,251","±208","66.3%","±0.5","22,402","±194","56.4%","±0.5","3,564","±22","53.3%","±0.3","7,689","±18","89.7%","±0.2","5,158","±4","62.7%","±0.1","6,642","±82","92.6%","±1.1","12,104","±48","54.2%","±0.2","9,075","±89","90.1%","±0.9","5,287","±75","33.2%","±0.5","8,553","±89","84.0%","±0.9","19,241","±132","84.6%","±0.6","16,784","±84","86.7%","±0.4","51,884","±390","81.3%","±0.6","6,846","±78","83.9%","±1.0","194,286","±981","48.7%","±0.2","16,760","±129","89.5%","±0.7","8,984","±81","39.5%","±0.4","99,778","±510","79.4%","±0.4","8,227","±22","83.6%","±0.2","6,932","±251","88.2%","±3.2","85,809","±487","66.8%","±0.4","8,471","±150","53.6%","±1.0","16,064","±315","91.3%","±1.8","11,262","±237","90.3%","±1.9","22,887","±182","59.7%","±0.5","14,650","±121","91.9%","±0.8","157,981","±2,042","62.7%","±0.8","66,100","±466","85.4%","±0.6","4,279","±16","69.5%","±0.3","14,905","±24","73.8%","±0.1"
"            Black or African American alone","4,319","±136","25.7%","±0.8","4,606","±107","24.6%","±0.6","159","±75","0.4%","±0.2","5,238","±460","1.8%","±0.2","103","±54","0.3%","±0.1","2,735","±170","26.4%","±1.6","575","±187","12.2%","±4.0","54","±47","0.2%","±0.2","5,338","±82","53.4%","±0.8","5,052","±159","23.6%","±0.7","13","±21","0.1%","±0.1","90","±33","0.4%","±0.1","984","±161","13.1%","±2.1","7,873","±193","34.9%","±0.9","2,297","±192","11.0%","±0.9","18,660","±531","16.6%","±0.5","706","±233","1.2%","±0.4","24,009","±582","50.4%","±1.2","3,071","±277","18.4%","±1.7","2,779","±114","43.8%","±1.8","5,371","±112","48.6%","±1.0","4,574","±142","26.7%","±0.8","14,782","±504","11.7%","±0.4","43","±39","0.2%","±0.2","27","±27","0.2%","±0.2","7,787","±442","7.8%","±0.4","469","±75","2.6%","±0.4","1,026","±176","2.2%","±0.4","5,878","±166","29.7%","±0.8","3,797","±110","11.5%","±0.3","2,636","±138","20.8%","±1.1","591","±167","1.6%","±0.4","228","±98","1.6%","±0.7","2,468","±243","14.7%","±1.4","36,920","±536","56.1%","±0.8","380","±71","1.5%","±0.3","2,226","±121","35.8%","±1.9","160","±74","1.0%","±0.5","4,645","±101","54.6%","±1.2","3,684","±191","28.4%","±1.5","2,340","±121","19.6%","±1.0","363","±65","1.7%","±0.3","4,109","±297","5.5%","±0.4","33","±40","0.2%","±0.2","32","±32","0.2%","±0.2","10,853","±218","25.5%","±0.5","13,817","±304","34.8%","±0.8","2,686","±87","40.2%","±1.3","72","±18","0.8%","±0.2","2,543","±67","30.9%","±0.8","11","±18","0.2%","±0.3","9,146","±135","41.0%","±0.6","179","±97","1.8%","±1.0","9,753","±194","61.3%","±1.2","392","±77","3.8%","±0.8","1,331","±317","5.9%","±1.4","18","±26","0.1%","±0.1","1,419","±275","2.2%","±0.4","857","±90","10.5%","±1.1","146,488","±1,142","36.7%","±0.3","212","±57","1.1%","±0.3","12,466","±129","54.8%","±0.6","10,373","±538","8.3%","±0.4","148","±85","1.5%","±0.9","6","±23","0.1%","±0.3","7,353","±587","5.7%","±0.5","737","±106","4.7%","±0.7","107","±80","0.6%","±0.5","13","±22","0.1%","±0.2","12,362","±278","32.2%","±0.7","101","±67","0.6%","±0.4","7,911","±718","3.1%","±0.3","3,323","±257","4.3%","±0.3","1,670","±84","27.1%","±1.4","349","±77","1.7%","±0.4"
"            American Indian and Alaska Native alone","16","±14","0.1%","±0.1","8","±15","0.0%","±0.1","147","±78","0.3%","±0.2","1,903","±333","0.6%","±0.1","128","±65","0.3%","±0.2","0","±20","0.0%","±0.4","11","±18","0.2%","±0.4","272","±89","1.0%","±0.3","8","±15","0.1%","±0.2","13","±20","0.1%","±0.1","47","±43","0.3%","±0.3","141","±63","0.6%","±0.3","0","±18","0.0%","±0.5","51","±43","0.2%","±0.2","94","±49","0.5%","±0.2","239","±77","0.2%","±0.1","639","±200","1.1%","±0.3","56","±43","0.1%","±0.1","45","±52","0.3%","±0.3","0","±18","0.0%","±0.6","17","±21","0.2%","±0.2","0","±20","0.0%","±0.2","282","±116","0.2%","±0.1","151","±91","0.9%","±0.5","0","±20","0.0%","±0.3","386","±142","0.4%","±0.1","20","±22","0.1%","±0.1","43","±29","0.1%","±0.1","62","±41","0.3%","±0.2","80","±56","0.2%","±0.2","34","±42","0.3%","±0.3","39","±22","0.1%","±0.1","88","±64","0.6%","±0.5","86","±56","0.5%","±0.3","42","±31","0.1%","±0.1","45","±44","0.2%","±0.2","12","±18","0.2%","±0.3","15","±21","0.1%","±0.1","0","±18","0.0%","±0.4","36","±30","0.3%","±0.2","120","±48","1.0%","±0.4","42","±37","0.2%","±0.2","61","±46","0.1%","±0.1","50","±45","0.3%","±0.3","66","±53","0.4%","±0.3","316","±106","0.7%","±0.2","5","±11","0.0%","±0.1","0","±18","0.0%","±0.6","108","±77","1.3%","±0.9","2","±7","0.0%","±0.1","67","±49","0.9%","±0.7","41","±32","0.2%","±0.1","20","±18","0.2%","±0.2","6","±8","0.0%","±0.1","1","±3","0.0%","±0.1","139","±115","0.6%","±0.5","242","±99","1.3%","±0.5","135","±84","0.2%","±0.1","4","±8","0.0%","±0.1","853","±212","0.2%","±0.1","38","±37","0.2%","±0.2","56","±37","0.2%","±0.2","234","±70","0.2%","±0.1","23","±24","0.2%","±0.2","93","±53","1.2%","±0.7","883","±201","0.7%","±0.2","259","±68","1.6%","±0.4","21","±19","0.1%","±0.1","95","±45","0.8%","±0.4","41","±45","0.1%","±0.1","122","±82","0.8%","±0.5","1,276","±251","0.5%","±0.1","66","±45","0.1%","±0.1","1","±3","0.0%","±0.1","58","±38","0.3%","±0.2"
"            Asian alone","14","±18","0.1%","±0.1","3","±6","0.0%","±0.1","273","±40","0.6%","±0.1","12,673","±516","4.3%","±0.2","98","±78","0.3%","±0.2","7","±11","0.1%","±0.1","9","±17","0.2%","±0.4","448","±176","1.6%","±0.6","26","±25","0.3%","±0.3","95","±63","0.4%","±0.3","5","±6","0.0%","±0.1","51","±48","0.2%","±0.2","16","±29","0.2%","±0.4","82","±84","0.4%","±0.4","157","±145","0.8%","±0.7","1,291","±195","1.2%","±0.2","709","±188","1.2%","±0.3","332","±67","0.7%","±0.1","10","±16","0.1%","±0.1","5","±9","0.1%","±0.1","0","±20","0.0%","±0.3","121","±45","0.7%","±0.3","1,319","±268","1.0%","±0.2","162","±50","0.9%","±0.3","4","±6","0.0%","±0.1","766","±141","0.8%","±0.1","66","±49","0.4%","±0.3","170","±92","0.4%","±0.2","105","±50","0.5%","±0.3","10","±13","0.0%","±0.1","75","±116","0.6%","±0.9","354","±41","0.9%","±0.1","64","±22","0.5%","±0.2","54","±32","0.3%","±0.2","484","±188","0.7%","±0.3","811","±116","3.1%","±0.4","69","±88","1.1%","±1.4","15","±13","0.1%","±0.1","9","±16","0.1%","±0.2","47","±79","0.4%","±0.6","19","±21","0.2%","±0.2","284","±90","1.3%","±0.4","816","±151","1.1%","±0.2","42","±35","0.2%","±0.2","121","±24","0.7%","±0.1","300","±39","0.7%","±0.1","168","±93","0.4%","±0.2","66","±79","1.0%","±1.2","82","±76","1.0%","±0.9","0","±18","0.0%","±0.5","6","±10","0.1%","±0.1","53","±56","0.2%","±0.2","41","±55","0.4%","±0.5","149","±135","0.9%","±0.9","18","±25","0.2%","±0.2","5","±7","0.0%","±0.1","0","±20","0.0%","±0.2","614","±164","1.0%","±0.3","0","±18","0.0%","±0.5","8,515","±495","2.1%","±0.1","74","±41","0.4%","±0.2","19","±21","0.1%","±0.1","1,293","±318","1.0%","±0.3","135","±105","1.4%","±1.1","17","±23","0.2%","±0.3","5,383","±409","4.2%","±0.3","45","±67","0.3%","±0.4","99","±17","0.6%","±0.1","44","±37","0.4%","±0.3","319","±25","0.8%","±0.1","63","±22","0.4%","±0.1","5,906","±378","2.3%","±0.2","526","±140","0.7%","±0.2","0","±18","0.0%","±0.6","261","±42","1.3%","±0.2"
"            Native Hawaiian and Other Pacific Islander alone","0","±20","0.0%","±0.2","50","±69","0.3%","±0.4","19","±24","0.0%","±0.1","2,030","±148","0.7%","±0.1","38","±57","0.1%","±0.2","31","±50","0.3%","±0.5","0","±13","0.0%","±0.8","354","±23","1.2%","±0.1","0","±18","0.0%","±0.4","41","±50","0.2%","±0.2","0","±20","0.0%","±0.3","9","±15","0.0%","±0.1","0","±18","0.0%","±0.5","11","±18","0.0%","±0.1","0","±24","0.0%","±0.2","38","±60","0.0%","±0.1","5","±23","0.0%","±0.1","0","±27","0.0%","±0.1","0","±20","0.0%","±0.2","0","±18","0.0%","±0.6","7","±12","0.1%","±0.1","0","±20","0.0%","±0.2","40","±39","0.0%","±0.1","0","±20","0.0%","±0.2","0","±20","0.0%","±0.3","120","±118","0.1%","±0.1","34","±40","0.2%","±0.2","214","±27","0.5%","±0.1","0","±20","0.0%","±0.2","0","±27","0.0%","±0.1","0","±20","0.0%","±0.3","216","±253","0.6%","±0.7","9","±12","0.1%","±0.1","0","±20","0.0%","±0.2","284","±259","0.4%","±0.4","36","±53","0.1%","±0.2","0","±18","0.0%","±0.6","14","±21","0.1%","±0.1","0","±18","0.0%","±0.4","0","±20","0.0%","±0.3","0","±20","0.0%","±0.3","0","±24","0.0%","±0.2","118","±116","0.2%","±0.2","145","±145","0.9%","±0.9","22","±33","0.1%","±0.2","0","±27","0.0%","±0.1","3","±4","0.0%","±0.1","0","±18","0.0%","±0.6","0","±18","0.0%","±0.4","7","±15","0.1%","±0.2","7","±13","0.1%","±0.2","0","±24","0.0%","±0.2","0","±20","0.0%","±0.4","0","±20","0.0%","±0.2","0","±20","0.0%","±0.4","7","±22","0.0%","±0.1","43","±57","0.2%","±0.3","38","±46","0.1%","±0.1","0","±18","0.0%","±0.5","148","±123","0.0%","±0.1","466","±20","2.5%","±0.2","66","±105","0.3%","±0.5","0","±30","0.0%","±0.1","5","±9","0.1%","±0.1","0","±18","0.0%","±0.5","157","±237","0.1%","±0.2","205","±20","1.3%","±0.2","3","±5","0.0%","±0.1","0","±20","0.0%","±0.3","0","±27","0.0%","±0.1","10","±19","0.1%","±0.1","6,834","±532","2.7%","±0.2","0","±30","0.0%","±0.1","22","±21","0.4%","±0.3","0","±24","0.0%","±0.2"
"            Some Other Race alone","0","±20","0.0%","±0.2","12","±22","0.1%","±0.1","6","±8","0.0%","±0.1","1,375","±665","0.5%","±0.2","43","±36","0.1%","±0.1","0","±20","0.0%","±0.4","0","±13","0.0%","±0.8","44","±50","0.2%","±0.2","0","±18","0.0%","±0.4","14","±18","0.1%","±0.1","1","±2","0.0%","±0.1","108","±146","0.4%","±0.6","0","±18","0.0%","±0.5","14","±21","0.1%","±0.1","73","±82","0.3%","±0.4","135","±102","0.1%","±0.1","539","±287","0.9%","±0.5","20","±30","0.0%","±0.1","0","±20","0.0%","±0.2","0","±18","0.0%","±0.6","6","±8","0.1%","±0.1","0","±20","0.0%","±0.2","352","±210","0.3%","±0.2","28","±34","0.2%","±0.2","0","±20","0.0%","±0.3","69","±55","0.1%","±0.1","87","±123","0.5%","±0.7","328","±320","0.7%","±0.7","23","±31","0.1%","±0.2","15","±20","0.0%","±0.1","0","±20","0.0%","±0.3","164","±149","0.4%","±0.4","39","±35","0.3%","±0.3","0","±20","0.0%","±0.2","189","±140","0.3%","±0.2","35","±48","0.1%","±0.2","4","±6","0.1%","±0.1","23","±29","0.1%","±0.2","0","±18","0.0%","±0.4","21","±38","0.2%","±0.3","10","±16","0.1%","±0.1","18","±20","0.1%","±0.1","120","±114","0.2%","±0.2","24","±30","0.1%","±0.2","12","±18","0.1%","±0.1","79","±75","0.2%","±0.2","101","±118","0.3%","±0.3","6","±9","0.1%","±0.1","6","±10","0.1%","±0.1","10","±16","0.1%","±0.2","17","±29","0.2%","±0.4","0","±24","0.0%","±0.2","0","±20","0.0%","±0.4","28","±36","0.2%","±0.2","5","±5","0.0%","±0.1","13","±15","0.1%","±0.1","72","±77","0.4%","±0.4","146","±137","0.2%","±0.2","12","±20","0.1%","±0.2","1,201","±550","0.3%","±0.1","20","±23","0.1%","±0.1","34","±37","0.1%","±0.2","617","±290","0.5%","±0.2","0","±18","0.0%","±0.4","0","±18","0.0%","±0.5","216","±163","0.2%","±0.1","87","±63","0.6%","±0.4","0","±20","0.0%","±0.2","0","±20","0.0%","±0.3","7","±8","0.0%","±0.1","0","±20","0.0%","±0.2","927","±308","0.4%","±0.1","211","±147","0.3%","±0.2","0","±18","0.0%","±0.6","18","±23","0.1%","±0.1"
"            Two or More Races","425","±158","2.5%","±0.9","240","±149","1.3%","±0.8","1,763","±333","4.2%","±0.8","37,938","±3,358","12.9%","±1.1","1,180","±141","3.1%","±0.4","324","±157","3.1%","±1.5","159","±87","3.4%","±1.9","2,818","±693","9.9%","±2.4","158","±80","1.6%","±0.8","551","±160","2.6%","±0.7","705","±118","4.9%","±0.8","851","±187","3.4%","±0.7","195","±156","2.6%","±2.1","560","±208","2.5%","±0.9","653","±189","3.1%","±0.9","4,410","±832","3.9%","±0.7","4,497","±820","7.4%","±1.3","2,982","±598","6.3%","±1.3","1,206","±277","7.2%","±1.7","155","±98","2.4%","±1.5","149","±104","1.3%","±0.9","618","±208","3.6%","±1.2","4,413","±615","3.5%","±0.5","1,556","±529","9.0%","±3.1","649","±107","5.3%","±0.9","3,939","±528","3.9%","±0.5","387","±91","2.1%","±0.5","1,583","±494","3.4%","±1.1","486","±182","2.5%","±0.9","1,025","±173","3.1%","±0.5","412","±132","3.2%","±1.0","1,836","±565","4.8%","±1.5","970","±311","7.0%","±2.2","965","±251","5.8%","±1.5","1,757","±546","2.7%","±0.8","1,009","±162","3.9%","±0.6","268","±101","4.3%","±1.6","700","±291","4.3%","±1.8","337","±144","4.0%","±1.7","520","±228","4.0%","±1.8","429","±148","3.6%","±1.2","1,046","±376","4.9%","±1.8","3,160","±442","4.2%","±0.6","3,366","±686","19.8%","±4.0","633","±140","3.7%","±0.8","1,106","±309","2.6%","±0.7","1,392","±349","3.5%","±0.9","170","±43","2.5%","±0.6","204","±88","2.4%","±1.0","129","±61","1.6%","±0.7","302","±101","4.2%","±1.4","411","±114","1.8%","±0.5","426","±109","4.2%","±1.1","382","±139","2.4%","±0.9","412","±126","4.0%","±1.2","1,164","±304","5.1%","±1.3","864","±116","4.5%","±0.6","2,811","±439","4.4%","±0.7","264","±115","3.2%","±1.4","14,736","±1,614","3.7%","±0.4","702","±141","3.7%","±0.8","355","±96","1.6%","±0.4","4,653","±730","3.7%","±0.6","533","±106","5.4%","±1.1","641","±268","8.2%","±3.4","8,624","±840","6.7%","±0.7","455","±155","2.9%","±1.0","894","±334","5.1%","±1.9","794","±244","6.4%","±2.0","1,001","±344","2.6%","±0.9","457","±145","2.9%","±0.9","24,814","±2,344","9.9%","±0.9","3,476","±511","4.5%","±0.7","149","±63","2.4%","±1.0","390","±102","1.9%","±0.5"
"                Two races including Some Other Race","87","±71","0.5%","±0.4","82","±92","0.4%","±0.5","947","±317","2.2%","±0.8","27,632","±3,353","9.4%","±1.1","94","±52","0.2%","±0.1","14","±22","0.1%","±0.2","15","±16","0.3%","±0.3","1,895","±663","6.6%","±2.3","3","±7","0.0%","±0.1","59","±40","0.3%","±0.2","91","±61","0.6%","±0.4","305","±187","1.2%","±0.7","0","±18","0.0%","±0.5","42","±43","0.2%","±0.2","80","±105","0.4%","±0.5","1,410","±650","1.3%","±0.6","1,648","±535","2.7%","±0.9","125","±86","0.3%","±0.2","28","±25","0.2%","±0.1","20","±36","0.3%","±0.6","22","±34","0.2%","±0.3","172","±116","1.0%","±0.7","537","±207","0.4%","±0.2","979","±535","5.7%","±3.1","151","±105","1.2%","±0.9","615","±295","0.6%","±0.3","32","±33","0.2%","±0.2","805","±480","1.7%","±1.0","45","±29","0.2%","±0.1","223","±125","0.7%","±0.4","68","±66","0.5%","±0.5","1,005","±529","2.6%","±1.4","793","±309","5.7%","±2.2","90","±43","0.5%","±0.3","221","±208","0.3%","±0.3","162","±108","0.6%","±0.4","91","±62","1.5%","±1.0","265","±279","1.6%","±1.7","200","±109","2.3%","±1.3","104","±110","0.8%","±0.8","65","±58","0.5%","±0.5","429","±358","2.0%","±1.7","823","±381","1.1%","±0.5","2,700","±661","15.9%","±3.9","151","±126","0.9%","±0.7","309","±195","0.7%","±0.5","315","±149","0.8%","±0.4","11","±21","0.2%","±0.3","6","±15","0.1%","±0.2","2","±4","0.0%","±0.1","68","±76","0.9%","±1.1","54","±47","0.2%","±0.2","119","±89","1.2%","±0.9","77","±75","0.5%","±0.5","121","±89","1.2%","±0.9","161","±133","0.7%","±0.6","39","±29","0.2%","±0.1","534","±355","0.8%","±0.6","99","±79","1.2%","±1.0","2,852","±833","0.7%","±0.2","227","±125","1.2%","±0.7","87","±67","0.4%","±0.3","1,038","±461","0.8%","±0.4","27","±25","0.3%","±0.3","389","±251","4.9%","±3.2","1,137","±471","0.9%","±0.4","148","±125","0.9%","±0.8","307","±315","1.7%","±1.8","469","±237","3.8%","±1.9","262","±238","0.7%","±0.6","119","±121","0.7%","±0.8","14,940","±2,059","5.9%","±0.8","1,209","±448","1.6%","±0.6","14","±16","0.2%","±0.3","16","±26","0.1%","±0.1"
"                Two races excluding Some Other Race, and three or more races","338","±136","2.0%","±0.8","158","±114","0.8%","±0.6","816","±132","1.9%","±0.3","10,306","±810","3.5%","±0.3","1,086","±135","2.9%","±0.4","310","±156","3.0%","±1.5","144","±87","3.1%","±1.8","923","±212","3.2%","±0.7","155","±78","1.6%","±0.8","492","±154","2.3%","±0.7","614","±98","4.3%","±0.7","546","±72","2.2%","±0.3","195","±156","2.6%","±2.1","518","±206","2.3%","±0.9","573","±165","2.7%","±0.8","3,000","±583","2.7%","±0.5","2,849","±442","4.7%","±0.7","2,857","±577","6.0%","±1.2","1,178","±278","7.1%","±1.7","135","±89","2.1%","±1.4","127","±107","1.2%","±1.0","446","±145","2.6%","±0.8","3,876","±583","3.1%","±0.5","577","±104","3.4%","±0.6","498","±27","4.1%","±0.2","3,324","±474","3.3%","±0.5","355","±85","2.0%","±0.5","778","±187","1.7%","±0.4","441","±176","2.2%","±0.9","802","±109","2.4%","±0.3","344","±117","2.7%","±0.9","831","±246","2.2%","±0.6","177","±72","1.3%","±0.5","875","±243","5.2%","±1.4","1,536","±461","2.3%","±0.7","847","±125","3.3%","±0.5","177","±82","2.8%","±1.3","435","±82","2.7%","±0.5","137","±100","1.6%","±1.2","416","±194","3.2%","±1.5","364","±128","3.0%","±1.1","617","±125","2.9%","±0.6","2,337","±331","3.1%","±0.4","666","±146","3.9%","±0.9","482","±64","2.8%","±0.4","797","±237","1.9%","±0.6","1,077","±313","2.7%","±0.8","159","±40","2.4%","±0.6","198","±85","2.3%","±1.0","127","±61","1.5%","±0.7","234","±70","3.3%","±1.0","357","±114","1.6%","±0.5","307","±86","3.0%","±0.9","305","±110","1.9%","±0.7","291","±70","2.9%","±0.7","1,003","±272","4.4%","±1.2","825","±117","4.3%","±0.6","2,277","±318","3.6%","±0.5","165","±85","2.0%","±1.0","11,884","±1,336","3.0%","±0.3","475","±77","2.5%","±0.4","268","±76","1.2%","±0.3","3,615","±650","2.9%","±0.5","506","±106","5.1%","±1.1","252","±51","3.2%","±0.6","7,487","±686","5.8%","±0.5","307","±101","1.9%","±0.6","587","±88","3.3%","±0.5","325","±47","2.6%","±0.4","739","±263","1.9%","±0.7","338","±84","2.1%","±0.5","9,874","±1,010","3.9%","±0.4","2,267","±282","2.9%","±0.4","135","±62","2.2%","±1.0","374","±97","1.9%","±0.5"
"Total housing units","8,697","±26","(X)","(X)","9,401","±20","(X)","(X)","22,836","±36","(X)","(X)","118,496","±86","(X)","(X)","17,395","±30","(X)","(X)","5,082","±17","(X)","(X)","2,468","±29","(X)","(X)","13,916","±31","(X)","(X)","5,114","±40","(X)","(X)","10,012","±54","(X)","(X)","7,499","±35","(X)","(X)","15,641","±34","(X)","(X)","3,598","±20","(X)","(X)","11,032","±54","(X)","(X)","9,681","±23","(X)","(X)","47,983","±53","(X)","(X)","25,509","±45","(X)","(X)","21,367","±35","(X)","(X)","7,581","±36","(X)","(X)","3,490","±24","(X)","(X)","5,812","±30","(X)","(X)","8,292","±20","(X)","(X)","52,862","±49","(X)","(X)","7,751","±22","(X)","(X)","6,218","±15","(X)","(X)","52,570","±50","(X)","(X)","7,907","±31","(X)","(X)","19,420","±62","(X)","(X)","9,638","±24","(X)","(X)","14,259","±74","(X)","(X)","6,162","±19","(X)","(X)","16,740","±27","(X)","(X)","6,749","±28","(X)","(X)","7,106","±53","(X)","(X)","30,710","±132","(X)","(X)","11,523","±47","(X)","(X)","3,940","±17","(X)","(X)","7,585","±38","(X)","(X)","3,707","±41","(X)","(X)","4,398","±114","(X)","(X)","6,071","±18","(X)","(X)","9,762","±28","(X)","(X)","30,566","±43","(X)","(X)","7,699","±21","(X)","(X)","9,623","±24","(X)","(X)","19,810","±35","(X)","(X)","19,126","±44","(X)","(X)","3,843","±16","(X)","(X)","5,469","±21","(X)","(X)","4,318","±21","(X)","(X)","4,107","±17","(X)","(X)","11,870","±22","(X)","(X)","4,952","±19","(X)","(X)","8,386","±32","(X)","(X)","5,319","±32","(X)","(X)","10,418","±40","(X)","(X)","9,647","±31","(X)","(X)","27,033","±97","(X)","(X)","4,093","±16","(X)","(X)","192,085","±143","(X)","(X)","8,620","±35","(X)","(X)","9,583","±103","(X)","(X)","52,468","±64","(X)","(X)","4,873","±15","(X)","(X)","4,721","±22","(X)","(X)","57,197","±63","(X)","(X)","6,768","±20","(X)","(X)","9,515","±47","(X)","(X)","6,820","±16","(X)","(X)","18,663","±33","(X)","(X)","9,724","±25","(X)","(X)","103,174","±103","(X)","(X)","33,622","±69","(X)","(X)","3,272","±30","(X)","(X)","9,300","±38","(X)","(X)"
"CITIZEN, VOTING AGE POPULATION","","","","","","","","","","","","","","","","","","","","","","","","","","","","","","","","","","","","","","","","","","","","","","","","","","","","","","","","","","","","","","","","","","","","","","","","","","","","","","","","","","","","","","","","","","","","","","","","","","","","","","","","","","","","","","","","","","","","","","","","","","","","","","","","","","","","","","","","","","","","","","","","","","","","","","","","","","","","","","","","","","","","","","","","","","","","","","","","","","","","","","","","","","","","","","","","","","","","","","","","","","","","","","","","","","","","","","","","","","","","","","","","","","","","","","","","","","","","","","","","","","","","","","","","","","","","","","","","","","","","","","","","","","","","","","","","","","","","","","","","","","","","","","","","","","","","","","","","","","","",""
"    Citizen, 18 and over population","12,738","±82","12,738","(X)","14,202","±100","14,202","(X)","34,413","±167","34,413","(X)","197,636","±1,269","197,636","(X)","28,964","±191","28,964","(X)","7,297","±213","7,297","(X)","3,814","±40","3,814","(X)","20,471","±299","20,471","(X)","7,660","±108","7,660","(X)","16,895","±107","16,895","(X)","11,232","±47","11,232","(X)","20,168","±108","20,168","(X)","5,906","±95","5,906","(X)","17,388","±148","17,388","(X)","15,834","±100","15,834","(X)","81,188","±498","81,188","(X)","45,101","±248","45,101","(X)","34,181","±110","34,181","(X)","12,469","±184","12,469","(X)","5,039","±20","5,039","(X)","8,038","±172","8,038","(X)","13,099","±84","13,099","(X)","94,698","±531","94,698","(X)","13,247","±73","13,247","(X)","9,705","±85","9,705","(X)","77,991","±432","77,991","(X)","14,059","±144","14,059","(X)","34,740","±99","34,740","(X)","13,634","±227","13,634","(X)","26,573","±234","26,573","(X)","8,756","±181","8,756","(X)","28,023","±250","28,023","(X)","11,349","±76","11,349","(X)","13,388","±125","13,388","(X)","50,908","±136","50,908","(X)","18,055","±260","18,055","(X)","5,056","±19","5,056","(X)","12,504","±87","12,504","(X)","6,839","±29","6,839","(X)","10,689","±80","10,689","(X)","9,263","±36","9,263","(X)","16,572","±156","16,572","(X)","55,141","±234","55,141","(X)","12,696","±167","12,696","(X)","13,732","±77","13,732","(X)","32,262","±139","32,262","(X)","28,820","±149","28,820","(X)","5,080","±59","5,080","(X)","6,859","±104","6,859","(X)","6,376","±62","6,376","(X)","5,801","±13","5,801","(X)","17,312","±38","17,312","(X)","7,831","±94","7,831","(X)","11,477","±128","11,477","(X)","7,578","±69","7,578","(X)","17,089","±66","17,089","(X)","14,521","±127","14,521","(X)","47,345","±307","47,345","(X)","6,499","±38","6,499","(X)","291,979","±1,124","291,979","(X)","13,865","±87","13,865","(X)","17,540","±116","17,540","(X)","93,967","±402","93,967","(X)","7,463","±90","7,463","(X)","6,220","±32","6,220","(X)","91,861","±822","91,861","(X)","9,267","±270","9,267","(X)","13,857","±79","13,857","(X)","9,941","±41","9,941","(X)","28,570","±278","28,570","(X)","12,715","±123","12,715","(X)","173,269","±1,213","173,269","(X)","58,294","±213","58,294","(X)","4,807","±21","4,807","(X)","14,273","±236","14,273","(X)"
"        Male","6,097","±86","47.9%","±0.5","6,667","±37","46.9%","±0.3","16,605","±136","48.3%","±0.3","97,415","±855","49.3%","±0.2","14,074","±124","48.6%","±0.3","3,443","±116","47.2%","±0.7","1,953","±23","51.2%","±0.4","10,155","±195","49.6%","±0.7","3,901","±95","50.9%","±0.8","7,997","±70","47.3%","±0.3","5,422","±52","48.3%","±0.3","10,000","±74","49.6%","±0.3","2,876","±106","48.7%","±1.1","8,194","±114","47.1%","±0.6","7,724","±91","48.8%","±0.4","38,788","±274","47.8%","±0.2","22,287","±152","49.4%","±0.3","15,630","±88","45.7%","±0.2","5,959","±91","47.8%","±0.2","2,418","±20","48.0%","±0.2","3,704","±97","46.1%","±0.5","6,301","±66","48.1%","±0.5","45,322","±324","47.9%","±0.2","6,512","±72","49.2%","±0.6","4,723","±110","48.7%","±0.9","37,134","±295","47.6%","±0.2","6,995","±131","49.8%","±0.6","16,996","±111","48.9%","±0.3","6,593","±141","48.4%","±0.6","14,013","±229","52.7%","±0.7","4,123","±112","47.1%","±0.8","13,764","±235","49.1%","±0.7","6,052","±92","53.3%","±0.6","6,718","±80","50.2%","±0.6","25,114","±128","49.3%","±0.2","8,942","±162","49.5%","±0.6","2,452","±20","48.5%","±0.3","6,071","±79","48.6%","±0.5","3,959","±22","57.9%","±0.2","7,063","±63","66.1%","±0.4","4,397","±44","47.5%","±0.5","8,130","±107","49.1%","±0.6","26,850","±197","48.7%","±0.2","6,411","±103","50.5%","±0.6","6,842","±66","49.8%","±0.4","15,918","±113","49.3%","±0.3","13,947","±126","48.4%","±0.2","2,362","±38","46.5%","±0.4","3,408","±78","49.7%","±0.9","3,068","±79","48.1%","±1.3","2,935","±28","50.6%","±0.4","8,281","±76","47.8%","±0.4","3,995","±91","51.0%","±0.9","5,127","±86","44.7%","±0.5","3,786","±66","50.0%","±0.7","8,210","±48","48.0%","±0.2","7,058","±104","48.6%","±0.5","23,368","±267","49.4%","±0.4","3,204","±71","49.3%","±0.9","135,939","±794","46.6%","±0.2","6,743","±106","48.6%","±0.7","9,710","±91","55.4%","±0.4","45,396","±295","48.3%","±0.3","3,770","±60","50.5%","±0.9","3,149","±47","50.6%","±0.7","44,604","±512","48.6%","±0.3","4,561","±178","49.2%","±1.5","6,743","±63","48.7%","±0.4","4,905","±39","49.3%","±0.4","13,661","±156","47.8%","±0.2","6,228","±102","49.0%","±0.6","85,532","±764","49.4%","±0.2","27,823","±136","47.7%","±0.2","2,307","±22","48.0%","±0.3","7,137","±142","50.0%","±0.7"
"        Female","6,641","±71","52.1%","±0.5","7,535","±83","53.1%","±0.3","17,808","±152","51.7%","±0.3","100,221","±646","50.7%","±0.2","14,890","±143","51.4%","±0.3","3,854","±119","52.8%","±0.7","1,861","±28","48.8%","±0.4","10,316","±225","50.4%","±0.7","3,759","±65","49.1%","±0.8","8,898","±72","52.7%","±0.3","5,810","±25","51.7%","±0.3","10,168","±84","50.4%","±0.3","3,030","±44","51.3%","±1.1","9,194","±132","52.9%","±0.6","8,110","±60","51.2%","±0.4","42,400","±340","52.2%","±0.2","22,814","±198","50.6%","±0.3","18,551","±83","54.3%","±0.2","6,510","±99","52.2%","±0.2","2,621","±5","52.0%","±0.2","4,334","±90","53.9%","±0.5","6,798","±89","51.9%","±0.5","49,376","±312","52.1%","±0.2","6,735","±91","50.8%","±0.6","4,982","±83","51.3%","±0.9","40,857","±200","52.4%","±0.2","7,064","±81","50.2%","±0.6","17,744","±125","51.1%","±0.3","7,041","±143","51.6%","±0.6","12,560","±196","47.3%","±0.7","4,633","±116","52.9%","±0.8","14,259","±207","50.9%","±0.7","5,297","±55","46.7%","±0.6","6,670","±125","49.8%","±0.6","25,794","±108","50.7%","±0.2","9,113","±186","50.5%","±0.6","2,604","±14","51.5%","±0.3","6,433","±75","51.4%","±0.5","2,880","±22","42.1%","±0.2","3,626","±50","33.9%","±0.4","4,866","±59","52.5%","±0.5","8,442","±146","50.9%","±0.6","28,291","±144","51.3%","±0.2","6,285","±123","49.5%","±0.6","6,890","±68","50.2%","±0.4","16,344","±102","50.7%","±0.3","14,873","±63","51.6%","±0.2","2,718","±36","53.5%","±0.4","3,451","±80","50.3%","±0.9","3,308","±98","51.9%","±1.3","2,866","±24","49.4%","±0.4","9,031","±76","52.2%","±0.4","3,836","±73","49.0%","±0.9","6,350","±78","55.3%","±0.5","3,792","±64","50.0%","±0.7","8,879","±57","52.0%","±0.2","7,463","±77","51.4%","±0.5","23,977","±223","50.6%","±0.4","3,295","±53","50.7%","±0.9","156,040","±609","53.4%","±0.2","7,122","±103","51.4%","±0.7","7,830","±103","44.6%","±0.4","48,571","±368","51.7%","±0.3","3,693","±97","49.5%","±0.9","3,071","±48","49.4%","±0.7","47,257","±468","51.4%","±0.3","4,706","±211","50.8%","±1.5","7,114","±68","51.3%","±0.4","5,036","±47","50.7%","±0.4","14,909","±150","52.2%","±0.2","6,487","±94","51.0%","±0.6","87,737","±646","50.6%","±0.2","30,471","±161","52.3%","±0.2","2,500","±4","52.0%","±0.3","7,136","±166","50.0%","±0.7"